$MeshFormat
4.1 0 8
$EndMeshFormat
$PhysicalNames
5
1 1 "Qin"
1 2 "West"
1 3 "Qout"
1 4 "East"
2 5 "domain"
$EndPhysicalNames
$Entities
23 4 1 0
1 227436.6947172503 2564540.724730113 0 0 
2 227109.530170851 2564583.479187881 0 0 
3 226300.913252187 2562020.07061132 0 0 
4 226836.2734190259 2561923.408358977 0 0 
5 227061.1990446779 2564380.860235852 0 0 
6 226919.9234450945 2564187.535731168 0 0 
7 226804.6722980662 2563962.610105524 0 0 
8 226661.5378090153 2563746.978927219 0 0 
9 226542.5688830535 2563605.70332764 0 0 
10 226512.8266515614 2563399.366596677 0 0 
11 226431.0355149612 2563198.606534119 0 0 
12 226590.9000092253 2562949.515345389 0 0 
13 226706.1511562521 2562741.319724956 0 0 
14 226732.1756088072 2562406.719620692 0 0 
15 226401.2932834711 2562209.67733707 0 0 
16 227159.720186491 2562139.03953728 0 0 
17 227293.560228201 2562336.081820903 0 0 
18 227163.4379654264 2562659.528588359 0 0 
19 227092.8001656359 2563246.937660289 0 0 
20 227167.1557443626 2563507.18218583 0 0 
21 227468.2958382096 2563826.911174348 0 0 
22 227542.6514169385 2564102.026815635 0 0 
23 227457.1425014013 2564406.884688406 0 0 
1 227109.530170851 2564540.724730113 0 227436.6947172503 2564583.479187881 0 1 1 2 1 -2 
2 226300.913252187 2562020.07061132 0 227109.530170851 2564583.479187881 0 1 2 2 2 -3 
3 226300.913252187 2561923.408358977 0 226836.2734190259 2562020.07061132 0 1 3 2 3 -4 
4 226836.2734190259 2561923.408358977 0 227542.6514169385 2564540.724730113 0 1 4 2 4 -1 
1 226300.913252187 2561923.408358977 0 227542.6514169385 2564583.479187881 0 1 5 4 1 2 3 4 
$EndEntities
$Nodes
9 4756 1 4756
0 1 0 1
1
227436.6947172503 2564540.724730113 0
0 2 0 1
2
227109.530170851 2564583.479187881 0
0 3 0 1
3
226300.913252187 2562020.07061132 0
0 4 0 1
4
226836.2734190259 2561923.408358977 0
1 1 0 16
5
6
7
8
9
10
11
12
13
14
15
16
17
18
19
20
227417.4497439229 2564543.239698218 0
227398.204770597 2564545.754666323 0
227378.9597972872 2564548.269634426 0
227359.7148239783 2564550.784602529 0
227340.4698506605 2564553.299570633 0
227321.2248773483 2564555.814538736 0
227301.9799040418 2564558.329506839 0
227282.734930724 2564560.844474943 0
227263.4899573773 2564563.359443051 0
227244.2449840595 2564565.874411155 0
227225.000010753 2564568.389379257 0
227205.7550374408 2564570.904347361 0
227186.5100641231 2564573.419315464 0
227167.2650908142 2564575.934283568 0
227148.0201175043 2564578.44925167 0
227128.7751441784 2564580.964219776 0
1 2 0 151
21
22
23
24
25
26
27
28
29
30
31
32
33
34
35
36
37
38
39
40
41
42
43
44
45
46
47
48
49
50
51
52
53
54
55
56
57
58
59
60
61
62
63
64
65
66
67
68
69
70
71
72
73
74
75
76
77
78
79
80
81
82
83
84
85
86
87
88
89
90
91
92
93
94
95
96
97
98
99
100
101
102
103
104
105
106
107
108
109
110
111
112
113
114
115
116
117
118
119
120
121
122
123
124
125
126
127
128
129
130
131
132
133
134
135
136
137
138
139
140
141
142
143
144
145
146
147
148
149
150
151
152
153
154
155
156
157
158
159
160
161
162
163
164
165
166
167
168
169
170
171
227104.8921205758 2564564.035054035 0
227100.2540703211 2564544.590920275 0
227095.6160200664 2564525.146786516 0
227090.97796981 2564505.702652749 0
227086.3399195346 2564486.258518903 0
227081.7018692618 2564466.814385067 0
227077.0638190071 2564447.370251307 0
227072.4257687524 2564427.926117548 0
227067.7877184933 2564408.48198377 0
227063.1496682176 2564389.037849922 0
227054.3647572629 2564371.508053074 0
227042.5705359394 2564355.368592316 0
227030.7763146159 2564339.229131558 0
227018.9820932925 2564323.089670801 0
227007.187871969 2564306.950210043 0
226995.393650673 2564290.810749323 0
226983.5994293881 2564274.671288618 0
226971.8052080852 2564258.531827888 0
226960.0109867617 2564242.392367131 0
226948.2167654382 2564226.252906373 0
226936.4225441147 2564210.113445615 0
226924.6283227912 2564193.973984858 0
226914.4440864758 2564176.842144187 0
226905.3284496738 2564159.051949783 0
226896.2128128906 2564141.261755417 0
226887.0971761187 2564123.471561072 0
226877.9815393471 2564105.681366728 0
226868.865902574 2564087.891172382 0
226859.750265772 2564070.100977978 0
226850.6346289691 2564052.310783573 0
226841.5189921878 2564034.52058921 0
226832.4033554164 2564016.730394867 0
226823.2877186455 2563998.940200524 0
226814.1720818739 2563981.15000618 0
226805.0564450826 2563963.359811798 0
226794.0830346538 2563946.657448955 0
226783.0279296578 2563930.003005065 0
226771.9728246794 2563913.348561202 0
226760.9177197165 2563896.694117363 0
226749.8626147538 2563880.039673523 0
226738.8075097923 2563863.385229685 0
226727.7524048296 2563846.730785846 0
226716.6972998667 2563830.076342006 0
226705.6421949045 2563813.421898168 0
226694.587089943 2563796.76745433 0
226683.5319849816 2563780.113010492 0
226672.4768800201 2563763.458566654 0
226661.4026359971 2563746.81840926 0
226648.5265919814 2563731.528106992 0
226635.6505479534 2563716.237804709 0
226622.7745039258 2563700.947502426 0
226609.8984598974 2563685.657200142 0
226597.0224158671 2563670.366897856 0
226584.1463718382 2563655.076595572 0
226571.2703278106 2563639.786293289 0
226558.394283783 2563624.495991006 0
226545.5182397559 2563609.205688725 0
226540.3700315754 2563590.448795512 0
226537.5181170703 2563570.663638634 0
226534.666202563 2563550.878481741 0
226531.8142880446 2563531.093324771 0
226528.962373529 2563511.30816782 0
226526.1104590269 2563491.523010963 0
226523.2585445315 2563471.737854153 0
226520.4066300227 2563451.952697249 0
226517.5547155084 2563432.167540308 0
226514.7028010033 2563412.382383429 0
226510.2460922629 2563393.032496581 0
226502.7040619772 2563374.520240426 0
226495.1620316728 2563356.007984225 0
226487.6200013843 2563337.495728062 0
226480.0779710957 2563318.9834719 0
226472.5359408072 2563300.471215738 0
226464.9939105111 2563281.958959558 0
226457.4518801915 2563263.446703319 0
226449.9098498726 2563244.934447082 0
226442.3678195534 2563226.422190845 0
226434.8257892391 2563207.909934619 0
226436.4087533361 2563190.234278977 0
226447.2056113168 2563173.411267705 0
226458.0024692982 2563156.588256432 0
226468.7993272794 2563139.76524516 0
226479.5961852596 2563122.942233889 0
226490.3930432399 2563106.119222618 0
226501.1899012063 2563089.296211368 0
226511.986759158 2563072.473200141 0
226522.7836171096 2563055.650188915 0
226533.5804750815 2563038.827177657 0
226544.3773330617 2563022.004166386 0
226555.174191042 2563005.181155114 0
226565.9710490234 2562988.358143842 0
226576.7679070048 2562971.535132569 0
226587.5647649851 2562954.712121298 0
226597.5906675869 2562937.4289948 0
226607.271969443 2562919.940191447 0
226616.9532712982 2562902.451388096 0
226626.6345731531 2562884.962584746 0
226636.3158750295 2562867.473781356 0
226645.9971769368 2562849.984977911 0
226655.678478862 2562832.496174433 0
226665.3597807785 2562815.007370972 0
226675.0410826645 2562797.518567565 0
226684.7223845213 2562780.029764211 0
226694.403686412 2562762.540960796 0
226704.0849882859 2562745.05215741 0
226707.3704844713 2562725.642647852 0
226708.9205531149 2562705.713193864 0
226710.4706217568 2562685.783739898 0
226712.0206903986 2562665.854285933 0
226713.5707590408 2562645.924831963 0
226715.1208276871 2562625.99537794 0
226716.6708963356 2562606.065923889 0
226718.2209649864 2562586.136469808 0
226719.7710336331 2562566.20701578 0
226721.3211022778 2562546.277561777 0
226722.8711709197 2562526.348107811 0
226724.4212395616 2562506.418653845 0
226725.9713082043 2562486.489199868 0
226727.5213768506 2562466.559745845 0
226729.0714454997 2562446.630291787 0
226730.6215141503 2562426.700837708 0
226732.1715827939 2562406.771383721 0
226715.0379841824 2562396.51406895 0
226697.8630454491 2562386.286296446 0
226680.6881067177 2562376.058523943 0
226663.5131679954 2562365.830751446 0
226646.3382292731 2562355.602978949 0
226629.1632905508 2562345.375206451 0
226611.9883518285 2562335.147433954 0
226594.8134131062 2562324.919661457 0
226577.6384743839 2562314.691888959 0
226560.4635356616 2562304.464116462 0
226543.2885969393 2562294.236343964 0
226526.113658217 2562284.008571467 0
226508.9387194946 2562273.78079897 0
226491.7637807723 2562263.553026473 0
226474.58884205 2562253.325253976 0
226457.4139033277 2562243.097481478 0
226440.2389646023 2562232.869708979 0
226423.0640258631 2562222.641936472 0
226405.8890871384 2562212.414163973 0
226394.4423397972 2562196.736665687 0
226385.0894310476 2562179.070060272 0
226375.736522298 2562161.403454856 0
226366.3836135484 2562143.736849441 0
226357.0307047987 2562126.070244026 0
226347.677796048 2562108.403638609 0
226338.324887261 2562090.737033124 0
226328.971978474 2562073.070427638 0
226319.6190696874 2562055.403822153 0
226310.2661609378 2562037.737216738 0
1 3 0 27
172
173
174
175
176
177
178
179
180
181
182
183
184
185
186
187
188
189
190
191
192
193
194
195
196
197
198
226320.0332581386 2562016.618388024 0
226339.1532640894 2562013.166164727 0
226358.2732700419 2562009.71394143 0
226377.3932760145 2562006.26171813 0
226396.513281992 2562002.809494828 0
226415.6332879451 2561999.357271531 0
226434.7532938967 2561995.905048235 0
226453.8732998483 2561992.452824938 0
226472.9933058014 2561989.000601641 0
226492.1133117789 2561985.54837834 0
226511.2333177516 2561982.096155039 0
226530.353323704 2561978.643931742 0
226549.4733296548 2561975.191708446 0
226568.5933356064 2561971.739485149 0
226587.7133415581 2561968.287261852 0
226606.8333475089 2561964.835038555 0
226625.9533534613 2561961.382815259 0
226645.073359434 2561957.930591958 0
226664.1933654115 2561954.478368657 0
226683.3133713646 2561951.02614536 0
226702.4333773162 2561947.573922063 0
226721.5533832678 2561944.121698766 0
226740.6733892209 2561940.669475469 0
226759.7933951984 2561937.217252168 0
226778.913401171 2561933.765028867 0
226798.0334071235 2561930.312805571 0
226817.1534130743 2561926.860582274 0
1 4 0 150
199
200
201
202
203
204
205
206
207
208
209
210
211
212
213
214
215
216
217
218
219
220
221
222
223
224
225
226
227
228
229
230
231
232
233
234
235
236
237
238
239
240
241
242
243
244
245
246
247
248
249
250
251
252
253
254
255
256
257
258
259
260
261
262
263
264
265
266
267
268
269
270
271
272
273
274
275
276
277
278
279
280
281
282
283
284
285
286
287
288
289
290
291
292
293
294
295
296
297
298
299
300
301
302
303
304
305
306
307
308
309
310
311
312
313
314
315
316
317
318
319
320
321
322
323
324
325
326
327
328
329
330
331
332
333
334
335
336
337
338
339
340
341
342
343
344
345
346
347
348
226852.8818194306 2561934.480625913 0
226869.490219837 2561945.552892851 0
226886.0986202453 2561956.625159789 0
226902.7070206557 2561967.697426729 0
226919.3154210934 2561978.769693687 0
226935.9238215345 2561989.841960648 0
226952.5322219755 2562000.914227608 0
226969.1406224166 2562011.986494568 0
226985.7490228576 2562023.058761528 0
227002.3574232987 2562034.131028489 0
227018.9658237397 2562045.203295449 0
227035.5742241808 2562056.275562409 0
227052.1826246218 2562067.34782937 0
227068.7910250535 2562078.420096324 0
227085.3994254639 2562089.492363264 0
227102.0078258743 2562100.564630204 0
227118.6162262846 2562111.636897143 0
227135.224626695 2562122.709164083 0
227151.8330271054 2562133.781431023 0
227165.6099533605 2562147.710582949 0
227176.8255956497 2562164.222500763 0
227188.041237939 2562180.734418578 0
227199.2568802103 2562197.246336366 0
227210.4725224492 2562213.758254105 0
227221.6881647221 2562230.270171896 0
227232.9038070114 2562246.78208971 0
227244.1194492583 2562263.294007462 0
227255.3350915482 2562279.805925277 0
227266.5507338154 2562296.317843059 0
227277.766376055 2562312.8297608 0
227288.9820183343 2562329.3416786 0
227289.1498484085 2562347.044764959 0
227281.6999038123 2562365.563198668 0
227274.2499592342 2562384.081632333 0
227266.8000146562 2562402.600065998 0
227259.3500700781 2562421.118499663 0
227251.9001255 2562439.636933328 0
227244.4501809219 2562458.155366992 0
227237.0002363438 2562476.673800657 0
227229.5502917657 2562495.192234322 0
227222.1003471876 2562513.710667987 0
227214.6504026095 2562532.229101651 0
227207.2004580314 2562550.747535316 0
227199.7505134534 2562569.265968981 0
227192.3005688753 2562587.784402646 0
227184.8506242869 2562606.302836336 0
227177.4006796831 2562624.821270065 0
227169.9507350787 2562643.339703795 0
227163.1381169582 2562662.022065094 0
227160.7549355473 2562681.840099984 0
227158.3717541372 2562701.658134868 0
227155.9885727301 2562721.476169726 0
227153.6053913231 2562741.294204584 0
227151.2222099161 2562761.112239443 0
227148.839028509 2562780.930274301 0
227146.455847101 2562800.748309167 0
227144.0726656887 2562820.566344069 0
227141.6894842765 2562840.384378971 0
227139.3063028642 2562860.202413872 0
227136.923121452 2562880.020448773 0
227134.539940045 2562899.838483631 0
227132.156758638 2562919.656518489 0
227129.773577231 2562939.474553347 0
227127.3903958239 2562959.292588205 0
227125.0072144125 2562979.1106231 0
227122.6240330003 2562998.928658001 0
227120.240851588 2563018.746692903 0
227117.8576701757 2563038.564727805 0
227115.474488767 2563058.382762677 0
227113.0913073599 2563078.200797535 0
227110.7081259528 2563098.018832394 0
227108.3249445458 2563117.836867252 0
227105.9417631388 2563137.65490211 0
227103.5585817317 2563157.472936968 0
227101.1754003247 2563177.290971826 0
227098.7922189176 2563197.109006685 0
227096.4090375106 2563216.927041543 0
227094.0258560995 2563236.745076435 0
227095.4638105195 2563256.260417382 0
227100.9474675913 2563275.453217133 0
227106.4311246868 2563294.646016967 0
227111.9147817954 2563313.838816847 0
227117.39843889 2563333.031616678 0
227122.8820959738 2563352.224416471 0
227128.3657530739 2563371.417216321 0
227133.8494101825 2563390.610016201 0
227139.3330672724 2563409.802816015 0
227144.8167243563 2563428.995615808 0
227150.300381461 2563448.188415675 0
227155.7840385696 2563467.381215555 0
227161.2676956549 2563486.574015353 0
227166.7513527276 2563505.766815107 0
227179.833022338 2563520.642011828 0
227193.5187284072 2563535.172514568 0
227207.2044344623 2563549.703017292 0
227220.8901405192 2563564.233520019 0
227234.5758465902 2563578.76402276 0
227248.2615526781 2563593.29452552 0
227261.9472587644 2563607.825028277 0
227275.63296485 2563622.355531035 0
227289.3186709345 2563636.886033791 0
227303.004376995 2563651.416536521 0
227316.6900830506 2563665.947039246 0
227330.3757891074 2563680.477541973 0
227344.0614951655 2563695.008044701 0
227357.7472012241 2563709.538547429 0
227371.4329072827 2563724.069050157 0
227385.1186133402 2563738.599552885 0
227398.8043193968 2563753.130055611 0
227412.490025452 2563767.660558336 0
227426.1757315071 2563782.19106106 0
227439.8614375622 2563796.721563785 0
227453.5471436239 2563811.252066517 0
227467.2328496975 2563825.782569261 0
227473.0996049287 2563844.685111208 0
227478.3075612181 2563863.954549478 0
227483.5155175188 2563883.22398779 0
227488.7234738024 2563902.493426038 0
227493.9314300862 2563921.762864288 0
227499.13938637 2563941.032302537 0
227504.3473426587 2563960.301740805 0
227509.5552989651 2563979.571179138 0
227514.7632552718 2563998.840617472 0
227519.9712115734 2564018.110055787 0
227525.1791678568 2564037.379494035 0
227530.3871241452 2564056.648932301 0
227535.5950804472 2564075.918370618 0
227540.8030367311 2564095.187808868 0
227539.1735338084 2564114.426225055 0
227533.7828082129 2564133.645333698 0
227528.3920825969 2564152.864442416 0
227523.0013569806 2564172.083551134 0
227517.6106313642 2564191.302659852 0
227512.2199057481 2564210.521768569 0
227506.8291801322 2564229.740877287 0
227501.4384545259 2564248.959985969 0
227496.0477289384 2564268.179094585 0
227490.6570033648 2564287.39820315 0
227485.2662777912 2564306.617311716 0
227479.8755522177 2564325.836420282 0
227474.484826623 2564345.055528923 0
227469.0941010095 2564364.274637631 0
227463.7033754095 2564383.493746291 0
227458.3126498087 2564402.712854954 0
227454.7822558133 2564422.333568618 0
227451.7676660436 2564442.065428927 0
227448.7530762741 2564461.797289235 0
227445.7384865046 2564481.529149543 0
227442.7238967349 2564501.261009853 0
227439.7093069915 2564520.99286999 0
2 1 0 4408
349
350
351
352
353
354
355
356
357
358
359
360
361
362
363
364
365
366
367
368
369
370
371
372
373
374
375
376
377
378
379
380
381
382
383
384
385
386
387
388
389
390
391
392
393
394
395
396
397
398
399
400
401
402
403
404
405
406
407
408
409
410
411
412
413
414
415
416
417
418
419
420
421
422
423
424
425
426
427
428
429
430
431
432
433
434
435
436
437
438
439
440
441
442
443
444
445
446
447
448
449
450
451
452
453
454
455
456
457
458
459
460
461
462
463
464
465
466
467
468
469
470
471
472
473
474
475
476
477
478
479
480
481
482
483
484
485
486
487
488
489
490
491
492
493
494
495
496
497
498
499
500
501
502
503
504
505
506
507
508
509
510
511
512
513
514
515
516
517
518
519
520
521
522
523
524
525
526
527
528
529
530
531
532
533
534
535
536
537
538
539
540
541
542
543
544
545
546
547
548
549
550
551
552
553
554
555
556
557
558
559
560
561
562
563
564
565
566
567
568
569
570
571
572
573
574
575
576
577
578
579
580
581
582
583
584
585
586
587
588
589
590
591
592
593
594
595
596
597
598
599
600
601
602
603
604
605
606
607
608
609
610
611
612
613
614
615
616
617
618
619
620
621
622
623
624
625
626
627
628
629
630
631
632
633
634
635
636
637
638
639
640
641
642
643
644
645
646
647
648
649
650
651
652
653
654
655
656
657
658
659
660
661
662
663
664
665
666
667
668
669
670
671
672
673
674
675
676
677
678
679
680
681
682
683
684
685
686
687
688
689
690
691
692
693
694
695
696
697
698
699
700
701
702
703
704
705
706
707
708
709
710
711
712
713
714
715
716
717
718
719
720
721
722
723
724
725
726
727
728
729
730
731
732
733
734
735
736
737
738
739
740
741
742
743
744
745
746
747
748
749
750
751
752
753
754
755
756
757
758
759
760
761
762
763
764
765
766
767
768
769
770
771
772
773
774
775
776
777
778
779
780
781
782
783
784
785
786
787
788
789
790
791
792
793
794
795
796
797
798
799
800
801
802
803
804
805
806
807
808
809
810
811
812
813
814
815
816
817
818
819
820
821
822
823
824
825
826
827
828
829
830
831
832
833
834
835
836
837
838
839
840
841
842
843
844
845
846
847
848
849
850
851
852
853
854
855
856
857
858
859
860
861
862
863
864
865
866
867
868
869
870
871
872
873
874
875
876
877
878
879
880
881
882
883
884
885
886
887
888
889
890
891
892
893
894
895
896
897
898
899
900
901
902
903
904
905
906
907
908
909
910
911
912
913
914
915
916
917
918
919
920
921
922
923
924
925
926
927
928
929
930
931
932
933
934
935
936
937
938
939
940
941
942
943
944
945
946
947
948
949
950
951
952
953
954
955
956
957
958
959
960
961
962
963
964
965
966
967
968
969
970
971
972
973
974
975
976
977
978
979
980
981
982
983
984
985
986
987
988
989
990
991
992
993
994
995
996
997
998
999
1000
1001
1002
1003
1004
1005
1006
1007
1008
1009
1010
1011
1012
1013
1014
1015
1016
1017
1018
1019
1020
1021
1022
1023
1024
1025
1026
1027
1028
1029
1030
1031
1032
1033
1034
1035
1036
1037
1038
1039
1040
1041
1042
1043
1044
1045
1046
1047
1048
1049
1050
1051
1052
1053
1054
1055
1056
1057
1058
1059
1060
1061
1062
1063
1064
1065
1066
1067
1068
1069
1070
1071
1072
1073
1074
1075
1076
1077
1078
1079
1080
1081
1082
1083
1084
1085
1086
1087
1088
1089
1090
1091
1092
1093
1094
1095
1096
1097
1098
1099
1100
1101
1102
1103
1104
1105
1106
1107
1108
1109
1110
1111
1112
1113
1114
1115
1116
1117
1118
1119
1120
1121
1122
1123
1124
1125
1126
1127
1128
1129
1130
1131
1132
1133
1134
1135
1136
1137
1138
1139
1140
1141
1142
1143
1144
1145
1146
1147
1148
1149
1150
1151
1152
1153
1154
1155
1156
1157
1158
1159
1160
1161
1162
1163
1164
1165
1166
1167
1168
1169
1170
1171
1172
1173
1174
1175
1176
1177
1178
1179
1180
1181
1182
1183
1184
1185
1186
1187
1188
1189
1190
1191
1192
1193
1194
1195
1196
1197
1198
1199
1200
1201
1202
1203
1204
1205
1206
1207
1208
1209
1210
1211
1212
1213
1214
1215
1216
1217
1218
1219
1220
1221
1222
1223
1224
1225
1226
1227
1228
1229
1230
1231
1232
1233
1234
1235
1236
1237
1238
1239
1240
1241
1242
1243
1244
1245
1246
1247
1248
1249
1250
1251
1252
1253
1254
1255
1256
1257
1258
1259
1260
1261
1262
1263
1264
1265
1266
1267
1268
1269
1270
1271
1272
1273
1274
1275
1276
1277
1278
1279
1280
1281
1282
1283
1284
1285
1286
1287
1288
1289
1290
1291
1292
1293
1294
1295
1296
1297
1298
1299
1300
1301
1302
1303
1304
1305
1306
1307
1308
1309
1310
1311
1312
1313
1314
1315
1316
1317
1318
1319
1320
1321
1322
1323
1324
1325
1326
1327
1328
1329
1330
1331
1332
1333
1334
1335
1336
1337
1338
1339
1340
1341
1342
1343
1344
1345
1346
1347
1348
1349
1350
1351
1352
1353
1354
1355
1356
1357
1358
1359
1360
1361
1362
1363
1364
1365
1366
1367
1368
1369
1370
1371
1372
1373
1374
1375
1376
1377
1378
1379
1380
1381
1382
1383
1384
1385
1386
1387
1388
1389
1390
1391
1392
1393
1394
1395
1396
1397
1398
1399
1400
1401
1402
1403
1404
1405
1406
1407
1408
1409
1410
1411
1412
1413
1414
1415
1416
1417
1418
1419
1420
1421
1422
1423
1424
1425
1426
1427
1428
1429
1430
1431
1432
1433
1434
1435
1436
1437
1438
1439
1440
1441
1442
1443
1444
1445
1446
1447
1448
1449
1450
1451
1452
1453
1454
1455
1456
1457
1458
1459
1460
1461
1462
1463
1464
1465
1466
1467
1468
1469
1470
1471
1472
1473
1474
1475
1476
1477
1478
1479
1480
1481
1482
1483
1484
1485
1486
1487
1488
1489
1490
1491
1492
1493
1494
1495
1496
1497
1498
1499
1500
1501
1502
1503
1504
1505
1506
1507
1508
1509
1510
1511
1512
1513
1514
1515
1516
1517
1518
1519
1520
1521
1522
1523
1524
1525
1526
1527
1528
1529
1530
1531
1532
1533
1534
1535
1536
1537
1538
1539
1540
1541
1542
1543
1544
1545
1546
1547
1548
1549
1550
1551
1552
1553
1554
1555
1556
1557
1558
1559
1560
1561
1562
1563
1564
1565
1566
1567
1568
1569
1570
1571
1572
1573
1574
1575
1576
1577
1578
1579
1580
1581
1582
1583
1584
1585
1586
1587
1588
1589
1590
1591
1592
1593
1594
1595
1596
1597
1598
1599
1600
1601
1602
1603
1604
1605
1606
1607
1608
1609
1610
1611
1612
1613
1614
1615
1616
1617
1618
1619
1620
1621
1622
1623
1624
1625
1626
1627
1628
1629
1630
1631
1632
1633
1634
1635
1636
1637
1638
1639
1640
1641
1642
1643
1644
1645
1646
1647
1648
1649
1650
1651
1652
1653
1654
1655
1656
1657
1658
1659
1660
1661
1662
1663
1664
1665
1666
1667
1668
1669
1670
1671
1672
1673
1674
1675
1676
1677
1678
1679
1680
1681
1682
1683
1684
1685
1686
1687
1688
1689
1690
1691
1692
1693
1694
1695
1696
1697
1698
1699
1700
1701
1702
1703
1704
1705
1706
1707
1708
1709
1710
1711
1712
1713
1714
1715
1716
1717
1718
1719
1720
1721
1722
1723
1724
1725
1726
1727
1728
1729
1730
1731
1732
1733
1734
1735
1736
1737
1738
1739
1740
1741
1742
1743
1744
1745
1746
1747
1748
1749
1750
1751
1752
1753
1754
1755
1756
1757
1758
1759
1760
1761
1762
1763
1764
1765
1766
1767
1768
1769
1770
1771
1772
1773
1774
1775
1776
1777
1778
1779
1780
1781
1782
1783
1784
1785
1786
1787
1788
1789
1790
1791
1792
1793
1794
1795
1796
1797
1798
1799
1800
1801
1802
1803
1804
1805
1806
1807
1808
1809
1810
1811
1812
1813
1814
1815
1816
1817
1818
1819
1820
1821
1822
1823
1824
1825
1826
1827
1828
1829
1830
1831
1832
1833
1834
1835
1836
1837
1838
1839
1840
1841
1842
1843
1844
1845
1846
1847
1848
1849
1850
1851
1852
1853
1854
1855
1856
1857
1858
1859
1860
1861
1862
1863
1864
1865
1866
1867
1868
1869
1870
1871
1872
1873
1874
1875
1876
1877
1878
1879
1880
1881
1882
1883
1884
1885
1886
1887
1888
1889
1890
1891
1892
1893
1894
1895
1896
1897
1898
1899
1900
1901
1902
1903
1904
1905
1906
1907
1908
1909
1910
1911
1912
1913
1914
1915
1916
1917
1918
1919
1920
1921
1922
1923
1924
1925
1926
1927
1928
1929
1930
1931
1932
1933
1934
1935
1936
1937
1938
1939
1940
1941
1942
1943
1944
1945
1946
1947
1948
1949
1950
1951
1952
1953
1954
1955
1956
1957
1958
1959
1960
1961
1962
1963
1964
1965
1966
1967
1968
1969
1970
1971
1972
1973
1974
1975
1976
1977
1978
1979
1980
1981
1982
1983
1984
1985
1986
1987
1988
1989
1990
1991
1992
1993
1994
1995
1996
1997
1998
1999
2000
2001
2002
2003
2004
2005
2006
2007
2008
2009
2010
2011
2012
2013
2014
2015
2016
2017
2018
2019
2020
2021
2022
2023
2024
2025
2026
2027
2028
2029
2030
2031
2032
2033
2034
2035
2036
2037
2038
2039
2040
2041
2042
2043
2044
2045
2046
2047
2048
2049
2050
2051
2052
2053
2054
2055
2056
2057
2058
2059
2060
2061
2062
2063
2064
2065
2066
2067
2068
2069
2070
2071
2072
2073
2074
2075
2076
2077
2078
2079
2080
2081
2082
2083
2084
2085
2086
2087
2088
2089
2090
2091
2092
2093
2094
2095
2096
2097
2098
2099
2100
2101
2102
2103
2104
2105
2106
2107
2108
2109
2110
2111
2112
2113
2114
2115
2116
2117
2118
2119
2120
2121
2122
2123
2124
2125
2126
2127
2128
2129
2130
2131
2132
2133
2134
2135
2136
2137
2138
2139
2140
2141
2142
2143
2144
2145
2146
2147
2148
2149
2150
2151
2152
2153
2154
2155
2156
2157
2158
2159
2160
2161
2162
2163
2164
2165
2166
2167
2168
2169
2170
2171
2172
2173
2174
2175
2176
2177
2178
2179
2180
2181
2182
2183
2184
2185
2186
2187
2188
2189
2190
2191
2192
2193
2194
2195
2196
2197
2198
2199
2200
2201
2202
2203
2204
2205
2206
2207
2208
2209
2210
2211
2212
2213
2214
2215
2216
2217
2218
2219
2220
2221
2222
2223
2224
2225
2226
2227
2228
2229
2230
2231
2232
2233
2234
2235
2236
2237
2238
2239
2240
2241
2242
2243
2244
2245
2246
2247
2248
2249
2250
2251
2252
2253
2254
2255
2256
2257
2258
2259
2260
2261
2262
2263
2264
2265
2266
2267
2268
2269
2270
2271
2272
2273
2274
2275
2276
2277
2278
2279
2280
2281
2282
2283
2284
2285
2286
2287
2288
2289
2290
2291
2292
2293
2294
2295
2296
2297
2298
2299
2300
2301
2302
2303
2304
2305
2306
2307
2308
2309
2310
2311
2312
2313
2314
2315
2316
2317
2318
2319
2320
2321
2322
2323
2324
2325
2326
2327
2328
2329
2330
2331
2332
2333
2334
2335
2336
2337
2338
2339
2340
2341
2342
2343
2344
2345
2346
2347
2348
2349
2350
2351
2352
2353
2354
2355
2356
2357
2358
2359
2360
2361
2362
2363
2364
2365
2366
2367
2368
2369
2370
2371
2372
2373
2374
2375
2376
2377
2378
2379
2380
2381
2382
2383
2384
2385
2386
2387
2388
2389
2390
2391
2392
2393
2394
2395
2396
2397
2398
2399
2400
2401
2402
2403
2404
2405
2406
2407
2408
2409
2410
2411
2412
2413
2414
2415
2416
2417
2418
2419
2420
2421
2422
2423
2424
2425
2426
2427
2428
2429
2430
2431
2432
2433
2434
2435
2436
2437
2438
2439
2440
2441
2442
2443
2444
2445
2446
2447
2448
2449
2450
2451
2452
2453
2454
2455
2456
2457
2458
2459
2460
2461
2462
2463
2464
2465
2466
2467
2468
2469
2470
2471
2472
2473
2474
2475
2476
2477
2478
2479
2480
2481
2482
2483
2484
2485
2486
2487
2488
2489
2490
2491
2492
2493
2494
2495
2496
2497
2498
2499
2500
2501
2502
2503
2504
2505
2506
2507
2508
2509
2510
2511
2512
2513
2514
2515
2516
2517
2518
2519
2520
2521
2522
2523
2524
2525
2526
2527
2528
2529
2530
2531
2532
2533
2534
2535
2536
2537
2538
2539
2540
2541
2542
2543
2544
2545
2546
2547
2548
2549
2550
2551
2552
2553
2554
2555
2556
2557
2558
2559
2560
2561
2562
2563
2564
2565
2566
2567
2568
2569
2570
2571
2572
2573
2574
2575
2576
2577
2578
2579
2580
2581
2582
2583
2584
2585
2586
2587
2588
2589
2590
2591
2592
2593
2594
2595
2596
2597
2598
2599
2600
2601
2602
2603
2604
2605
2606
2607
2608
2609
2610
2611
2612
2613
2614
2615
2616
2617
2618
2619
2620
2621
2622
2623
2624
2625
2626
2627
2628
2629
2630
2631
2632
2633
2634
2635
2636
2637
2638
2639
2640
2641
2642
2643
2644
2645
2646
2647
2648
2649
2650
2651
2652
2653
2654
2655
2656
2657
2658
2659
2660
2661
2662
2663
2664
2665
2666
2667
2668
2669
2670
2671
2672
2673
2674
2675
2676
2677
2678
2679
2680
2681
2682
2683
2684
2685
2686
2687
2688
2689
2690
2691
2692
2693
2694
2695
2696
2697
2698
2699
2700
2701
2702
2703
2704
2705
2706
2707
2708
2709
2710
2711
2712
2713
2714
2715
2716
2717
2718
2719
2720
2721
2722
2723
2724
2725
2726
2727
2728
2729
2730
2731
2732
2733
2734
2735
2736
2737
2738
2739
2740
2741
2742
2743
2744
2745
2746
2747
2748
2749
2750
2751
2752
2753
2754
2755
2756
2757
2758
2759
2760
2761
2762
2763
2764
2765
2766
2767
2768
2769
2770
2771
2772
2773
2774
2775
2776
2777
2778
2779
2780
2781
2782
2783
2784
2785
2786
2787
2788
2789
2790
2791
2792
2793
2794
2795
2796
2797
2798
2799
2800
2801
2802
2803
2804
2805
2806
2807
2808
2809
2810
2811
2812
2813
2814
2815
2816
2817
2818
2819
2820
2821
2822
2823
2824
2825
2826
2827
2828
2829
2830
2831
2832
2833
2834
2835
2836
2837
2838
2839
2840
2841
2842
2843
2844
2845
2846
2847
2848
2849
2850
2851
2852
2853
2854
2855
2856
2857
2858
2859
2860
2861
2862
2863
2864
2865
2866
2867
2868
2869
2870
2871
2872
2873
2874
2875
2876
2877
2878
2879
2880
2881
2882
2883
2884
2885
2886
2887
2888
2889
2890
2891
2892
2893
2894
2895
2896
2897
2898
2899
2900
2901
2902
2903
2904
2905
2906
2907
2908
2909
2910
2911
2912
2913
2914
2915
2916
2917
2918
2919
2920
2921
2922
2923
2924
2925
2926
2927
2928
2929
2930
2931
2932
2933
2934
2935
2936
2937
2938
2939
2940
2941
2942
2943
2944
2945
2946
2947
2948
2949
2950
2951
2952
2953
2954
2955
2956
2957
2958
2959
2960
2961
2962
2963
2964
2965
2966
2967
2968
2969
2970
2971
2972
2973
2974
2975
2976
2977
2978
2979
2980
2981
2982
2983
2984
2985
2986
2987
2988
2989
2990
2991
2992
2993
2994
2995
2996
2997
2998
2999
3000
3001
3002
3003
3004
3005
3006
3007
3008
3009
3010
3011
3012
3013
3014
3015
3016
3017
3018
3019
3020
3021
3022
3023
3024
3025
3026
3027
3028
3029
3030
3031
3032
3033
3034
3035
3036
3037
3038
3039
3040
3041
3042
3043
3044
3045
3046
3047
3048
3049
3050
3051
3052
3053
3054
3055
3056
3057
3058
3059
3060
3061
3062
3063
3064
3065
3066
3067
3068
3069
3070
3071
3072
3073
3074
3075
3076
3077
3078
3079
3080
3081
3082
3083
3084
3085
3086
3087
3088
3089
3090
3091
3092
3093
3094
3095
3096
3097
3098
3099
3100
3101
3102
3103
3104
3105
3106
3107
3108
3109
3110
3111
3112
3113
3114
3115
3116
3117
3118
3119
3120
3121
3122
3123
3124
3125
3126
3127
3128
3129
3130
3131
3132
3133
3134
3135
3136
3137
3138
3139
3140
3141
3142
3143
3144
3145
3146
3147
3148
3149
3150
3151
3152
3153
3154
3155
3156
3157
3158
3159
3160
3161
3162
3163
3164
3165
3166
3167
3168
3169
3170
3171
3172
3173
3174
3175
3176
3177
3178
3179
3180
3181
3182
3183
3184
3185
3186
3187
3188
3189
3190
3191
3192
3193
3194
3195
3196
3197
3198
3199
3200
3201
3202
3203
3204
3205
3206
3207
3208
3209
3210
3211
3212
3213
3214
3215
3216
3217
3218
3219
3220
3221
3222
3223
3224
3225
3226
3227
3228
3229
3230
3231
3232
3233
3234
3235
3236
3237
3238
3239
3240
3241
3242
3243
3244
3245
3246
3247
3248
3249
3250
3251
3252
3253
3254
3255
3256
3257
3258
3259
3260
3261
3262
3263
3264
3265
3266
3267
3268
3269
3270
3271
3272
3273
3274
3275
3276
3277
3278
3279
3280
3281
3282
3283
3284
3285
3286
3287
3288
3289
3290
3291
3292
3293
3294
3295
3296
3297
3298
3299
3300
3301
3302
3303
3304
3305
3306
3307
3308
3309
3310
3311
3312
3313
3314
3315
3316
3317
3318
3319
3320
3321
3322
3323
3324
3325
3326
3327
3328
3329
3330
3331
3332
3333
3334
3335
3336
3337
3338
3339
3340
3341
3342
3343
3344
3345
3346
3347
3348
3349
3350
3351
3352
3353
3354
3355
3356
3357
3358
3359
3360
3361
3362
3363
3364
3365
3366
3367
3368
3369
3370
3371
3372
3373
3374
3375
3376
3377
3378
3379
3380
3381
3382
3383
3384
3385
3386
3387
3388
3389
3390
3391
3392
3393
3394
3395
3396
3397
3398
3399
3400
3401
3402
3403
3404
3405
3406
3407
3408
3409
3410
3411
3412
3413
3414
3415
3416
3417
3418
3419
3420
3421
3422
3423
3424
3425
3426
3427
3428
3429
3430
3431
3432
3433
3434
3435
3436
3437
3438
3439
3440
3441
3442
3443
3444
3445
3446
3447
3448
3449
3450
3451
3452
3453
3454
3455
3456
3457
3458
3459
3460
3461
3462
3463
3464
3465
3466
3467
3468
3469
3470
3471
3472
3473
3474
3475
3476
3477
3478
3479
3480
3481
3482
3483
3484
3485
3486
3487
3488
3489
3490
3491
3492
3493
3494
3495
3496
3497
3498
3499
3500
3501
3502
3503
3504
3505
3506
3507
3508
3509
3510
3511
3512
3513
3514
3515
3516
3517
3518
3519
3520
3521
3522
3523
3524
3525
3526
3527
3528
3529
3530
3531
3532
3533
3534
3535
3536
3537
3538
3539
3540
3541
3542
3543
3544
3545
3546
3547
3548
3549
3550
3551
3552
3553
3554
3555
3556
3557
3558
3559
3560
3561
3562
3563
3564
3565
3566
3567
3568
3569
3570
3571
3572
3573
3574
3575
3576
3577
3578
3579
3580
3581
3582
3583
3584
3585
3586
3587
3588
3589
3590
3591
3592
3593
3594
3595
3596
3597
3598
3599
3600
3601
3602
3603
3604
3605
3606
3607
3608
3609
3610
3611
3612
3613
3614
3615
3616
3617
3618
3619
3620
3621
3622
3623
3624
3625
3626
3627
3628
3629
3630
3631
3632
3633
3634
3635
3636
3637
3638
3639
3640
3641
3642
3643
3644
3645
3646
3647
3648
3649
3650
3651
3652
3653
3654
3655
3656
3657
3658
3659
3660
3661
3662
3663
3664
3665
3666
3667
3668
3669
3670
3671
3672
3673
3674
3675
3676
3677
3678
3679
3680
3681
3682
3683
3684
3685
3686
3687
3688
3689
3690
3691
3692
3693
3694
3695
3696
3697
3698
3699
3700
3701
3702
3703
3704
3705
3706
3707
3708
3709
3710
3711
3712
3713
3714
3715
3716
3717
3718
3719
3720
3721
3722
3723
3724
3725
3726
3727
3728
3729
3730
3731
3732
3733
3734
3735
3736
3737
3738
3739
3740
3741
3742
3743
3744
3745
3746
3747
3748
3749
3750
3751
3752
3753
3754
3755
3756
3757
3758
3759
3760
3761
3762
3763
3764
3765
3766
3767
3768
3769
3770
3771
3772
3773
3774
3775
3776
3777
3778
3779
3780
3781
3782
3783
3784
3785
3786
3787
3788
3789
3790
3791
3792
3793
3794
3795
3796
3797
3798
3799
3800
3801
3802
3803
3804
3805
3806
3807
3808
3809
3810
3811
3812
3813
3814
3815
3816
3817
3818
3819
3820
3821
3822
3823
3824
3825
3826
3827
3828
3829
3830
3831
3832
3833
3834
3835
3836
3837
3838
3839
3840
3841
3842
3843
3844
3845
3846
3847
3848
3849
3850
3851
3852
3853
3854
3855
3856
3857
3858
3859
3860
3861
3862
3863
3864
3865
3866
3867
3868
3869
3870
3871
3872
3873
3874
3875
3876
3877
3878
3879
3880
3881
3882
3883
3884
3885
3886
3887
3888
3889
3890
3891
3892
3893
3894
3895
3896
3897
3898
3899
3900
3901
3902
3903
3904
3905
3906
3907
3908
3909
3910
3911
3912
3913
3914
3915
3916
3917
3918
3919
3920
3921
3922
3923
3924
3925
3926
3927
3928
3929
3930
3931
3932
3933
3934
3935
3936
3937
3938
3939
3940
3941
3942
3943
3944
3945
3946
3947
3948
3949
3950
3951
3952
3953
3954
3955
3956
3957
3958
3959
3960
3961
3962
3963
3964
3965
3966
3967
3968
3969
3970
3971
3972
3973
3974
3975
3976
3977
3978
3979
3980
3981
3982
3983
3984
3985
3986
3987
3988
3989
3990
3991
3992
3993
3994
3995
3996
3997
3998
3999
4000
4001
4002
4003
4004
4005
4006
4007
4008
4009
4010
4011
4012
4013
4014
4015
4016
4017
4018
4019
4020
4021
4022
4023
4024
4025
4026
4027
4028
4029
4030
4031
4032
4033
4034
4035
4036
4037
4038
4039
4040
4041
4042
4043
4044
4045
4046
4047
4048
4049
4050
4051
4052
4053
4054
4055
4056
4057
4058
4059
4060
4061
4062
4063
4064
4065
4066
4067
4068
4069
4070
4071
4072
4073
4074
4075
4076
4077
4078
4079
4080
4081
4082
4083
4084
4085
4086
4087
4088
4089
4090
4091
4092
4093
4094
4095
4096
4097
4098
4099
4100
4101
4102
4103
4104
4105
4106
4107
4108
4109
4110
4111
4112
4113
4114
4115
4116
4117
4118
4119
4120
4121
4122
4123
4124
4125
4126
4127
4128
4129
4130
4131
4132
4133
4134
4135
4136
4137
4138
4139
4140
4141
4142
4143
4144
4145
4146
4147
4148
4149
4150
4151
4152
4153
4154
4155
4156
4157
4158
4159
4160
4161
4162
4163
4164
4165
4166
4167
4168
4169
4170
4171
4172
4173
4174
4175
4176
4177
4178
4179
4180
4181
4182
4183
4184
4185
4186
4187
4188
4189
4190
4191
4192
4193
4194
4195
4196
4197
4198
4199
4200
4201
4202
4203
4204
4205
4206
4207
4208
4209
4210
4211
4212
4213
4214
4215
4216
4217
4218
4219
4220
4221
4222
4223
4224
4225
4226
4227
4228
4229
4230
4231
4232
4233
4234
4235
4236
4237
4238
4239
4240
4241
4242
4243
4244
4245
4246
4247
4248
4249
4250
4251
4252
4253
4254
4255
4256
4257
4258
4259
4260
4261
4262
4263
4264
4265
4266
4267
4268
4269
4270
4271
4272
4273
4274
4275
4276
4277
4278
4279
4280
4281
4282
4283
4284
4285
4286
4287
4288
4289
4290
4291
4292
4293
4294
4295
4296
4297
4298
4299
4300
4301
4302
4303
4304
4305
4306
4307
4308
4309
4310
4311
4312
4313
4314
4315
4316
4317
4318
4319
4320
4321
4322
4323
4324
4325
4326
4327
4328
4329
4330
4331
4332
4333
4334
4335
4336
4337
4338
4339
4340
4341
4342
4343
4344
4345
4346
4347
4348
4349
4350
4351
4352
4353
4354
4355
4356
4357
4358
4359
4360
4361
4362
4363
4364
4365
4366
4367
4368
4369
4370
4371
4372
4373
4374
4375
4376
4377
4378
4379
4380
4381
4382
4383
4384
4385
4386
4387
4388
4389
4390
4391
4392
4393
4394
4395
4396
4397
4398
4399
4400
4401
4402
4403
4404
4405
4406
4407
4408
4409
4410
4411
4412
4413
4414
4415
4416
4417
4418
4419
4420
4421
4422
4423
4424
4425
4426
4427
4428
4429
4430
4431
4432
4433
4434
4435
4436
4437
4438
4439
4440
4441
4442
4443
4444
4445
4446
4447
4448
4449
4450
4451
4452
4453
4454
4455
4456
4457
4458
4459
4460
4461
4462
4463
4464
4465
4466
4467
4468
4469
4470
4471
4472
4473
4474
4475
4476
4477
4478
4479
4480
4481
4482
4483
4484
4485
4486
4487
4488
4489
4490
4491
4492
4493
4494
4495
4496
4497
4498
4499
4500
4501
4502
4503
4504
4505
4506
4507
4508
4509
4510
4511
4512
4513
4514
4515
4516
4517
4518
4519
4520
4521
4522
4523
4524
4525
4526
4527
4528
4529
4530
4531
4532
4533
4534
4535
4536
4537
4538
4539
4540
4541
4542
4543
4544
4545
4546
4547
4548
4549
4550
4551
4552
4553
4554
4555
4556
4557
4558
4559
4560
4561
4562
4563
4564
4565
4566
4567
4568
4569
4570
4571
4572
4573
4574
4575
4576
4577
4578
4579
4580
4581
4582
4583
4584
4585
4586
4587
4588
4589
4590
4591
4592
4593
4594
4595
4596
4597
4598
4599
4600
4601
4602
4603
4604
4605
4606
4607
4608
4609
4610
4611
4612
4613
4614
4615
4616
4617
4618
4619
4620
4621
4622
4623
4624
4625
4626
4627
4628
4629
4630
4631
4632
4633
4634
4635
4636
4637
4638
4639
4640
4641
4642
4643
4644
4645
4646
4647
4648
4649
4650
4651
4652
4653
4654
4655
4656
4657
4658
4659
4660
4661
4662
4663
4664
4665
4666
4667
4668
4669
4670
4671
4672
4673
4674
4675
4676
4677
4678
4679
4680
4681
4682
4683
4684
4685
4686
4687
4688
4689
4690
4691
4692
4693
4694
4695
4696
4697
4698
4699
4700
4701
4702
4703
4704
4705
4706
4707
4708
4709
4710
4711
4712
4713
4714
4715
4716
4717
4718
4719
4720
4721
4722
4723
4724
4725
4726
4727
4728
4729
4730
4731
4732
4733
4734
4735
4736
4737
4738
4739
4740
4741
4742
4743
4744
4745
4746
4747
4748
4749
4750
4751
4752
4753
4754
4755
4756
226909.9079534674 2564126.397483584 0
227473.8916747412 2563918.580808901 0
227077.8797511588 2563245.454602497 0
227379.3776812933 2563757.71697274 0
227115.9479579661 2563382.098568142 0
226507.8490448843 2563340.712135852 0
226978.8048654656 2564241.326407138 0
226851.4712649847 2564017.533899554 0
226542.6716316267 2563055.388930063 0
226543.2654151593 2563501.648932317 0
226629.1076352376 2563679.347059731 0
227501.2286636674 2564012.341546882 0
227315.5479592022 2563686.341936564 0
227242.8541633077 2563612.241662061 0
227141.90441514 2563481.726602502 0
226597.7393868085 2562972.771249191 0
227175.2616188752 2563542.266739832 0
226813.4782256039 2563945.221945627 0
227494.5513898175 2564216.443414784 0
227086.3171628316 2563145.148692539 0
226681.3505570557 2563745.547911337 0
226758.961406269 2563860.427984778 0
227224.1033896221 2562461.937986724 0
227101.1355312373 2563049.235350278 0
227038.8563868282 2564320.945305696 0
227179.6689454252 2562200.443928423 0
226645.3297498195 2562884.834538917 0
226747.864678502 2562437.545939205 0
227112.9836945944 2562946.697188715 0
227067.1992895192 2562099.538323305 0
227189.7884682814 2562552.687857169 0
226741.027888855 2562537.319208735 0
226695.0341799498 2562796.796694437 0
226680.9797729681 2562356.044326784 0
227464.5026883095 2564313.478675076 0
226984.4643580921 2562042.978191359 0
227125.7181532464 2562828.411466361 0
227144.7156246003 2562668.461337917 0
226901.4756698085 2561987.977457133 0
226725.273681645 2562717.010110549 0
227073.0426132477 2564371.952362931 0
226716.4277261317 2561963.001315191 0
226529.0136273135 2563398.944620925 0
227291.8780917666 2564543.848411321 0
226595.1340642521 2562304.828378798 0
226732.1206098677 2562636.902558551 0
227444.9742434119 2564389.989400944 0
227135.6789867348 2562749.190809149 0
226638.6117103148 2561975.849730984 0
226499.7388375055 2563123.370535166 0
227224.1004330255 2562263.726254662 0
226526.4542824304 2562263.856850401 0
226564.9750387544 2561986.798684289 0
227089.8613248669 2564433.905271712 0
227092.5090496657 2563308.197332208 0
227514.0318494096 2564139.93868449 0
226457.7838231226 2562222.904277062 0
226477.4086885118 2563266.53745336 0
226485.5430210968 2562003.832901014 0
226575.6096202044 2563621.317939545 0
227434.1205070555 2563815.83898528 0
227434.6615262566 2564449.89788087 0
227213.1757463911 2564553.921799338 0
226732.4905416411 2562386.789654995 0
226714.5378132598 2563795.520673587 0
226945.3678499271 2564192.312719051 0
226879.6237628494 2564069.642792407 0
227164.0995874487 2562605.912782223 0
227246.9214953558 2562404.944995539 0
227119.0446500438 2562887.03352555 0
227117.6933130982 2562132.191375361 0
226774.8814050052 2561949.423757287 0
226386.9976598509 2562143.719667832 0
227347.2745033281 2564535.526213188 0
227105.4980590549 2564491.963918805 0
226428.7736767455 2562013.302152339 0
226554.5056724714 2563554.530621265 0
227516.8577900447 2564069.001582358 0
226467.1731963721 2563174.350113905 0
227256.9629432746 2562313.957370009 0
226851.5971545027 2561954.400055592 0
227080.5236672422 2563205.259336597 0
226358.3010692917 2562091.470476473 0
226749.54216851 2562397.225388595 0
226749.9401554277 2562377.093039809 0
226767.094139448 2562387.372294159 0
226767.4239750627 2562367.353593012 0
226784.5851062979 2562377.624054964 0
226784.9043039547 2562357.622580733 0
226802.0648298775 2562367.894608362 0
226802.382133954 2562347.896224078 0
226819.5422562719 2562358.169010442 0
226819.859161502 2562338.17129321 0
226837.0191572123 2562348.444291258 0
226836.7023601914 2562368.441831854 0
226854.1791438414 2562358.717306474 0
226853.862356583 2562378.714815032 0
226871.3390976671 2562368.990375299 0
226871.022317681 2562388.987858668 0
226888.4990467864 2562379.263449164 0
226888.1822674441 2562399.260939289 0
226905.6589926037 2562389.536532987 0
226905.3422154893 2562409.534022549 0
226854.4959245973 2562338.719799068 0
226922.8189613525 2562399.809660556 0
226922.5021837569 2562419.807136275 0
226923.1357195541 2562379.812132396 0
226802.6992348117 2562327.898172242 0
226940.2956904168 2562390.085263136 0
226940.6124457373 2562370.087730276 0
226957.7723915774 2562380.360815995 0
226958.0891683174 2562360.363314878 0
226975.2491149779 2562370.636401826 0
226975.5658923246 2562350.638901602 0
226992.7258401733 2562360.911993507 0
226992.4090822415 2562380.909499396 0
226993.042618526 2562340.914497429 0
227010.2025639569 2562351.187585259 0
227010.5193448088 2562331.190094898 0
226993.3593993104 2562320.917009172 0
227027.6792889501 2562341.463178182 0
226905.0254347081 2562429.531517206 0
226922.1854271797 2562439.804627019 0
226904.7086623191 2562449.529013211 0
226921.8685931321 2562459.802093493 0
226904.3918652027 2562469.526497035 0
226921.5518109783 2562479.799587008 0
226904.0750829509 2562489.523987104 0
226921.2350321475 2562499.797076303 0
226903.758305633 2562509.521480074 0
226920.9182515209 2562519.794564871 0
226938.3949790845 2562510.070161252 0
226938.0781927992 2562530.067653428 0
226920.6014707222 2562539.792058049 0
226937.7614116626 2562550.065145475 0
226920.2846922595 2562559.789549833 0
226937.4446572397 2562570.062634717 0
226919.9679165578 2562579.787038712 0
226937.1278826145 2562590.060124281 0
226919.651135829 2562599.784529079 0
226936.8111616538 2562610.057639205 0
226919.3343667032 2562619.782025062 0
226936.4944856892 2562630.055149195 0
226919.0176080285 2562639.779520101 0
226936.1776492113 2562650.052617548 0
226918.7008244068 2562659.777004265 0
226935.8608513755 2562670.050089937 0
226918.3840417651 2562679.774492331 0
226935.5440686076 2562690.04757854 0
226918.0672632509 2562699.771983502 0
226935.2273060905 2562710.045070411 0
226917.7504850448 2562719.769471098 0
226934.9105282857 2562730.042561497 0
226917.4337025309 2562739.766963733 0
226934.5937626339 2562750.040054384 0
226917.1169252731 2562759.764456412 0
226934.2769859518 2562770.037546752 0
226916.8001479976 2562779.761944269 0
226933.9602091017 2562790.035061176 0
226916.483369802 2562799.759441496 0
226933.6435835328 2562810.032571054 0
226916.1666106083 2562819.756943998 0
226933.3267170835 2562830.030040327 0
226915.8498215456 2562839.754434921 0
226955.5549173151 2562520.343251997 0
226933.0099157811 2562850.027516226 0
226915.5330455974 2562859.751920772 0
226932.6931346533 2562870.025005062 0
226915.2162674257 2562879.749408707 0
226932.3762091084 2562890.022492488 0
226914.8994491667 2562899.746897626 0
226897.7395126651 2562889.473813989 0
226897.4227240969 2562909.471303967 0
226914.5826674267 2562919.744386294 0
226897.1059412109 2562929.468798711 0
226914.2658889788 2562939.741877739 0
226896.7891669941 2562949.466286752 0
226913.9491150057 2562959.739368772 0
226896.4723891023 2562969.463777157 0
226879.3124480948 2562959.190691177 0
226878.9956655106 2562979.188184357 0
226896.155607682 2562989.46126631 0
226878.678874969 2562999.185670538 0
226861.5189383422 2562988.912587258 0
226861.2021534093 2563008.910073299 0
226878.3620910145 2563019.183162742 0
226860.885368324 2563028.907567299 0
226878.0453117052 2563039.180657515 0
226860.5685864547 2563048.905061392 0
226877.728526835 2563059.178147365 0
226860.2517973236 2563068.902548176 0
226843.0918599734 2563058.629459747 0
226842.7750693595 2563078.626947954 0
226859.9350100232 2563088.90003594 0
226842.4582822603 2563098.624439282 0
226859.6182375786 2563108.89751383 0
226842.1414953956 2563118.621927051 0
226824.9815522718 2563108.348841518 0
226824.6647664629 2563128.346333835 0
226841.8247091508 2563138.619419684 0
226824.3479867833 2563148.343824067 0
226841.5079301953 2563158.616910551 0
226824.0312070614 2563168.341315278 0
226841.1911492355 2563178.614401657 0
226823.7144210796 2563188.338802993 0
226840.8743595906 2563198.611892157 0
226823.3976372716 2563208.336293906 0
226840.5575776673 2563218.609385489 0
226823.0808597758 2563228.333787896 0
226840.2408051252 2563238.606877179 0
226822.7640770912 2563248.331280669 0
226839.9240131601 2563258.604368092 0
226822.4472621871 2563268.328770151 0
226839.6072245617 2563278.601862666 0
226822.1304748739 2563288.326261988 0
226839.2904518798 2563298.59935279 0
226821.8136951848 2563308.323753234 0
226838.9736704228 2563318.596840722 0
226821.4969144528 2563328.32124463 0
226838.656889853 2563338.594329915 0
226821.1801239306 2563348.318737493 0
226838.3401098018 2563358.591819677 0
226820.8633415883 2563368.316228058 0
226838.0233285434 2563378.589312211 0
226820.5465412053 2563388.313716282 0
226837.706542901 2563398.586804536 0
226820.2297555788 2563408.311205578 0
226837.389759717 2563418.584295003 0
226805.9208878687 2563218.060724238 0
226819.913032276 2563428.308696328 0
226837.0729935775 2563438.581785324 0
226819.5962634594 2563448.306188405 0
226836.7562127055 2563458.579276199 0
226804.6536868915 2563298.050685353 0
226819.2794853113 2563468.303681517 0
226836.4394313225 2563478.576767344 0
226807.1880432257 2563138.070745054 0
226853.9161580917 2563468.852360823 0
226853.5993811677 2563488.849853216 0
226836.1226523693 2563498.574258347 0
226853.2826027335 2563508.847342953 0
226803.3864879084 2563378.04065609 0
226835.8058734601 2563518.571746935 0
226852.9658224237 2563528.844831362 0
226870.4425451171 2563519.120422874 0
226870.1257688325 2563539.117917617 0
226852.6490486183 2563548.842325902 0
226869.8089701368 2563559.115450369 0
226887.2857125262 2563549.391004084 0
226886.9689156265 2563569.388537312 0
226802.1195416731 2563458.030584647 0
226904.4456566385 2563559.664077092 0
226904.1288854351 2563579.661566394 0
226886.6520278317 2563589.386096581 0
226903.812128696 2563599.659050452 0
226921.2888460514 2563589.934638568 0
226920.9720813508 2563609.932129824 0
226903.4953563203 2563619.656541667 0
226920.6553062498 2563629.929621086 0
226938.1320274763 2563620.2052054 0
226937.8152530633 2563640.202696911 0
226920.3385360089 2563649.927114047 0
226937.4984903784 2563660.200184382 0
226954.9752044058 2563650.475773905 0
226954.6584399555 2563670.473260222 0
226972.1351579557 2563660.748851158 0
226971.818383985 2563680.746341639 0
226954.3416778845 2563690.470753795 0
226971.5016193542 2563700.743832115 0
226988.9783356561 2563691.019419699 0
226988.6615608843 2563711.016912094 0
226971.1848456822 2563720.741323929 0
226988.3447905472 2563731.014401013 0
227005.8215097028 2563721.289992529 0
227005.5047385763 2563741.287482094 0
227022.9814615604 2563731.563072982 0
227022.6646859533 2563751.560563202 0
227040.1414078777 2563741.83615427 0
227039.8246310236 2563761.833646087 0
227022.3479097177 2563771.558054321 0
227039.5078566083 2563781.831135427 0
227056.9845782045 2563772.106724693 0
227056.6678050137 2563792.104216083 0
227039.1910819233 2563801.828626481 0
227056.3510314837 2563812.101707012 0
227073.8277542188 2563802.37729599 0
227073.5109810036 2563822.37478678 0
227090.987702576 2563812.650374692 0
227090.6709328493 2563832.64786727 0
227073.194203709 2563842.372276471 0
227090.3541553064 2563852.645355663 0
227107.8308789419 2563842.920944346 0
227107.5141085936 2563862.918438144 0
227090.0373856016 2563872.642840694 0
227107.1973342908 2563882.915919473 0
227124.6740575412 2563873.191523982 0
227124.3572794657 2563893.189009404 0
227106.8805285816 2563902.913403763 0
227124.0405079671 2563913.186498526 0
227141.5172266082 2563903.462089015 0
227141.2004561794 2563923.459581256 0
227158.6771790378 2563913.735164239 0
227158.3604108739 2563933.732653719 0
227140.8836838296 2563943.457069886 0
227158.0436374631 2563953.730145203 0
227140.5669125074 2563963.454553683 0
227157.7268629369 2563973.72763011 0
227175.2035283506 2563964.00328551 0
227174.8867768802 2563984.000764634 0
227157.4100596773 2563993.72510774 0
227174.5700155126 2564003.99820181 0
227192.0467468111 2563994.273813833 0
227191.7299884044 2564014.271285329 0
227174.2532473888 2564023.99567092 0
227191.413230364 2564034.268764415 0
227208.8899457552 2564024.544349964 0
227208.5731870699 2564044.541838228 0
227191.096472863 2564054.266260651 0
227208.2564266594 2564064.539330847 0
227190.7797123957 2564074.26375277 0
227207.9396661063 2564084.53682049 0
227225.4163832502 2564074.812398758 0
227225.0996181555 2564094.809893315 0
227207.6229124813 2564104.534317051 0
227224.7828636377 2564114.807380727 0
227242.2595718815 2564105.082964001 0
227241.9428087645 2564125.080455719 0
227224.4660981298 2564134.80487146 0
227241.6260435725 2564145.077947052 0
226855.1832683727 2563388.862378421 0
227224.1493265101 2564154.802371544 0
227241.3092752008 2564165.075439443 0
227259.419525752 2564115.356030945 0
227223.8325588516 2564174.799863465 0
227240.9925083095 2564185.072930519 0
226856.4503925159 2563308.872420655 0
227223.5157880807 2564194.797352839 0
227240.6757403735 2564205.070425207 0
227206.3558406604 2564184.524281533 0
227258.1524609605 2564195.346001755 0
227257.8356153869 2564215.343494843 0
227240.3589640413 2564225.067918914 0
227257.518918816 2564235.340987814 0
226858.3510779178 2563188.887479414 0
227240.0422132403 2564245.065409539 0
227257.2021691529 2564255.338482509 0
227274.9954588375 2564225.61655943 0
227239.7254562274 2564265.062900004 0
227256.8854128508 2564275.335967337 0
227239.4086695222 2564285.060385743 0
227256.5686495351 2564295.333455753 0
226954.287908123 2562600.333241913 0
227010.8361261638 2562311.192604812 0
226993.6761813245 2562300.919521084 0
226899.0066300407 2562809.483844282 0
227239.091882712 2564305.057870307 0
227256.251889941 2564315.330949688 0
227040.4581830214 2563721.838662575 0
226895.2052564047 2563049.453747478 0
226880.2627732658 2562899.198220508 0
226844.0422121395 2562998.636982691 0
226857.4007331966 2563248.879948174 0
226970.8680701584 2563740.738808361 0
227238.775165207 2564325.055369229 0
227255.9351275454 2564335.328442452 0
227274.0453687423 2564285.609033233 0
227222.248696678 2564274.787325945 0
226952.7042198422 2562700.320696121 0
227011.1529072336 2562291.195113099 0
226993.9929574289 2562280.922033257 0
227238.4584046822 2564345.05286416 0
227255.6183585048 2564355.325933736 0
227238.1416261633 2564365.050355503 0
226951.4373403813 2562780.310708128 0
227273.0950826351 2564345.601519558 0
227272.778307415 2564365.599008359 0
226931.4258350554 2562950.014955997 0
226900.9073061358 2562689.498890269 0
226899.9569628283 2562749.491365102 0
226902.4911865983 2562589.51143064 0
226950.4869370249 2562840.303150604 0
227011.4696815071 2562271.197619709 0
226994.3097387074 2562260.924537516 0
227028.6296256653 2562281.47069947 0
227011.7864570279 2562251.200126134 0
226994.6265149752 2562240.927053659 0
226977.1497858971 2562250.651459673 0
226977.4665701673 2562230.653974643 0
226959.9898419237 2562240.37837585 0
226960.3066266326 2562220.380883896 0
226942.8299001856 2562230.105292303 0
226943.1466783484 2562210.107800157 0
226925.6699579476 2562219.832207935 0
226925.98672403 2562199.83472362 0
226908.5100057706 2562209.559127205 0
226908.8267745987 2562189.561647668 0
226891.3500567359 2562199.286044034 0
226891.6668279786 2562179.288563304 0
226874.1901114149 2562189.012962845 0
226874.5068811215 2562169.015476297 0
226857.0301630633 2562178.739883573 0
226857.3469345614 2562158.742391969 0
226839.8702091724 2562168.46680141 0
226840.1869866751 2562148.46930886 0
226822.7102600457 2562158.193715308 0
226823.0270386417 2562138.196227242 0
226805.5503147256 2562147.920633844 0
226805.8670908815 2562127.923146703 0
226788.3903697003 2562137.647554648 0
226788.0735931395 2562157.645038934 0
226770.9136483118 2562147.371965453 0
226770.5968700311 2562167.369450263 0
226753.4369234904 2562157.096372224 0
226753.1201471301 2562177.093861745 0
226735.9602021874 2562166.820774316 0
226736.2769828917 2562146.823286733 0
226718.8002531032 2562156.547686752 0
226718.4834742018 2562176.545176402 0
226701.323525876 2562166.272090518 0
226701.6403098224 2562146.27459827 0
226684.1635831126 2562155.999000216 0
226788.7071471343 2562117.650063206 0
226684.4803684563 2562136.001509211 0
226667.0036404685 2562145.725904039 0
226857.663707 2562138.744895742 0
226701.0067406703 2562186.269578517 0
227290.2550287138 2564355.874598517 0
227289.9382575441 2564375.872086109 0
226667.3204337411 2562125.728420381 0
226649.8437062099 2562135.452818944 0
226684.7971570621 2562116.004017732 0
226649.5269107713 2562155.450303537 0
226632.3669720223 2562145.177211691 0
226943.4634737281 2562190.110303498 0
226886.5983568042 2562499.248392157 0
227221.2984339295 2564334.779790125 0
226806.1838681862 2562107.925656431 0
226789.0239234683 2562097.652571077 0
226632.683768784 2562125.179728408 0
226615.2070325639 2562134.904120779 0
226632.0501840357 2562165.174699816 0
226839.5534211067 2562188.464284823 0
227012.1032380271 2562231.20263914 0
226806.5006480785 2562087.928162972 0
227307.4149779437 2564366.147671578 0
227307.0982120941 2564386.145161616 0
227289.6214893034 2564395.869573048 0
227306.7814521414 2564406.142652697 0
227289.3047306489 2564415.867066498 0
226615.5238203026 2562114.906631767 0
226598.0470894586 2562124.631031782 0
226853.5456074357 2562398.712322918 0
226789.3406992232 2562077.655083543 0
226942.5131196602 2562250.102773461 0
226891.033275419 2562219.283513743 0
226806.8174232012 2562067.930670155 0
226598.3638711901 2562104.633538794 0
226580.8871426382 2562114.357942509 0
226580.5703624505 2562134.35543204 0
226563.4104181003 2562124.08234645 0
226563.0936350874 2562144.079836422 0
226545.9336903409 2562133.806743751 0
226615.8406027224 2562094.909140361 0
226546.2504778818 2562113.809259155 0
226528.773747999 2562123.533659073 0
226939.3454014183 2562450.077755156 0
227324.5749314669 2564376.420740881 0
227324.8917045195 2564356.423275099 0
227306.4646918233 2564426.140143211 0
227288.9879724502 2564435.86456789 0
226545.6169098096 2562153.804234665 0
226789.6574716987 2562057.657593042 0
226940.9292173748 2562350.09022926 0
226772.1807513629 2562067.382001275 0
226529.090536369 2562103.536167359 0
226511.6138038974 2562113.260568766 0
227342.051649595 2564366.696314692 0
227342.368416095 2564346.698849662 0
226807.1341899346 2562047.933180698 0
226824.2941423852 2562058.206254906 0
226750.2688491514 2562357.07201743 0
226772.4975276929 2562047.384507423 0
226755.0208074154 2562057.10891527 0
227271.8280147177 2564425.591488066 0
227271.511253227 2564445.588988804 0
227254.3512977732 2564435.315907765 0
227254.0345366568 2564455.31340121 0
227236.874578814 2564445.0403266 0
226770.2800923504 2562187.366927896 0
226562.7768499933 2562164.07732989 0
226598.6806489856 2562084.636046655 0
226616.1573815443 2562074.911646593 0
227306.1479265101 2564446.137642261 0
227323.6246452589 2564436.413217698 0
226536.3041922902 2563439.274464266 0
226615.6112150925 2562936.533646185 0
226545.3001204962 2562173.801722708 0
226562.460056135 2562184.074821005 0
226511.9305952249 2562093.263070676 0
226494.4538663345 2562102.987467199 0
226494.1370712735 2562122.984964606 0
226529.4073265138 2562083.538676274 0
226476.9771304007 2562112.71186397 0
226476.6603338881 2562132.709355695 0
227359.5283644952 2564356.971885545 0
227359.8451327361 2564336.974428313 0
227359.211613781 2564376.969367824 0
226784.2680067719 2562397.621018099 0
227236.5578201772 2564465.037821609 0
227219.3978676882 2564454.764757667 0
227155.5322721058 2564561.015438423 0
226477.2939250927 2562092.714369954 0
226459.8171897655 2562102.43876128 0
226824.6109099507 2562038.208762296 0
226841.7708605731 2562048.481841858 0
227157.0966899607 2562164.339294743 0
226791.9871798851 2563912.105138918 0
226714.2749081216 2562762.117053975 0
227200.9158782656 2563569.16057144 0
226931.1090667644 2562970.012447725 0
226948.5857844228 2562960.288032667 0
226948.2690045923 2562980.285538 0
226965.7457353982 2562970.561113285 0
226965.428936547 2562990.558615895 0
226982.9056832328 2562980.834189147 0
226983.2224589411 2562960.836695836 0
226982.5888963374 2563000.831679857 0
227000.0656339044 2562991.107263342 0
226999.7488665417 2563011.104756778 0
226982.2721256989 2563020.829167222 0
226999.4320914515 2563031.102250581 0
226981.9553616079 2563040.826658809 0
226999.1153143009 2563051.099739889 0
226981.6385833172 2563060.824152626 0
226998.7985321699 2563071.097231619 0
226981.3218075387 2563080.821639939 0
226998.4817505276 2563091.094722964 0
226981.0050236663 2563100.819123548 0
226998.1649658245 2563111.092213613 0
226980.6882375754 2563120.816608132 0
226997.8481560595 2563131.089663869 0
226980.3714437387 2563140.814093532 0
226997.5313148011 2563151.087151019 0
226980.0546419942 2563160.811586999 0
226962.8947151452 2563150.538498425 0
226962.5779231277 2563170.535991396 0
226979.7378604137 2563180.809085549 0
226962.2611243885 2563190.533479566 0
226979.4210748851 2563200.806580016 0
226961.9443323706 2563210.530972183 0
226979.1042842253 2563220.804073697 0
226961.6275439537 2563230.528467346 0
226978.7874769181 2563240.801543973 0
226961.310738471 2563250.525954051 0
226978.4706798682 2563260.799053352 0
226960.9939435976 2563270.523445344 0
226978.1538709465 2563280.796566675 0
226960.6771548002 2563290.520939825 0
226977.837096095 2563300.794035334 0
226960.3603646179 2563310.518428156 0
226977.5203016292 2563320.791522983 0
226960.0435695074 2563330.515916191 0
226977.2035073451 2563340.789014908 0
226959.7267738663 2563350.513405264 0
226976.8867118458 2563360.786505845 0
226959.4099758249 2563370.51089447 0
226976.5699177621 2563380.783997822 0
226959.0931874474 2563390.508392514 0
226976.253131717 2563400.78148836 0
226958.776395608 2563410.505883407 0
226975.9363440984 2563420.778976694 0
226958.4596104149 2563430.503375682 0
226975.6195528764 2563440.77646567 0
226993.0962873366 2563431.052071169 0
226992.7794931013 2563451.049558681 0
227010.2562237522 2563441.3251638 0
227009.9394306709 2563461.32264943 0
226992.4627139521 2563471.047053396 0
227009.6226461815 2563481.3201377 0
226994.0466444461 2563371.059605564 0
227027.4161577307 2563451.598246308 0
226992.1459302852 2563491.04454436 0
227009.305869734 2563501.317628722 0
226991.8291523108 2563511.042025083 0
227008.9890913703 2563521.315124024 0
227026.4658147291 2563511.590714928 0
227026.1490369975 2563531.588211399 0
227043.6257607499 2563521.863799493 0
227043.3089849242 2563541.861289611 0
227025.8322828545 2563551.585690508 0
227042.9922277321 2563561.858776283 0
227060.4689367392 2563552.134369747 0
227060.1521593346 2563572.131860139 0
226974.669233229 2563500.768924695 0
227042.6754488818 2563581.856265047 0
227059.83537994 2563592.129347849 0
227077.3121013884 2563582.404945159 0
227076.9953201301 2563602.402435708 0
227094.4720445598 2563592.678035741 0
227094.1552623718 2563612.675529825 0
227076.6785348449 2563622.399926665 0
227093.8384783706 2563632.673019569 0
227111.3152055453 2563622.948619461 0
227110.9984242675 2563642.946107629 0
227128.4751529976 2563633.221706158 0
227128.1583653995 2563653.219196399 0
227145.6350962245 2563643.494798808 0
227145.3183021536 2563663.492292137 0
227127.8415734737 2563673.216685019 0
227145.001507981 2563683.489785697 0
227162.4782390288 2563673.765392792 0
227162.1614431513 2563693.762886352 0
227179.6381730331 2563684.038496932 0
227179.321375742 2563704.035988112 0
227161.8446644966 2563713.760355774 0
227179.0045882124 2563724.033471867 0
227196.481312125 2563714.309086574 0
227196.1645179911 2563734.306575233 0
227178.6877893257 2563744.030964254 0
227195.8477121248 2563754.30404787 0
227213.3244529219 2563744.579668816 0
227213.0076624033 2563764.577161517 0
227230.4843930773 2563754.852765635 0
227230.1676317109 2563774.85026044 0
227247.6443325255 2563765.125861783 0
227247.3275405236 2563785.12335387 0
227229.8509052035 2563794.847727589 0
227247.0108079376 2563805.120841843 0
227264.4874814915 2563795.396442335 0
227264.1707024355 2563815.393934431 0
227246.6940387121 2563825.118305219 0
227263.8539078509 2563835.391425367 0
227281.330635573 2563825.667027957 0
227281.0138471079 2563845.664511547 0
227298.4905756672 2563835.940123912 0
227298.1737861065 2563855.937613285 0
227280.6970581915 2563865.662000727 0
227297.8570011026 2563875.93510374 0
227280.3802666313 2563885.659506023 0
227297.5402060562 2563895.932604761 0
227315.0169408928 2563886.208199897 0
227314.700147717 2563906.205694474 0
227332.1768788328 2563896.481291743 0
227331.8600890629 2563916.478785243 0
227314.3833569222 2563926.203183754 0
227331.5432979182 2563936.476278047 0
227314.0665681536 2563946.200675789 0
227331.2265081178 2563956.473769222 0
227313.7497793319 2563966.198166583 0
227330.9097163895 2563976.471261122 0
227348.3864470291 2563966.74686351 0
227348.0696551355 2563986.744354748 0
227365.5463848489 2563977.019961562 0
227365.2295903928 2563997.017454725 0
227347.7528607374 2564006.741847417 0
227364.9127950806 2564017.014949986 0
227347.4360650138 2564026.739341585 0
227364.5959988465 2564037.012442151 0
227349.3368193379 2563906.754384039 0
227382.7063226288 2563987.293060292 0
227296.5898387951 2563955.925071259 0
227347.1192658048 2564046.736830502 0
227364.2792036305 2564057.009928965 0
227381.7559366841 2564047.285539885 0
227381.4391422755 2564067.283023965 0
227363.962415444 2564077.007422551 0
227381.1223507173 2564087.280513527 0
227363.6456231461 2564097.004909338 0
227380.8055612408 2564107.278006095 0
227363.32882908 2564117.002405746 0
227380.488769165 2564127.275495932 0
227363.012038995 2564136.999898477 0
227380.171980808 2564147.272987994 0
227398.2822898871 2564097.553610828 0
227329.9593313852 2564036.463735003 0
227362.6952540562 2564156.997387169 0
227379.8551911898 2564167.27047932 0
227397.3319209969 2564157.546084373 0
227397.015127663 2564177.543578334 0
227379.5383940151 2564187.267968464 0
227396.6983261294 2564197.541071488 0
227379.2215932868 2564207.265458098 0
227396.3815251315 2564217.538562096 0
227378.904788732 2564227.262947188 0
227349.6536042616 2563886.756894553 0
227366.8135435046 2563897.029982221 0
227178.3709735692 2563764.028425124 0
227396.0647181738 2564237.536054063 0
227027.7329478072 2563431.600759538 0
227296.2730426243 2563975.922558691 0
227017.2255884304 2563001.380343201 0
227044.8928907373 2563441.873842714 0
227414.4918720749 2564167.8192125 0
226995.3137703259 2563291.06966895 0
227015.9584941687 2563081.370316296 0
226945.4179863626 2563160.262893776 0
226942.2500372587 2563360.237795934 0
226944.4675768588 2563220.255366093 0
226943.5172108191 2563280.247846257 0
226941.2996661667 2563420.23028711 0
226940.9828865216 2563440.227782955 0
227378.587978136 2564247.260435062 0
227345.5353306048 2564146.72433627 0
227279.1131068166 2563965.649462745 0
227395.7479100557 2564257.533544022 0
227367.1303322504 2563877.032495556 0
227384.290271553 2563887.305578439 0
227247.9611202184 2563745.128368593 0
226991.5124055082 2563531.039533397 0
226887.2319228088 2562459.253422283 0
227029.2631812923 2562241.475710256 0
227029.5799605759 2562221.478221492 0
227046.7399026066 2562231.751292779 0
227047.0566690041 2562211.753797438 0
227029.8967309266 2562201.480730643 0
227064.2166209191 2562222.02686339 0
227047.3734283191 2562191.756302038 0
227030.2134779997 2562181.483239951 0
227063.8998617645 2562242.024357389 0
227081.3765758235 2562232.299932421 0
227081.0598176719 2562252.297424552 0
227098.5365341206 2562242.573003035 0
227098.2197726328 2562262.57049354 0
227115.6964902998 2562252.846076437 0
227115.3797284157 2562272.843565316 0
227097.9029999566 2562282.567994628 0
227115.0629684172 2562292.841053808 0
227132.5396848492 2562283.11663548 0
227132.2229269361 2562303.114125585 0
227114.7462047287 2562312.838551352 0
227131.906164755 2562323.111618052 0
227114.429433068 2562332.83604597 0
227131.589402663 2562343.10910979 0
227114.1126732082 2562352.833539762 0
227131.2726445898 2562363.10660074 0
227113.7959306408 2562372.831024558 0
227130.9558860309 2562383.104090888 0
227113.4791711646 2562392.828510463 0
227130.6391255152 2562403.101580176 0
227113.1624113473 2562412.82600147 0
227130.3223674815 2562423.099069901 0
227112.8456557858 2562432.823495021 0
227130.0056140963 2562443.09655962 0
227112.5289084837 2562452.82099056 0
227095.3689443993 2562442.547929394 0
227095.0521957235 2562462.545421291 0
227077.8922394348 2562452.272361173 0
227077.5754909027 2562472.269855964 0
227094.735456022 2562482.542915689 0
227077.2587449471 2562492.267349559 0
227060.4155294319 2562461.996802064 0
227148.7493674685 2562353.382180044 0
227094.4187063792 2562502.54040728 0
227076.9419928836 2562512.264838939 0
227094.1019501784 2562522.537898031 0
227076.6252382361 2562532.262327892 0
227059.4652902273 2562521.98927054 0
227059.148530409 2562541.986757884 0
227076.3084877512 2562552.259816281 0
227058.831777629 2562561.984252067 0
227075.9917377237 2562572.257308924 0
227058.515025201 2562581.981744088 0
227075.6749872822 2562592.254803141 0
227058.1982738754 2562601.979234389 0
227147.7990885744 2562413.374651358 0
227041.6718173691 2562551.711197315 0
227060.7322796677 2562441.999303493 0
227043.2555663705 2562451.723743547 0
227075.3582325078 2562612.252295844 0
227057.8815189415 2562621.976724571 0
227111.5786665531 2562512.813469084 0
227075.0414749809 2562632.249796833 0
227057.564763272 2562641.974222437 0
227040.4048046778 2562631.701154122 0
227040.0880491529 2562651.698643058 0
227057.2480054824 2562661.971708342 0
227039.771292063 2562671.696133929 0
227056.91682229 2562681.968974166 0
227039.4521321367 2562691.693587295 0
227056.5972560265 2562701.966422083 0
227039.1345055858 2562711.691071574 0
227056.2943036958 2562721.964136407 0
227038.8198893302 2562731.688595575 0
227055.9801970101 2562741.961672017 0
227038.5039342912 2562751.686092912 0
227055.664010136 2562761.959168913 0
227038.1874173068 2562771.683589215 0
227055.3473838852 2562781.95665889 0
227037.8707021243 2562791.681080623 0
227055.030647644 2562801.954149847 0
227037.5539561891 2562811.678568549 0
227054.7138892845 2562821.951641425 0
227037.2372112414 2562831.676083236 0
227022.9280944312 2562641.425585067 0
227021.3440931812 2562741.413051256 0
227096.3192177816 2562382.555440707 0
227329.6425325209 2564056.46122195 0
227312.4825954595 2564046.188127469 0
227298.8073642876 2563815.942630182 0
227383.0231178317 2563967.295572678 0
227400.1830552758 2563977.568667914 0
227400.4998533453 2563957.57118097 0
226852.3322131328 2563568.839862322 0
227094.7888233109 2563572.680540194 0
226972.4519267888 2563640.751363807 0
226901.8576350553 2562629.506421857 0
226718.1666891238 2562196.542669235 0
226700.6899559244 2562206.267071206 0
226717.8498960108 2562216.540159711 0
226700.373170483 2562226.264563146 0
226717.5331125753 2562236.53764761 0
226700.0563905348 2562246.26205313 0
226682.8964423357 2562235.988970157 0
226717.216336145 2562256.535137881 0
226682.5796645073 2562255.986458999 0
226665.419718314 2562245.713374076 0
226734.6930580373 2562246.810732697 0
226734.3762801219 2562266.808223606 0
226751.8530063217 2562257.083817391 0
226665.102940134 2562265.710863899 0
226647.9429957228 2562255.437774747 0
226949.8531126953 2562880.298153809 0
227173.619761888 2564063.990683796 0
227219.7146199124 2564434.767260122 0
227202.2379092153 2564444.491694691 0
227201.9211570658 2564464.48918917 0
227202.5546607416 2564424.494202238 0
227184.7611977794 2564454.216127825 0
227184.4444458722 2564474.213621237 0
226682.2628808618 2562275.983950377 0
227038.8743107291 2563821.826116502 0
227206.0390686852 2564204.521769895 0
227188.8791188848 2564194.248691912 0
227188.562353326 2564214.246184979 0
227171.402399377 2564203.973107507 0
227171.0856345292 2564223.970603763 0
227153.9256824742 2564213.697522985 0
227154.2424475847 2564193.700032072 0
227136.7657313684 2564203.424448693 0
227137.0824995258 2564183.426959894 0
227119.6057783232 2564193.151381188 0
227119.9225474937 2564173.153888207 0
227153.6089105938 2564233.695010192 0
227102.4458296099 2564182.878306428 0
227102.7625919661 2564162.880817211 0
227085.285876998 2564172.605238459 0
227085.6026372353 2564152.607745415 0
227102.1290611172 2564202.875802012 0
227068.1259223748 2564162.332171744 0
227068.4426821176 2564142.334676966 0
227050.9659676439 2564152.059102627 0
227051.282723881 2564132.06160799 0
227068.7594369175 2564122.337182339 0
227051.5994759835 2564112.06411384 0
227069.0761880602 2564102.339685519 0
227051.9162297538 2564092.066623141 0
227034.4395241341 2564101.791050335 0
227034.7562704241 2564081.793561428 0
227052.2329777141 2564072.069120474 0
227035.0730237065 2564061.796068732 0
227017.5963119755 2564071.520496681 0
227017.9130680893 2564051.523004668 0
227035.3897728613 2564041.798575491 0
227018.2298187337 2564031.525516568 0
227035.7065287612 2564021.801087044 0
227018.5465721382 2564011.528031755 0
227001.0698568559 2564021.252458758 0
227001.3866079807 2564001.254970348 0
226983.9098954134 2564010.979402946 0
226984.2266421572 2563990.981913397 0
227001.7033497322 2563981.257474422 0
226984.5433866574 2563970.984421394 0
227002.020095379 2563961.259981988 0
226984.8601463852 2563950.986904398 0
226967.3834247824 2563960.711362334 0
226967.7001871813 2563940.713844901 0
226950.2234612049 2563950.438303162 0
226950.540210858 2563930.440810342 0
226968.0169857857 2563920.716297115 0
226950.856979659 2563910.443300255 0
226933.3802465318 2563920.167758243 0
226933.6970043852 2563900.170264917 0
226951.1737447259 2563890.445809392 0
226934.0137815811 2563880.172765027 0
226916.5370524134 2563889.897210198 0
226916.8538099138 2563869.899704976 0
226934.3305390646 2563860.175275915 0
226917.1706125034 2563849.902167928 0
226899.6938452881 2563859.626641277 0
226900.0107139368 2563839.62906931 0
226882.5338865377 2563849.3535782 0
226882.8507136733 2563829.356047514 0
226865.3739273753 2563839.080520834 0
226865.6906893219 2563819.083021508 0
226883.167543906 2563809.358518676 0
226866.0074811823 2563799.085509961 0
226848.5307135266 2563808.809972928 0
226848.8474636423 2563788.812472357 0
226866.3242184169 2563779.087976629 0
226849.1642303379 2563768.814944808 0
226831.6874886495 2563778.539407649 0
226832.0042485172 2563758.541931168 0
226849.4810331233 2563748.817457442 0
226832.3210749892 2563738.544415402 0
226814.8442944934 2563748.268874352 0
226815.1610536335 2563728.271378105 0
226832.6378172691 2563718.546916321 0
226815.4778064784 2563708.273876733 0
226798.0010801572 2563717.998310559 0
226798.3178436051 2563698.000816355 0
226815.7945537707 2563688.276389689 0
226798.6345986889 2563678.003323364 0
226781.1578909293 2563687.727750719 0
226781.4746493945 2563667.730266281 0
226763.997934646 2563677.454681979 0
226764.3146991116 2563657.457200955 0
226746.8379771404 2563667.181606596 0
226747.1547447827 2563647.184111682 0
226764.6315323641 2563637.459686122 0
226747.4715822043 2563627.186566456 0
226729.9947955361 2563636.911026089 0
226730.3115762099 2563616.913532457 0
226747.7884567928 2563607.188929959 0
226730.6284001908 2563596.915971681 0
226713.1516005395 2563606.640466762 0
226713.4683987741 2563586.642964548 0
226730.9452870477 2563576.918327714 0
226713.7852115899 2563566.645418658 0
226696.3084108525 2563576.369906972 0
226696.6252240989 2563556.372394239 0
226714.1021313282 2563546.647741733 0
226696.94204548 2563536.374840555 0
226679.4652398508 2563546.099340935 0
226679.7820312095 2563526.101834512 0
226697.2588919916 2563516.377317004 0
226680.0988174933 2563506.104334888 0
226697.5756608603 2563496.37986503 0
226680.4155889755 2563486.106828894 0
226697.892309029 2563476.382430763 0
226680.7323633988 2563466.109347629 0
226698.2090803265 2563456.384939447 0
226681.0491352792 2563446.111861053 0
226698.5258952669 2563436.38744704 0
226681.365916403 2563426.114369098 0
226698.8426773334 2563416.389954772 0
226681.6826940197 2563406.116879872 0
226699.1594445396 2563396.392379032 0
226681.9994679329 2563386.119375119 0
226699.4761891284 2563376.394929104 0
226682.3162300962 2563366.121895525 0
226664.8394997397 2563375.846328571 0
226665.156281309 2563355.848816174 0
226682.6330127733 2563346.124405322 0
226665.4730608169 2563335.851319722 0
226682.9497820497 2563326.126914327 0
226665.789837215 2563315.853826332 0
226683.266616662 2563306.129340845 0
226666.1066330994 2563295.856320892 0
226683.5833836329 2563286.131885733 0
226666.4234226949 2563275.858831249 0
226648.9466840356 2563285.583245497 0
226649.2634741291 2563265.585751832 0
226666.7402063274 2563255.86134545 0
226649.5802554131 2563245.588263728 0
226667.0569833422 2563235.863857088 0
226649.8970316607 2563225.59077548 0
226667.3737118799 2563215.866364151 0
226650.2138047973 2563205.593281695 0
226667.6904814789 2563195.868873595 0
226632.7370909722 2563215.317673821 0
226650.5305860615 2563185.595789737 0
226668.0073045479 2563175.871385924 0
226650.8473708205 2563165.598302575 0
226668.3240872883 2563155.873896058 0
226631.786742622 2563275.310145157 0
226651.1641477505 2563145.600810036 0
226668.6408733487 2563135.876405067 0
226651.4809284313 2563125.603318634 0
226668.9576529414 2563115.878915357 0
226651.7977070088 2563105.605828333 0
226669.2744312689 2563095.881419174 0
226647.9963097033 2563345.575736921 0
226633.6874355783 2563155.325211087 0
226663.5724113301 2563455.836274906 0
226685.4840341473 2563166.146984574 0
226686.4343784394 2563106.154501644 0
226686.7511561748 2563086.157009733 0
226669.5912095824 2563075.883930099 0
226687.0679326425 2563066.159520677 0
226704.2280714711 2563076.432499534 0
226704.54479238 2563056.435060214 0
226687.3847359433 2563046.162025172 0
226704.8614640526 2563036.437608671 0
226684.5336651072 2563226.139284842 0
226722.0217001033 2563046.710642607 0
226722.3383352651 2563026.713211036 0
226705.1782625421 2563016.440118617 0
226722.6549389585 2563006.715721516 0
226662.6220190025 2563515.828793536 0
226705.4950142232 2562996.442629116 0
226722.9717520819 2562986.718202187 0
226705.8117906479 2562976.445136364 0
226723.2885082745 2562966.720726945 0
226739.8151334717 2563016.988697789 0
226700.4266075039 2563316.402328707 0
226816.1113150584 2563668.278899039 0
226934.6473114795 2563840.177749793 0
227120.2393126905 2564153.156401232 0
227050.6492043606 2564172.056595592 0
227033.489252351 2564161.783523781 0
226865.0571760766 2563859.078013938 0
226716.3194208312 2563406.665329366 0
226715.0522587768 2563486.655507543 0
226706.1285709775 2562956.447648 0
226723.6053000193 2562946.723249524 0
226740.7652325456 2562956.99633421 0
226741.0820349248 2562936.998858019 0
226758.2419694913 2562947.271948156 0
226758.5587614513 2562927.274460802 0
226741.3988281581 2562917.00136734 0
226758.8755543036 2562907.276972106 0
226741.7156166595 2562897.003875781 0
226759.1923481902 2562887.279482515 0
226776.0354953231 2562917.550066581 0
226688.3350801494 2562986.169552294 0
226742.0324101608 2562877.006383835 0
226759.5091736517 2562867.281992269 0
226746.5212211182 2563687.179103083 0
226729.3612594844 2563676.906032913 0
227052.8664808504 2564032.07413545 0
227053.1832347142 2564012.076650152 0
227070.3431939815 2564022.349692414 0
227070.6599351066 2564002.352211945 0
226805.2872504733 2563258.055735703 0
227265.1210544333 2563755.401469897 0
226894.8884708055 2563069.451236289 0
226825.6151304716 2563068.353853061 0
226949.9067098183 2563970.435797568 0
226932.7467481905 2563960.162742408 0
226932.4299972716 2563980.160232809 0
226915.2700375735 2563969.887179168 0
226818.6459291169 2563508.298662828 0
226818.3291414136 2563528.296149926 0
226801.1691997183 2563518.023057812 0
226800.852411669 2563538.020546816 0
227154.5592099558 2564173.702549502 0
226820.1760133924 2562318.173669324 0
227123.4069534777 2563953.181481504 0
227017.5423581972 2562981.382846821 0
227034.7023070664 2562991.655923791 0
227035.0190781518 2562971.658430181 0
227021.7143598234 2563811.553038435 0
227021.3975873329 2563831.550528498 0
226664.2059494116 2563415.84131995 0
226953.7081273163 2563730.465735759 0
226953.3913511304 2563750.463231175 0
226936.2314021213 2563740.190155364 0
226804.0200965281 2563338.045672085 0
227158.9939476584 2563893.73767782 0
227176.153900136 2563904.010746904 0
227176.4706665587 2563884.013255934 0
226891.9836178687 2562159.291072157 0
227057.6181298271 2563732.111741664 0
226886.2815781426 2562519.245885672 0
226869.1216374505 2562508.972801607 0
226868.8048509227 2562528.970287494 0
226851.6449115816 2562518.697203829 0
226851.3281237188 2562538.694688848 0
226834.1681783932 2562528.421601061 0
226833.8513890902 2562548.419090117 0
226834.4849674686 2562508.424119615 0
227149.3828832158 2562313.387203732 0
227111.2619089466 2562532.810960611 0
226833.2712663366 2563678.551970849 0
226833.5880321102 2563658.554483082 0
227027.3625113488 2562361.460668565 0
227315.9673056356 2563826.215724227 0
226634.3209813992 2563115.330236624 0
226634.6377598383 2563095.332747466 0
226617.1610337296 2563105.057157031 0
226617.4778132843 2563085.059667748 0
226806.5544768251 2563178.065716765 0
227091.3044815744 2563792.652886577 0
227023.2448437781 2562621.428092454 0
226715.685947112 2563446.660427468 0
226880.5795587955 2562879.200731906 0
226863.1028296689 2562888.925130451 0
226863.4196140398 2562868.92764279 0
226845.942885497 2562878.652042869 0
226846.259675958 2562858.654549204 0
226845.6261096935 2562898.64954191 0
226954.9215226481 2562560.338257505 0
226994.6802284159 2563331.064633857 0
227398.9158734959 2564057.55863333 0
226847.8972160104 2563848.804950042 0
226802.7530277052 2563418.03561806 0
226844.3590025957 2562978.639495142 0
226826.8822690618 2562988.363891825 0
226920.0217728576 2563669.924601044 0
226855.8168263746 2563348.867394944 0
226871.0761086904 2563479.12544426 0
226983.5931483261 2564030.976894022 0
227002.3368714814 2563941.262456702 0
227019.4968095051 2563951.535537113 0
227019.8135442898 2563931.538051186 0
227036.9735046567 2563941.811102483 0
226945.7347799725 2563140.265399463 0
226858.9846570048 2563148.892505655 0
226989.6118545308 2563651.024458161 0
227342.6851435791 2564326.701331388 0
227173.3030002267 2564083.988181603 0
227156.1430434682 2564073.715114273 0
226942.8836323808 2563320.242820172 0
227081.6933405293 2562212.302439929 0
227362.0616731866 2564196.992358036 0
227076.3617499868 2563642.397419362 0
226854.5497013457 2563428.857386722 0
226904.7624401232 2563539.666588066 0
227161.2111095286 2563753.755337615 0
227127.5248177029 2563693.21416239 0
227108.4644311541 2563802.92596658 0
227263.220332119 2563875.386396322 0
227262.9035317852 2563895.3839012 0
227226.0499028 2564034.81741188 0
227346.1689305775 2564106.729235842 0
227258.7859937904 2564155.35102275 0
227361.4280508578 2564236.987328573 0
226577.6920302486 2563004.872422578 0
226734.1746486145 2562596.797983043 0
226745.8764258338 2562477.269590203 0
226492.1641076654 2562243.287630585 0
226520.309049379 2563091.586561152 0
227003.1748317502 2564272.389738396 0
226604.0607144355 2563654.176876885 0
226736.6480254474 2563828.829564671 0
226560.794154274 2562284.342619997 0
226492.8651464283 2563304.493230091 0
226729.0181232713 2562677.037852744 0
227503.3032451752 2564176.337655559 0
227427.0119151101 2564487.763543202 0
227406.6619526608 2563785.186835459 0
227482.1376020556 2564253.733846623 0
227129.5112288556 2563442.114839715 0
227034.5494602958 2562078.062184353 0
226934.6391598098 2562009.761392505 0
227269.8920338808 2563641.472952065 0
227210.6341063369 2562498.44010555 0
227457.2845564442 2564347.795378122 0
227102.5128607549 2563349.499073738 0
227352.0972920026 2563729.350865606 0
227489.1685855932 2563973.952417935 0
226402.8852815194 2562180.189504494 0
226522.8427790631 2561996.44409849 0
226390.2078125284 2562022.639200462 0
226676.6015673122 2561968.526913564 0
226599.0906084786 2561983.3871997 0
227128.7919338478 2563613.224214667 0
227202.9451806194 2562231.279687779 0
227045.2096719583 2563421.876354275 0
227251.1157815622 2564549.240828246 0
226996.8977736905 2563191.082182609 0
226755.3375829499 2562037.111422053 0
226737.8608614786 2562046.835831776 0
226833.5543356956 2563982.657004354 0
227179.9549743529 2563664.041003349 0
227197.1149068138 2563674.314111323 0
226996.2641562992 2563231.077166046 0
227054.3971340819 2562841.949135136 0
227036.9204381253 2562851.673581906 0
226655.3658321787 2563713.183790462 0
227140.01724243 2562709.503251364 0
227323.3078811223 2564456.410711268 0
227340.7845968469 2564446.686287095 0
226807.4509583094 2562027.935669184 0
226598.9974331952 2562064.638553965 0
226616.4741623408 2562054.914148942 0
226633.6341101173 2562065.187243717 0
227316.284088836 2563806.218228149 0
227333.4440353039 2563816.491316546 0
227016.5920453655 2563041.375326651 0
226724.2388853545 2562906.728276213 0
226817.0082346275 2562518.148514583 0
226817.3250158903 2562498.151030074 0
226666.3018289192 2562848.278384136 0
227271.1944865069 2564465.586467536 0
227094.8023466221 2563102.101185211 0
227464.6036963747 2563877.947083124 0
227054.0803794942 2562861.946620554 0
227036.6035432161 2562871.671041261 0
227053.7636052409 2562881.944108321 0
227036.286640149 2562891.668508205 0
227033.1724803827 2564181.781010855 0
227263.3097478409 2562369.581498386 0
226461.6131743566 2563229.31238944 0
227413.8582615122 2564207.814173171 0
227093.1516986851 2562582.53037536 0
227116.0132528216 2562232.848585188 0
227015.3248982738 2563121.365278992 0
227377.0050772037 2564347.247459162 0
227047.690180131 2562171.758810883 0
227030.5302230993 2562161.485754651 0
227053.4468266689 2562901.941598689 0
226742.3492074111 2562857.008887854 0
226759.8259721415 2562847.284499324 0
226914.9532896376 2563989.884667521 0
227016.0125328754 2564171.507940122 0
227385.8475525505 2564531.746817504 0
226842.087632129 2562028.48434745 0
226859.2475832795 2562038.757436398 0
226858.9308062016 2562058.754923734 0
226876.4075308633 2562049.030519968 0
226876.090754539 2562069.028005997 0
226893.5674800325 2562059.303592279 0
226893.2507073284 2562079.30108483 0
226910.727430581 2562069.576666928 0
226910.4106558768 2562089.574157172 0
226600.0010925751 2563094.784075662 0
226599.6843102414 2563114.781562624 0
227130.4845156519 2562788.775400328 0
226460.1339902349 2562082.441267029 0
226442.6572613588 2562092.165657316 0
226927.8873800711 2562079.849744696 0
226927.5706097617 2562099.847233093 0
226945.0473361115 2562090.122825573 0
226944.7305595023 2562110.120311181 0
226962.2072865578 2562100.395906333 0
226961.8905048878 2562120.393393466 0
226512.2473872475 2562073.265577825 0
226529.7241149633 2562063.541187627 0
227092.5181883098 2562622.525368945 0
226544.9833214028 2562193.79921148 0
226562.1432573023 2562204.072311108 0
226527.8233902898 2562183.526110438 0
226633.9508916003 2562045.189747423 0
226651.1108369149 2562055.462842416 0
227019.4437082534 2562861.397983778 0
227020.3940801262 2562801.405504675 0
226783.6924712586 2563527.74744544 0
227022.2941975998 2562681.420563793 0
226953.3377513068 2562660.325723015 0
226935.914635494 2563760.187647656 0
226953.0745865695 2563770.460713333 0
227004.2376385524 2563821.277453336 0
227003.9208654421 2563841.274941049 0
227021.0808102766 2563851.548019998 0
227037.2902648723 2563921.813628895 0
226827.1990631842 2562968.366399474 0
227097.2694617131 2562322.56299102 0
226964.795400655 2563030.553582381 0
227043.5723149345 2562431.726251163 0
227026.0956062609 2562441.450677996 0
227025.7788543301 2562461.448177784 0
227087.8199059374 2564012.625261263 0
227087.5031561038 2564032.622744237 0
226648.2597746867 2562235.440286326 0
226630.7830370804 2562245.164681259 0
226963.845087515 2563090.546052108 0
226751.5362249092 2562277.081308365 0
226734.0594955827 2562286.805716873 0
226769.0129528572 2562267.356899142 0
226754.7040376305 2562077.106401404 0
227013.0535241835 2562171.210127926 0
227057.9349008352 2563712.114246491 0
226921.9223892077 2563549.939662939 0
226989.9286318554 2563631.026956079 0
227361.1112397858 2564256.984818544 0
227226.3666695913 2564014.819940402 0
227243.5265557537 2564025.092987221 0
227377.3218502937 2564327.250001611 0
227343.9513100238 2564246.711708558 0
227259.7362638602 2564095.358619296 0
226847.5804610651 2563868.802442423 0
227417.6597841782 2563967.844274495 0
227417.3430022697 2563987.841765677 0
227052.1790346783 2562981.931504908 0
227384.6070485612 2563867.308089311 0
227340.4678345958 2564466.683778374 0
227357.9445521888 2564456.959352086 0
227322.991125437 2564476.408192788 0
227201.6044055332 2564484.486678707 0
227184.1276953297 2564494.211112342 0
227167.2844876622 2564463.940560881 0
227167.6012400974 2564443.943064626 0
226830.420502572 2563858.529384482 0
226979.3672269052 2562110.668983553 0
226651.4276215114 2562035.465348836 0
226600.3178740552 2563074.786584198 0
226617.7945947195 2563065.062179052 0
227073.7164262022 2562671.037314825 0
227128.7386216273 2562523.086531064 0
227128.4218693378 2562543.084020127 0
227133.1732083701 2562243.121657073 0
227417.9765855073 2563947.846788206 0
227062.3696181471 2563432.14943922 0
227062.0528297372 2563452.146932158 0
226442.3404446672 2562112.163143839 0
226629.4713490167 2562325.314090629 0
226952.0707064677 2562740.315681637 0
226776.6691789365 2562877.555016614 0
226902.8618299775 2563659.651553676 0
226902.5450490943 2563679.649034561 0
227008.6188933504 2562451.175115737 0
227008.3021003376 2562471.172606629 0
226928.2580411047 2563149.989798171 0
227155.8262864134 2564093.712612561 0
227138.6663250172 2564083.439543465 0
226668.5875607141 2562045.738449988 0
226928.5748444694 2563129.992303826 0
226923.8229445761 2563429.954684279 0
227059.2018067168 2563632.124327972 0
227245.7436088485 2563885.110818658 0
227245.4267999827 2563905.108292592 0
227276.8962538276 2564105.631639428 0
227413.2246502815 2564247.809164161 0
227412.9078924676 2564267.806560111 0
226729.0445081429 2563696.903515603 0
226738.1776316278 2562026.838348239 0
226755.65435286 2562017.113927759 0
227265.4378519406 2563735.403975702 0
227282.5977875292 2563745.677075513 0
226424.6283825096 2562101.88127936 0
226425.4053082411 2562081.891079759 0
226926.364630076 2564159.940379238 0
226799.8482840351 2562507.875428889 0
226799.5314990128 2562527.872925424 0
226800.165064316 2562487.877936741 0
226817.6417967474 2562478.153540327 0
227051.8622639734 2563001.929001468 0
226800.481853009 2562467.880445791 0
226817.9585865222 2562458.156045394 0
227073.2819805031 2562712.930430183 0
226599.3142147732 2562044.641057854 0
226711.8845475665 2563686.630455585 0
226783.3756732162 2563547.744935987 0
226918.7546839804 2563749.914581874 0
227005.7681345739 2562631.152529964 0
227006.0848830663 2562611.155035627 0
227003.6040873522 2563861.272426569 0
227054.4502139668 2563932.086668116 0
226935.5978725399 2563780.185138549 0
226800.5356211166 2563558.018035446 0
227138.9830745984 2564063.442028875 0
226924.1397263164 2563409.957188466 0
226809.722324996 2562978.09079847 0
226809.4055367477 2562998.088287654 0
227044.8392364369 2562351.736259484 0
226751.21944032 2562297.078795083 0
226733.7427161581 2562306.803208623 0
226631.4699491668 2563295.307643603 0
226614.3100098879 2563285.034539686 0
226613.9932180276 2563305.032037331 0
226596.8332577921 2563294.758974371 0
226596.5164831814 2563314.756427999 0
226597.1500637784 2563274.761451004 0
226579.6733134895 2563284.485889943 0
226579.9901169456 2563264.488368127 0
226562.5133934294 2563274.212769719 0
226562.8301778162 2563254.215276161 0
226562.1965063789 2563294.210398669 0
226545.3534547978 2563263.939675873 0
226545.6702408409 2563243.942181947 0
226563.1469695558 2563234.217783221 0
226545.9870302927 2563223.944688764 0
226563.4637642108 2563214.220295995 0
226546.3038181467 2563203.947197105 0
226563.7805484781 2563194.222801723 0
226546.6206110097 2563183.949703262 0
226528.8270811625 2563213.671586141 0
226564.0973449687 2563174.225315119 0
227170.7688644404 2564243.968097369 0
227153.2921371135 2564253.692503546 0
227170.4520885369 2564263.965586786 0
227152.9753623299 2564273.689997728 0
227135.8154195668 2564263.416917486 0
227135.4986397034 2564283.414408157 0
227118.3387002069 2564273.141332106 0
227118.0219183172 2564293.138837076 0
227135.1818527489 2564303.411940184 0
227100.7958838376 2564282.90251466 0
227099.6429876838 2564303.13065582 0
227170.1353147865 2564283.963078429 0
226579.6199936939 2562194.347915233 0
226579.3031895497 2562214.345411323 0
227058.8850299137 2563652.121802384 0
226927.9412376715 2563169.987290316 0
226944.4137907726 2562130.117807121 0
226851.0113386999 2562558.692176742 0
226833.5346064474 2562568.416583062 0
226850.6945617378 2562578.689666075 0
226833.2178362237 2562588.414076699 0
226816.0578790149 2562578.140995366 0
226815.7411105983 2562598.138485149 0
226832.9010574421 2562608.411570074 0
226815.4243328652 2562618.135973843 0
226832.5842774501 2562628.409060855 0
226815.1075496003 2562638.133467424 0
226832.2674987341 2562648.406550463 0
226814.790770811 2562658.130960295 0
226831.9507245303 2562668.404042153 0
226814.4739975358 2562678.128445212 0
226831.6339524678 2562688.401533584 0
226814.1572233121 2562698.125935972 0
226831.317174464 2562708.399023759 0
226813.8403955939 2562718.123503757 0
226831.0003872705 2562728.396524217 0
226813.5235732138 2562738.121009221 0
226830.6836030276 2562748.39401466 0
226813.2068038001 2562758.118465427 0
226830.3668257435 2562768.391502039 0
226812.8900331691 2562778.115982184 0
226795.7298702929 2562767.84308265 0
226830.0500511038 2562788.389007696 0
226812.5732779937 2562798.11345261 0
226796.6803868413 2562707.850506453 0
226797.314050183 2562667.85536774 0
226797.9476037164 2562627.860384513 0
226798.5811629459 2562587.865409635 0
227414.8086596044 2564147.82169495 0
227431.9686094721 2564158.094821053 0
227432.2853875486 2564138.097299309 0
227449.4453687156 2564148.370422428 0
227449.7621235421 2564128.372910611 0
227449.1286442177 2564168.367968932 0
226976.1994446456 2562310.643926145 0
227129.0553856014 2562503.089043546 0
227146.2153343067 2562513.362115731 0
227146.5321074972 2562493.36462816 0
226631.0998351552 2562225.167195263 0
227358.2613101455 2564436.961849031 0
226932.1132462111 2564000.15772193 0
226914.6365342953 2564009.88215639 0
226931.7964936529 2564020.15521564 0
226683.5300137463 2562195.993986232 0
226957.4556864116 2562400.358402402 0
226823.6605951983 2562098.201242797 0
226864.7404184989 2563879.075505542 0
226847.2637042739 2563888.799932456 0
226864.4236631638 2563899.07300317 0
227050.3324318244 2564192.054089852 0
227032.8557052333 2564201.778497956 0
227050.0156539285 2564212.051580622 0
227206.9893915975 2564144.52930586 0
226955.8717124949 2562500.34575998 0
226973.031699608 2562510.618874523 0
226888.8158270941 2562359.265954819 0
226849.4274531844 2562658.67963386 0
226816.4280904345 2563648.281410441 0
226833.9047971744 2563638.556995175 0
226816.7448568598 2563628.283923687 0
226912.3652074933 2563059.72683734 0
226912.6819869335 2563039.729346713 0
227045.1560149287 2562331.738771339 0
227248.2779117791 2563725.130878153 0
226848.4771190244 2562718.672105656 0
226769.3297294171 2562247.359409679 0
226786.4896796258 2562257.632488203 0
226847.5267876443 2562778.66457894 0
226949.5361560324 2562900.295584215 0
226967.0128632177 2562890.571185588 0
226746.2044681557 2563707.176590969 0
227101.1677426174 2564262.874383568 0
227083.4805136882 2564272.651632777 0
226757.9251833671 2562967.26944164 0
226847.2100161027 2562798.662080743 0
227086.2361488521 2564112.612751131 0
227086.5528989114 2564092.615256003 0
226581.2572896268 2563184.498408694 0
227044.5224539322 2562371.733753551 0
227016.3293041399 2564151.510449773 0
226998.8525788536 2564161.234861405 0
226999.169357716 2564141.237369098 0
226952.757824635 2563790.458208473 0
227104.9798730575 2564022.898317927 0
226786.8064509864 2562237.634995017 0
226803.9664005913 2562247.908077362 0
226961.573741949 2562140.390875635 0
227343.6344991368 2564266.709198354 0
226784.009266658 2563507.749962968 0
226766.5325347636 2563517.474346721 0
226766.849324522 2563497.476861921 0
227290.5718068374 2564335.877110518 0
226923.5061803629 2563449.952173094 0
226922.2391752379 2563529.942173336 0
227110.3649058086 2563682.941098893 0
227040.7749508631 2563701.841172232 0
227075.0948516296 2563722.387321455 0
227052.4957937558 2562961.934018432 0
227035.3358590922 2562951.660948114 0
227108.7812066158 2563782.928466982 0
227125.9411342713 2563793.201581791 0
227326.4745702579 2564256.436087942 0
227326.7913952024 2564236.438608547 0
227326.1577544597 2564276.433583795 0
226742.6660037386 2562837.011393849 0
226760.1427436925 2562827.287005836 0
226777.3026677938 2562837.560102318 0
226546.9374133658 2563163.952214503 0
226582.5244016041 2563104.50848033 0
226897.7933296574 2563979.611617669 0
226898.1100706579 2563959.614126124 0
227150.1245284078 2564453.667493017 0
227150.4412752251 2564433.670008932 0
227062.6863996866 2563412.151950188 0
227045.5264542316 2563401.878863389 0
227197.4317158122 2563654.316619135 0
226998.4790878418 2564181.387502544 0
227214.5916422402 2563664.589726288 0
227394.4817919507 2564337.523038673 0
227394.1650284532 2564357.520523332 0
226724.8724717591 2562866.733285016 0
227401.7669890714 2563877.581167757 0
226529.4606756623 2563173.676598159 0
227073.1407545466 2562752.2347557 0
227071.557083573 2562852.222197371 0
227333.7608108961 2563796.493823549 0
227350.9207610563 2563806.766917592 0
227114.8284608105 2564532.627381003 0
227063.003178044 2563392.154455411 0
227045.8432308847 2563381.881374224 0
226809.3902207137 2561946.915384665 0
227357.6277910261 2564476.956844203 0
226668.9043277862 2562025.740969517 0
226728.7277522995 2563716.901001926 0
226745.8877085065 2563727.17408611 0
227435.1365156777 2563958.11988028 0
227032.5389264552 2564221.775994761 0
227375.10450897 2564467.232418328 0
226742.9827970044 2562817.013909178 0
227072.5073681317 2562792.229732207 0
226981.692626859 2564150.961782425 0
226982.0094065838 2564130.964290291 0
227047.7529588861 2562151.304882678 0
227065.1245615688 2562161.958312639 0
227030.8118038077 2562141.15208155 0
226338.3183802731 2562056.015208143 0
226728.4109870669 2563736.898498153 0
226745.5709337036 2563747.171575718 0
227079.8463414761 2563422.425036553 0
227265.754642701 2563715.406482897 0
226512.5641779512 2562053.268090503 0
227133.489971799 2562223.124164642 0
226600.6346522267 2563054.789088341 0
226618.1113816593 2563045.064686739 0
227106.4459382515 2562987.618756896 0
226914.3197767323 2564029.879645797 0
226931.4797264507 2564040.152696119 0
226859.5643594511 2562018.759947381 0
226842.4044115942 2562008.486854277 0
226527.506588145 2562203.523598517 0
226510.3466519398 2562193.250502334 0
226561.826457485 2562224.069801631 0
226578.9863911689 2562234.342904225 0
226630.4662658928 2562265.162172411 0
226664.7861527872 2562285.708354387 0
226681.9460897962 2562295.981443448 0
226634.267677094 2562025.192256282 0
226828.7829450252 2562868.378953015 0
226760.4595365692 2562807.289516108 0
226783.05887255 2563567.742427641 0
226834.2216233438 2563618.559435027 0
226851.381524837 2563628.832566181 0
226850.7480314938 2563668.827560954 0
226986.7609162343 2563831.001869117 0
226991.1421296688 2562460.899547965 0
226991.4589202204 2562440.902066999 0
227054.7669668894 2563912.089185208 0
227026.4123144517 2562421.453183852 0
226911.0981024074 2563139.716692463 0
226810.0391174871 2562958.093309084 0
226800.7986449767 2562447.882951194 0
227088.1366571799 2563992.627792507 0
227401.4502196502 2563897.578658395 0
227061.0490279538 2562422.001815829 0
227020.1303555758 2563911.540542324 0
226910.0938834075 2562109.571654782 0
227220.0313619179 2564414.769759723 0
227202.8714121068 2564404.496709609 0
227366.4967615549 2563917.027469699 0
226850.0610079295 2562618.684654293 0
226804.28317353 2562227.910581047 0
226821.4431202604 2562238.183660541 0
226821.1263512839 2562258.181152347 0
226838.603070649 2562248.456741491 0
226838.2863059542 2562268.4542294 0
226855.7630315809 2562258.729809265 0
226855.446265135 2562278.727301897 0
226872.92298534 2562269.0028778 0
226872.6062127432 2562289.000374781 0
226890.0829394123 2562279.275957778 0
226889.76615499 2562299.273451977 0
226907.2428886881 2562289.549041253 0
226906.9260976491 2562309.546537409 0
226924.4028354286 2562299.822138251 0
226668.2707796638 2562065.735938119 0
226875.7739806601 2562089.025495873 0
226835.1185254003 2562468.429146323 0
226835.4353229511 2562448.431651008 0
227279.4299042989 2563945.651976272 0
227261.953172036 2563955.376367356 0
226825.9319233428 2563048.356359015 0
226808.4551841938 2563058.080755606 0
227399.2326759056 2564037.5611494 0
227416.3926149541 2564047.834249559 0
226919.0714404237 2563729.917090442 0
226901.5947210607 2563739.641537067 0
227025.4620904919 2562481.445672976 0
227053.4999725609 2563992.079155555 0
227367.4471199736 2563857.034999083 0
227384.9238383767 2563847.310603954 0
227043.9425401517 2563501.866308196 0
227061.1024859048 2563512.139395253 0
226829.0997339502 2562848.381462325 0
226827.5158520618 2562948.368907156 0
227312.7993978058 2564026.190637184 0
226580.6237001532 2563224.493392041 0
226940.6661131783 2563460.225270567 0
226923.1894214441 2563469.949691992 0
226803.0160707547 2562307.900567099 0
226581.8374916825 2562054.365465184 0
227316.600867769 2563786.220737798 0
227049.698882999 2564232.049070177 0
226863.7364024768 2562848.930159435 0
226966.6960744476 2562910.568654726 0
226984.1727963055 2562900.844236562 0
226970.2345338012 2563780.733785314 0
226493.8202700048 2562142.982451309 0
226476.3435320597 2562152.706839364 0
227138.3495641156 2564103.437032761 0
227155.5095175857 2564113.710111924 0
226817.0618058747 2563608.286230537 0
226581.5740734931 2563164.500919569 0
227248.5947020452 2563705.133387943 0
227266.071429505 2563695.408993685 0
226685.7475070194 2562056.011544054 0
226977.7833854015 2562210.656479421 0
226912.0484419116 2563079.724315575 0
226906.6630012777 2563419.681587607 0
226906.9797896151 2563399.684099591 0
226939.3991200759 2563540.215263291 0
227360.7944080394 2564276.982267609 0
227041.7250797641 2563641.848722683 0
227193.630618535 2563894.28632614 0
227193.9473341184 2563874.288832375 0
227176.7874209508 2563864.015765818 0
227193.3137005808 2563914.283869782 0
227194.2641338413 2563854.291345295 0
227177.1041838503 2563844.018275177 0
227194.580897429 2563834.293851051 0
227177.4209452599 2563824.020786136 0
227159.9442484585 2563833.745197569 0
227295.322673375 2564035.91505541 0
227261.6363734689 2563975.373857249 0
227244.476465136 2563965.100710824 0
227295.0058991732 2564055.912460798 0
227394.7985778341 2564317.525589056 0
226528.1935141461 2563253.666580203 0
227149.8077712015 2564473.664986382 0
226927.7286198023 2562060.646577608 0
226893.884260417 2562039.306103415 0
226530.0409122931 2562043.543695507 0
227430.3845895533 2564258.08226769 0
227334.0775911955 2563776.496330972 0
227150.6499275092 2562233.39723667 0
227411.958510646 2564327.798621221 0
227201.2876629067 2564504.484167726 0
227183.8109530585 2564514.208604497 0
226738.4943955434 2562006.840859815 0
226721.0176791077 2562016.56528433 0
227430.0677590957 2564278.079772961 0
226979.6840103949 2562090.671497679 0
226407.2655628018 2562090.906721398 0
226408.33047502 2562071.276576423 0
226425.7976357524 2562061.837660634 0
226847.3609993247 2563908.105793739 0
226864.1759123338 2563918.955225255 0
227063.3199539544 2563372.156962001 0
227046.1600076898 2563361.883884906 0
226782.3715540231 2562517.599839067 0
226780.9723134754 2562537.580203312 0
226880.6333653345 2563969.338570487 0
226859.8811408711 2561998.762456798 0
226582.0859386397 2562034.245181761 0
226997.8263412294 2562100.824586435 0
226755.9711112248 2561997.116439571 0
227070.9235710637 2562892.217173901 0
227070.606818668 2562912.214665703 0
226725.5060553046 2562826.738296655 0
227063.6367291156 2563352.159473722 0
227046.4767729657 2563341.886398367 0
227466.7376595367 2564138.643088215 0
227467.208123247 2564118.648032086 0
227450.073788815 2564108.375336732 0
227467.5496731815 2564098.650932267 0
227450.3938583827 2564088.377901033 0
227467.8711358902 2564078.653517624 0
227484.7094726071 2564108.924030362 0
227435.4533148791 2563938.122376003 0
226527.8767318506 2563273.664073621 0
226424.2195338299 2562121.877302151 0
227452.6132537501 2563948.395488596 0
227418.9269461557 2563887.854249276 0
227419.243717924 2563867.856764116 0
227163.6920571127 2562503.637716969 0
227164.008830907 2562483.640219914 0
227065.1802860895 2562141.491704672 0
226964.5326793891 2564140.688696614 0
226964.8494531609 2564120.691208194 0
226982.3261752561 2564110.966802685 0
226965.1662255452 2564100.693723944 0
226743.2995938911 2562797.016415354 0
227374.7877490468 2564487.229910371 0
227452.2964503035 2563968.392972671 0
227132.6478121484 2564463.391912303 0
226897.1598273382 2564019.606578204 0
226947.6895070203 2564110.418120431 0
226948.0062865677 2564090.420646919 0
226965.4829687414 2564080.6962575 0
226529.7774845024 2563153.679105861 0
226547.2542202516 2563143.954730892 0
226512.300744417 2563163.403490858 0
226783.3219118946 2562457.607352791 0
227082.5859882034 2562152.20641894 0
227214.9084506122 2563644.592235621 0
227197.7485185206 2563634.319128097 0
226561.5096561273 2562244.067289187 0
226578.6696019834 2562254.340396666 0
227032.2221594225 2564241.773495282 0
226664.4693605738 2562305.705836821 0
226681.6292917765 2562315.978934944 0
226750.9026662267 2562317.076278932 0
226984.4897217476 2562880.846755594 0
226765.8989281609 2563557.469320939 0
226760.7763292114 2562787.29202904 0
226733.4259436168 2562326.800696762 0
226988.608172501 2562620.879473798 0
226988.9248625095 2562600.88197787 0
227006.4016284868 2562591.157544549 0
226988.2914301167 2562640.876969925 0
226989.2416105816 2562580.884479542 0
226901.2778912338 2563759.639029013 0
226810.3558625613 2562938.095816225 0
226951.8072952876 2563850.450819361 0
227007.9853361678 2562491.170097491 0
226851.6983093988 2563608.835049754 0
227071.9269496877 2563922.36223908 0
227071.6101903972 2563942.35973941 0
226935.2810982183 2563800.182616555 0
226792.2456151604 2562987.815228816 0
226791.928798268 2563007.812683736 0
227062.315962074 2562342.011849623 0
227123.0901849234 2563973.178956484 0
227020.7640316362 2563871.545510675 0
227062.6327485519 2562322.014358848 0
226929.8419379853 2563050.002430425 0
227104.6631240337 2564042.895822166 0
227122.1398382469 2564033.171397798 0
226712.2012973971 2563666.632970931 0
226694.4523565771 2563676.812130244 0
226694.9959626599 2563656.435699316 0
226677.2394607309 2563666.627488873 0
226677.8196166966 2563646.190007735 0
226694.4078447978 2563696.354904962 0
226660.3401788416 2563655.919005488 0
226660.7214087701 2563635.813795047 0
226678.1878288455 2563626.106552016 0
226661.0364439854 2563615.819167641 0
226643.5611694185 2563625.541212153 0
226643.8778697953 2563605.543798717 0
226626.4013893371 2563615.267838262 0
226626.7181749313 2563595.270292108 0
226644.1948941792 2563585.545855088 0
226627.0350065822 2563575.27268092 0
226609.5582781645 2563584.997114038 0
226609.8750592659 2563564.999608537 0
226627.3517820885 2563555.275189985 0
226610.1918372151 2563545.002112736 0
226592.2363305719 2563574.915702874 0
226627.6685556288 2563535.277697851 0
226610.5086126989 2563525.004618996 0
226593.0318891756 2563534.72902821 0
226593.3486695322 2563514.731531912 0
226610.8253895181 2563505.007128289 0
226593.6654547634 2563494.734037721 0
226611.1421702189 2563485.009636675 0
226593.9822345601 2563474.73655041 0
226611.4589545674 2563465.01214642 0
226594.2990099694 2563454.739062037 0
226611.7757359218 2563445.014655654 0
226594.6157890433 2563434.74157252 0
226612.0925125566 2563425.017163672 0
226594.9325665132 2563414.744085191 0
226612.4092827108 2563405.019670686 0
226595.2493324893 2563394.746599719 0
226612.7260530288 2563385.022178611 0
226595.5660898513 2563374.749109857 0
226578.0893788765 2563384.473546066 0
226578.4061170237 2563364.476052091 0
226577.3260029916 2563465.368742338 0
226577.8975046342 2563424.47548761 0
226575.8719482059 2563524.455931114 0
226560.9294130137 2563374.200497245 0
226561.2461466584 2563354.203000473 0
226543.129614907 2563364.52988685 0
226543.9795439401 2563344.030361517 0
226561.5450999888 2563334.222234352 0
226544.6609908151 2563323.956415017 0
226595.8828610261 2563354.751553766 0
226628.6188805778 2563475.285234271 0
226441.9162646591 2562132.158930621 0
226424.4216064042 2562141.883005391 0
226441.696681184 2562152.157970753 0
226811.6229069152 2562858.105892468 0
226811.3061985502 2562878.103357043 0
226511.9839317462 2563183.400982926 0
226613.6764097893 2563325.02953383 0
227063.5830891837 2562262.021852917 0
226749.3725611687 2563507.201249347 0
226749.689343782 2563487.203763196 0
226901.9114745858 2563719.644039348 0
226884.4347574713 2563729.368493072 0
226884.7514548441 2563709.371000494 0
227254.6680502564 2564415.318407292 0
227067.175615525 2564222.324653117 0
226930.7923032626 2562990.009943441 0
227276.5794621725 2564125.629061814 0
227294.0561254171 2564115.904658532 0
227293.7391646759 2564135.902283178 0
227116.3300187566 2562212.851094423 0
227133.8067360506 2562203.126673934 0
227116.6467774228 2562192.853599549 0
227243.2098288673 2564045.090473859 0
226856.0797966078 2562238.7323134 0
226599.551263261 2562024.500301671 0
226905.0792236025 2563519.669094532 0
226922.5559505425 2563509.944686485 0
227430.7014030194 2564238.084790738 0
226944.0970286034 2562150.115304105 0
226961.2569924556 2562160.388365191 0
226808.1384011857 2563078.07825148 0
226790.9784507585 2563067.805158515 0
226790.661674142 2563087.802650196 0
226773.50173209 2563077.529562285 0
226773.1849488227 2563097.527052413 0
226756.0250045478 2563087.253966343 0
226755.7082224763 2563107.251460311 0
226773.8185408131 2563057.53206933 0
226738.5482791599 2563096.978371114 0
226738.2314541096 2563116.975863191 0
226755.3914294437 2563127.248956136 0
226737.9146567911 2563136.97335415 0
226755.07463429 2563147.246450877 0
226737.5978214349 2563156.970917918 0
226754.7578284218 2563167.243952712 0
226737.2810409027 2563176.968456885 0
226754.4410298143 2563187.241452739 0
226736.9643140096 2563196.96586197 0
226754.1242390772 2563207.238939268 0
226736.6475004753 2563216.963313145 0
226753.8074282071 2563227.236430469 0
226736.330681173 2563236.960794459 0
226753.4906007465 2563247.23391709 0
226736.0138640933 2563256.958285849 0
226753.1737862067 2563267.231402942 0
226735.6970514378 2563276.955778781 0
226752.8569796466 2563287.228889626 0
226720.4376764987 2563146.6979797 0
226719.4875654917 2563206.690193557 0
226718.5371245574 2563266.682662952 0
226735.3802365109 2563296.953266791 0
226752.5401634227 2563307.226381126 0
226770.3337148771 2563277.504545796 0
226735.0634224776 2563316.950753928 0
226752.2233407097 2563327.223874224 0
226734.7465997611 2563336.948240491 0
226751.9065152258 2563347.22136589 0
226734.4297691734 2563356.94572678 0
226751.5896920601 2563367.218854444 0
226769.0664408695 2563357.494496068 0
226768.7496052753 2563377.491992098 0
226769.7000835555 2563317.499508237 0
226751.2728476854 2563387.216337878 0
226768.4327864787 2563397.489437744 0
226770.9673442032 2563237.509569073 0
226771.600980692 2563197.514540746 0
226972.7687048078 2563620.753875072 0
226990.2454121381 2563611.029464776 0
226973.0854828432 2563600.756380968 0
226990.5621998776 2563591.031971069 0
226973.4022570045 2563580.758897574 0
227025.1453460809 2562501.44316415 0
227007.6685740182 2562511.167582313 0
227111.9487680809 2563582.953631341 0
227112.2655489456 2563562.95613933 0
227129.4254935729 2563573.229228207 0
227128.5604909415 2563553.213014297 0
227112.3853646803 2563542.95552963 0
227128.4838465436 2563533.455229848 0
227112.7572424465 2563522.96958037 0
226930.1587082399 2563030.004942406 0
227166.6509852888 2564503.935548082 0
227074.7780831854 2563742.384815763 0
227092.2548055075 2563732.660403176 0
226881.5951219494 2563909.326871483 0
226894.5717087044 2563089.448701275 0
227041.4083627345 2563661.846207922 0
227187.9288115323 2564254.241186544 0
227450.7119781542 2564068.38043317 0
227468.1889339535 2564058.656046097 0
227451.0291652436 2564048.382949774 0
227468.5059690327 2564038.658561377 0
227451.3460733159 2564028.385454253 0
227416.7094276639 2564027.836756851 0
226868.1712882928 2562568.965259117 0
226926.9370760137 2562139.84223132 0
227400.8166539674 2563937.573672679 0
227038.2407551356 2563861.821098466 0
227087.1863998005 2564052.620231786 0
227222.8822568196 2564234.792344929 0
226855.1294906579 2562298.7247913 0
226735.3266284635 2562206.815761951 0
227027.0457286439 2562381.458156616 0
227104.3463785976 2564062.893344097 0
226773.1310708205 2562007.389495782 0
226649.2101228553 2562175.447793822 0
226631.7333862522 2562185.172188851 0
226614.5734541118 2562174.899092304 0
226495.08744311 2562062.992486499 0
226871.3928830795 2563459.127961794 0
226596.7799378675 2562204.621005777 0
227433.2353657244 2564078.104830715 0
226978.7336992953 2562150.663926676 0
226667.6372211447 2562105.730926911 0
226685.1139424544 2562096.006525904 0
226702.2738835799 2562106.279620138 0
226702.5906721714 2562086.282126178 0
227106.5637304468 2563922.910903641 0
226864.6867385984 2562788.937662967 0
226869.4384119138 2562488.975311837 0
226706.4453628068 2562936.450160093 0
226688.9686259388 2562946.174564569 0
226689.2854206441 2562926.177069127 0
226671.8086825918 2562935.90145892 0
226671.4919005367 2562955.898964489 0
227082.3101919192 2562172.277517159 0
227099.7692016709 2562162.597519119 0
226546.8840488086 2562073.814277284 0
227006.718388528 2562571.160057613 0
226989.5584403969 2562560.886981434 0
226799.5848851985 2563618.010851725 0
227049.3821179766 2564252.046557381 0
227150.3331598287 2562253.394727941 0
226648.5765512299 2562215.442787563 0
226772.2345787126 2563157.519551413 0
227092.0166447848 2562642.190772966 0
227108.7261323283 2562632.641580217 0
227110.2506587128 2562654.194891267 0
227109.8362373562 2562612.774802813 0
226763.0476638109 2563737.447169441 0
226762.730879937 2563757.444660844 0
226745.2541524509 2563767.169060717 0
226762.4141028316 2563777.442147188 0
226779.8908251392 2563767.717735808 0
226779.5740636503 2563787.715229893 0
226889.4493716518 2562319.270943253 0
226906.6093060077 2562329.544032949 0
227095.4018053479 2563532.685890564 0
227095.7120811645 2563512.689534068 0
226903.1247458979 2562549.51646131 0
226907.5596672843 2562269.551551249 0
226544.3497261317 2562233.794186129 0
227185.3946976371 2564414.221143031 0
227185.7114442468 2564394.223652082 0
227203.188150623 2564384.49921573 0
227186.0281900401 2564374.226156772 0
227168.5514809974 2564383.950590166 0
227168.8682355636 2564363.953101151 0
227151.3915211865 2564373.677532921 0
227151.7082701858 2564353.680044747 0
227169.1849776399 2564343.95560516 0
227134.2315611826 2564363.404479752 0
227133.914811645 2564383.401966664 0
227116.9415973755 2564373.131868783 0
227117.1027212277 2564353.131919407 0
227116.6559759047 2564393.129852348 0
227189.1958898493 2564174.251212592 0
226867.854511919 2562588.96274405 0
226983.8560268207 2562920.841720107 0
227001.3327476797 2562911.117293984 0
227061.4192628791 2563492.141908632 0
227058.2516325912 2563692.116763065 0
227244.7932341734 2563945.103262261 0
227227.3165052606 2563954.827654134 0
226771.5472031035 2562107.376979559 0
227295.6394594061 2564015.917531815 0
226830.737250084 2563838.531891008 0
226813.260541444 2563848.256329361 0
226813.577278197 2563828.258831359 0
226815.08745586 2563868.608960873 0
226795.544292391 2563838.148275131 0
227246.3772599809 2563845.115785469 0
226811.9395756246 2562838.108485697 0
226635.2713221738 2563055.337775839 0
226635.588112426 2563035.340288728 0
226618.0027811774 2563024.900534865 0
226635.4051479745 2563015.308230931 0
226749.0557866278 2563527.198732941 0
226647.3094208539 2562295.432743619 0
227333.1272541864 2563836.488807571 0
226865.0035141536 2562768.940161321 0
226919.7049943495 2563689.922105612 0
227028.3665139999 2563391.605783047 0
227004.5544089895 2563801.279961326 0
226597.4668447788 2563254.763957072 0
227042.0418722075 2563621.851247078 0
227218.7643664905 2564494.759732278 0
226769.6465134156 2562227.361910251 0
226918.121114156 2563789.909560258 0
227282.2809851808 2563765.674567859 0
227105.9301717383 2563962.905890684 0
226719.750615981 2562096.555218109 0
227214.274835935 2563684.587209784 0
226629.8860006167 2563395.295256908 0
226783.6387007003 2562437.609863352 0
226801.1154391173 2562427.885483542 0
227015.3891951044 2564211.503076008 0
226850.4312056767 2563688.825018614 0
226767.1661086356 2563477.479362057 0
226750.0061608903 2563467.206274888 0
226767.4828882806 2563457.481876551 0
226750.322948861 2563447.208787122 0
227316.9176459624 2563766.223250193 0
226598.7340144566 2563174.774005796 0
226598.4172368076 2563194.771497368 0
226767.7996151171 2563437.484364409 0
226939.0823395133 2563560.212749986 0
226864.369966832 2562808.935156609 0
227248.9114964512 2563685.135899747 0
226952.4409799379 2563810.45573275 0
227007.0351578431 2562551.16255956 0
227029.0000643305 2563351.610809415 0
227125.6243786683 2563813.199047496 0
227143.1010905016 2563803.474649962 0
227001.0159739082 2562931.114780014 0
227018.4928256593 2562921.390379879 0
227345.2185315346 2564166.721791745 0
226629.2524571335 2563435.290246567 0
226652.9815457244 2563025.610131102 0
226653.2844589197 2563005.61168451 0
226635.6933447734 2562995.331639149 0
226599.0507837179 2563154.776519919 0
226996.690871342 2562120.9220735 0
227015.4354197141 2562110.230385887 0
226581.890851164 2563144.503433374 0
226956.5590610796 2563550.48835366 0
227122.4565961163 2564013.173895274 0
227000.4363588001 2564061.247428146 0
226940.3493802754 2563480.222769675 0
226889.5030795525 2563409.408514143 0
226889.8198686001 2563389.411019205 0
226907.2965796487 2563379.68660798 0
226890.1366465738 2563369.413530442 0
226907.6133636222 2563359.689123354 0
226890.4534241909 2563349.416039367 0
226907.9301507504 2563339.691637565 0
226890.770209575 2563329.418546244 0
226908.2469378448 2563319.694149351 0
226891.0870125478 2563309.421058696 0
226908.5637174012 2563299.696652146 0
226891.403789687 2563289.423568998 0
226908.8805088332 2563279.699167007 0
226891.7205777294 2563269.426071399 0
226909.1973019695 2563259.70168167 0
226892.037375254 2563249.428586834 0
226909.5140885189 2563239.704184282 0
226892.3541576456 2563229.431096764 0
226909.8308815244 2563219.706684119 0
226892.6709418886 2563209.433600896 0
227003.2872954657 2563881.269907581 0
226986.1273621563 2563870.996837338 0
226905.3959938897 2563499.671613423 0
227007.722113228 2563601.305066466 0
227029.3168200224 2563331.6133314 0
227046.7935237394 2563321.888902091 0
227029.6335609902 2563311.615843928 0
227047.1102673162 2563301.891409962 0
226990.8789435669 2563571.034489871 0
227294.3727422223 2564095.907194977 0
226978.4169451699 2562170.661413504 0
227395.4313383273 2564277.530841825 0
226750.9559888208 2563407.213821595 0
227076.0449974092 2563662.394894081 0
227328.0585981371 2564156.44872664 0
227327.7418088302 2564176.446198576 0
227310.5818837144 2564166.173164392 0
227310.2650947341 2564186.170618946 0
227327.4250334111 2564196.443673864 0
227194.8976192376 2563814.296364384 0
227177.7376452786 2563804.023339327 0
227126.2578890017 2563773.204108681 0
227029.9503134094 2563291.61834391 0
227046.9695851968 2563281.886667777 0
227030.190819544 2563271.619639 0
227227.6333014673 2563934.830192682 0
227211.4239676511 2563864.564512783 0
227210.1566552138 2563944.554562159 0
227309.3147091113 2564246.162946963 0
226774.7688610757 2562997.53958255 0
226774.4520654427 2563017.537071219 0
227226.9998922122 2563974.825091921 0
227293.1052656582 2564175.897488081 0
227311.2157357219 2564126.177953898 0
227309.9483459903 2564206.168009875 0
226914.0030083968 2564049.877126686 0
226998.3068547954 2562080.807100563 0
227218.500104607 2564514.669561016 0
227235.9330765247 2564505.018173275 0
227124.6174127471 2562623.700123763 0
227127.0222639662 2562603.176516697 0
226583.1579312989 2563064.513500075 0
226830.5713421188 2563898.274403207 0
227232.0683799408 2563654.865337742 0
226495.404235384 2562042.994999567 0
226477.9275039122 2562052.719395394 0
227069.6557565926 2562972.20708048 0
227069.9725038733 2562952.209588333 0
226450.2592920176 2563200.344592603 0
226672.1254847213 2562915.903974465 0
226689.602212496 2562906.179579064 0
226762.0973392846 2563797.439639565 0
226880.3166315161 2563989.336055384 0
226559.1880833794 2563595.368769228 0
227357.3110353118 2564496.954332869 0
227485.5657480998 2564048.751645155 0
227522.5196517831 2564104.120568674 0
226583.4747060035 2563044.516000575 0
227453.42957254 2563841.148393478 0
227147.0205171077 2563561.066923518 0
227146.6051541695 2563583.095996452 0
226654.678034586 2562925.628815211 0
226842.5589300338 2561988.760410502 0
226825.2174199821 2561998.258933741 0
227163.3752738021 2562523.635197894 0
227166.3495823995 2564523.907411793 0
227150.438890905 2564513.675704676 0
226843.8929316502 2563928.514397097 0
227447.3357684361 2564268.352094458 0
227164.0621691374 2563573.777905142 0
227163.7486787096 2563593.707679732 0
226930.9135730739 2564099.998688149 0
226709.0141305539 2563725.694017021 0
226773.657409043 2561987.768635125 0
227392.0623131862 2564477.5022816 0
227392.5475327173 2564457.507461461 0
227083.0124084536 2562131.857848126 0
227282.9947945889 2563706.077262552 0
226964.2158995256 2564160.686189642 0
227167.5063985753 2562243.665501026 0
227167.4425344431 2562263.667000564 0
227112.751214007 2563503.265157088 0
227095.9739707106 2563492.741079296 0
226424.0321123761 2562202.606629045 0
227183.2661609597 2564533.73403849 0
226825.2608482351 2561978.718057794 0
227468.3589590333 2564018.653718506 0
227451.585584842 2564008.386724502 0
226408.6502914033 2562051.555235043 0
226391.3099139174 2562061.053826084 0
227391.1674875774 2564497.291400816 0
227273.9448582511 2562338.015938053 0
226562.4242234681 2563395.025842605 0
226721.5249917683 2561996.910264968 0
226703.8894916533 2562006.349300772 0
226510.0298507451 2562213.247987108 0
226492.8699164017 2562202.974892908 0
227266.1175935069 2563675.863580569 0
226876.7424694177 2562009.534343955 0
227047.4410079494 2563261.891623612 0
227030.5206516721 2563251.6223673 0
227047.6771206777 2563241.892852871 0
227030.8261718043 2563231.624697619 0
227047.1515953609 2563221.882022143 0
227031.0006659258 2563211.624936089 0
227047.9193093913 2563201.891677517 0
227031.3688723803 2563191.628257206 0
227048.6740355098 2563181.901123868 0
227031.7672033061 2563171.632065558 0
227049.2574320548 2563161.907851236 0
227066.310878969 2563173.101964904 0
227087.5139851614 2562902.481227194 0
227087.3478866362 2562882.476073784 0
226664.1387035498 2562325.734528726 0
226756.0601274696 2561977.211117016 0
226530.6944829158 2563133.691117018 0
226547.6710625341 2563123.958832758 0
226775.4019131746 2562957.545039924 0
226765.5821278491 2563577.466815372 0
226721.0713998013 2563106.702871528 0
226971.1314713792 2562630.603899145 0
226868.8582625138 2563619.108131202 0
226868.5416080749 2563639.105621337 0
226867.9081292541 2563679.100525892 0
226731.8958636067 2563516.92562956 0
226777.9362670074 2562797.565122929 0
226867.2747181982 2563719.095454761 0
227053.1301162535 2562921.939095259 0
226917.8043825075 2563809.907039532 0
226972.7148580459 2562530.616339608 0
226973.9821342915 2562450.626476495 0
226985.8105573311 2563890.994309929 0
226974.2989483547 2562430.629010483 0
226991.7756608399 2562420.904574438 0
226630.2027840988 2563375.297729029 0
226717.2698449146 2563346.672601878 0
226782.7420631231 2563587.739912392 0
227377.638289633 2564307.252659279 0
226678.5128688985 2563606.095212904 0
227072.2437396203 2563902.364754272 0
226644.8285036332 2563545.550758731 0
227044.2056959207 2562391.731250849 0
227061.6824835219 2562382.006821275 0
227139.6165398714 2564023.446965252 0
227203.5049029406 2564364.501728602 0
227152.0250175698 2564333.682556129 0
227169.5017263389 2564323.958114314 0
227186.6616994299 2564334.231165997 0
227186.9784310014 2564314.233680277 0
226613.3063030548 2562254.889087915 0
226612.9895351185 2562274.886578903 0
227418.6101710714 2563907.851751173 0
227436.1540337042 2563898.250312551 0
226926.6740277607 2563249.977279228 0
226910.1476567118 2563199.709196472 0
226892.9877234602 2563189.436122548 0
226797.0507793399 2563777.990817396 0
227146.8488546585 2562473.367130401 0
227164.3255765482 2562463.642715828 0
227181.3864694748 2562473.73773484 0
227181.7857861897 2562453.888618153 0
227164.6395617177 2562443.640270044 0
227182.1158302295 2562433.91502423 0
226835.1723108901 2563558.566733994 0
226834.855493066 2563578.564207099 0
226973.3485197679 2562490.621398261 0
226863.3454409582 2563939.002032172 0
226845.4913360684 2563949.875490105 0
227121.1896118025 2564093.16396293 0
227120.8728432297 2564113.161443147 0
226785.539332417 2562317.624972482 0
226779.2573014273 2563807.712714082 0
226808.0299485584 2561988.031821424 0
226716.2659842262 2562316.527619102 0
226715.9482929334 2562336.538291193 0
226653.5941636502 2562985.617507961 0
226636.4330379555 2562975.344977621 0
226948.9564542007 2564030.428273297 0
226926.6202927801 2562159.839738621 0
227042.6220765825 2562491.718733755 0
227367.7639090577 2563837.03750642 0
227385.2406457922 2563827.313116867 0
227402.3361729886 2563837.693770824 0
226956.1885095638 2562480.348303502 0
226955.9255413311 2563590.48331078 0
226791.6120139139 2563027.810169789 0
227262.586740001 2563915.381396591 0
226790.3448874616 2563107.800150292 0
227091.9380346211 2563752.657890148 0
227109.4147638182 2563742.933487846 0
226966.7499329119 2564000.706351046 0
227399.5494805506 2564017.563658664 0
227041.0383125358 2562591.706173528 0
227415.1254376962 2564127.824210834 0
226699.4228215919 2562286.257038042 0
226798.8979228894 2562567.867929787 0
226781.4212116949 2562577.592348421 0
226781.1044080732 2562597.589892607 0
226912.9987665796 2563019.731855602 0
227024.8285948347 2562521.440646602 0
227036.6567530599 2563961.808590164 0
226821.7598924204 2562218.186169303 0
226804.5999520714 2562207.913089869 0
226966.3792837043 2562930.566133688 0
227110.9451548159 2562552.808446306 0
227128.1051134997 2562563.08151129 0
227145.5818171557 2562553.357081925 0
227145.265074956 2562573.354579592 0
226846.8932482107 2562818.659572457 0
227313.116200206 2564006.19314857 0
227133.6343697908 2564403.400036173 0
227045.4727967061 2562311.741281608 0
227062.949529435 2562302.016865471 0
226852.5952514338 2562458.704750274 0
226852.9120555983 2562438.707264524 0
226835.7521266337 2562428.434157749 0
226786.1729086254 2562277.629976925 0
226719.4338254266 2562116.552708107 0
226889.1862957089 2563429.406013865 0
227044.2593144329 2563481.868818511 0
227231.1179768386 2563714.85778479 0
226882.1634616627 2562779.213255825 0
226510.6634354966 2562173.253022508 0
226946.051577297 2563120.267916162 0
226820.4928089819 2562298.176140519 0
226898.3730719115 2562849.478851 0
226957.8260650989 2563470.498360683 0
226948.6397020776 2564050.425737931 0
226827.8326341863 2562928.371417439 0
226844.9925706812 2562938.644508913 0
226810.6726205008 2562918.098328897 0
226736.9105511577 2562106.828302746 0
226720.0673943556 2562076.557716487 0
226801.8027710054 2563478.028085246 0
227016.6460738389 2564131.51295833 0
226670.5114945608 2563015.889390918 0
226564.6661631243 2562044.071918568 0
226565.0526329605 2562024.403498562 0
226615.8939525678 2563185.047094523 0
226928.8916528522 2563109.994837073 0
227083.9800520196 2564252.606039813 0
227101.4955391027 2564242.870766921 0
226875.1942258697 2563219.158022487 0
227000.1196151178 2564081.244913853 0
226956.8758055607 2563530.490844055 0
226930.9102712253 2564080.123190947 0
226910.8773998312 2564090.048234106 0
227037.9239786733 2563881.818596247 0
227055.4006768489 2563872.094199169 0
226874.2438718445 2563279.150504835 0
226703.5462752429 2562026.299208273 0
226738.8650620455 2563076.980949906 0
226888.5528225259 2563469.401037026 0
227092.5715569479 2563712.662938636 0
227024.5651487072 2563631.575638612 0
227032.1421028826 2563151.635398677 0
227049.6286266005 2563141.91114669 0
227160.8943766943 2563773.752857066 0
227013.1010584959 2563261.347705895 0
227195.2142570834 2563794.298947992 0
227212.0575360919 2563824.569488029 0
227228.2669237736 2563894.835149847 0
227243.8432635109 2564005.095504844 0
227261.0030422617 2564015.368638903 0
227277.8460191535 2564045.639349052 0
227277.5294250327 2564065.636769192 0
227412.2750729333 2564307.80115767 0
227429.3706060897 2564318.073081376 0
227086.7521016329 2562922.471660546 0
226744.2649267548 2562777.029200383 0
226761.2012129129 2562767.296250665 0
226745.1981922603 2562757.843425774 0
226761.6387785733 2562747.434333804 0
226711.1005772272 2563747.362952 0
227180.9144353447 2562512.811494601 0
227080.8769918554 2563381.769750798 0
226660.2199759145 2563675.781695274 0
227063.7149447456 2563292.927383359 0
226510.9809305537 2563262.949762697 0
226511.077600948 2563243.31994453 0
227333.7446147118 2563756.420743329 0
227317.1603417166 2563746.220467034 0
227116.5311170809 2564412.613821492 0
226350.6023918671 2562027.51958633 0
227468.0664758598 2563998.646562986 0
227032.727858513 2564261.784006464 0
227049.1751117695 2564271.997118245 0
227032.5923985474 2564281.426602658 0
227048.6305116786 2564290.909342876 0
226477.9503693441 2562033.432819797 0
226460.7185844056 2562042.564780898 0
227100.3829347233 2564402.223153467 0
227402.7173837258 2563817.588734116 0
227385.1531160817 2563807.991012996 0
227112.6562402487 2563483.702607427 0
227096.2129737813 2563472.824257676 0
226462.0518957247 2562023.412656764 0
227198.8410045336 2562443.406672996 0
227199.5222215211 2562424.064205229 0
227182.4229983043 2562413.900313599 0
227199.8981167018 2562404.173018835 0
227182.7513642514 2562393.92369586 0
227200.2266633764 2562384.196727425 0
227183.0686773549 2562373.927187178 0
227200.5454843806 2562364.202932076 0
227217.7054514154 2562374.47603315 0
227218.0225616648 2562354.479160963 0
227200.8626677839 2562344.206190775 0
227218.3394592847 2562334.481896443 0
227201.1795212703 2562324.208861199 0
227218.6562637819 2562314.484470441 0
227201.49630962 2562304.211406715 0
227183.7027878404 2562333.933290666 0
227235.335011705 2562344.459509703 0
227165.5922783732 2562383.652198878 0
227216.1063269892 2562433.302333388 0
226764.6938419545 2562587.328648838 0
226764.5018480475 2562607.328224037 0
226763.7427257676 2562567.346282934 0
227214.3103525354 2563624.580249377 0
227197.9128215775 2563614.319212624 0
227180.5631556092 2563624.045607978 0
227214.4192593615 2563604.573039107 0
226724.9760918509 2562783.700416718 0
227150.3766018316 2562648.960460031 0
227218.9730418599 2562294.487005059 0
227201.3866846046 2562284.926130526 0
227184.2652664228 2562294.057057272 0
227183.8977794418 2562254.314158593 0
227446.0175326713 2564288.368211074 0
227428.0947780026 2564338.05545406 0
226592.8952463081 2563594.446475265 0
227132.5886209964 2564484.719541267 0
227087.1324614554 2562962.482653219 0
227350.0839385998 2563766.893440727 0
226673.4804599035 2562895.922933788 0
226690.09203063 2562886.18482961 0
227149.1200763888 2564532.291117823 0
226980.0007837924 2562070.67400385 0
227133.6300807745 2562183.953378378 0
227410.2200189949 2564468.170073112 0
226863.842519957 2563978.400436681 0
227080.3768240538 2563264.755124734 0
227151.2834534812 2562193.402253638 0
226761.9670070766 2563817.491917913 0
226425.5455796336 2562042.848944353 0
226705.1089830633 2561983.839613626 0
226687.2028496904 2561996.497442959 0
227236.9240104632 2564523.255473318 0
227253.3786021452 2564514.850294198 0
227253.4515429294 2564495.229998378 0
227270.6184701333 2564505.492422809 0
226626.6467283334 2563634.326442207 0
226609.9644690198 2563624.164890709 0
227102.586532846 2562913.569273526 0
226764.2888655331 2562527.330784761 0
226764.1770062397 2562507.449662222 0
227101.1778493384 2564362.984599353 0
227101.3563375594 2564342.898526634 0
227117.6343242043 2564333.140708436 0
226741.5765398157 2562736.631328262 0
226761.3825150912 2562727.258013166 0
226778.8866747369 2562737.572672558 0
226491.0230499867 2563173.093542429 0
226494.5071935047 2563193.125360974 0
226496.3488595835 2563155.045766223 0
227461.0340976881 2564279.899055163 0
226860.4974600651 2561978.292677757 0
227169.5304107511 2562220.520279921 0
226674.4906666006 2562876.977302956 0
226691.0317760637 2562867.223158609 0
227063.9062594882 2564354.041938594 0
227161.6381329736 2562563.331819915 0
226511.6812161437 2563282.139479486 0
226528.194646994 2563293.220037736 0
226575.5551624244 2563544.453431426 0
226558.6940042203 2563532.727628674 0
227270.2442579153 2564525.578892282 0
227287.1722799775 2564514.836310548 0
227287.9558361932 2564495.672463474 0
227305.0925829816 2564505.929602266 0
227469.9668853807 2563959.573292108 0
226424.8195355122 2562160.859722447 0
226441.4024857714 2562171.910823491 0
227198.3820981968 2563594.324154241 0
226617.4668333055 2562984.568030036 0
226619.3785283657 2562965.074740857 0
226637.3965029742 2562956.301995292 0
226598.5279540375 2562994.61545903 0
227115.9052295357 2563461.757194138 0
227096.6894612009 2563452.695608299 0
227162.1301291207 2562583.391277015 0
227013.2651703091 2564253.556411227 0
226523.777911331 2563375.548065442 0
226747.0784886755 2562578.331011295 0
226529.9553862685 2563111.070533791 0
226547.8878875377 2563103.959754086 0
226405.8228500923 2562132.319278259 0
227452.9300352921 2563928.397992269 0
227446.9411165792 2564329.081340401 0
226744.6862126453 2563809.402945225 0
226756.3652129768 2563838.908788931 0
227409.4034256966 2564447.759289893 0
227392.7832761136 2564437.506363009 0
227409.4099528946 2564427.732796696 0
227393.0348327212 2564417.503434823 0
227410.4442569911 2564407.872375223 0
227393.4603167358 2564397.527888063 0
227376.0129363933 2564407.240396038 0
227410.9673594687 2564387.79759317 0
227424.9297795203 2564418.810400182 0
226930.1558274578 2564119.629958326 0
227078.8888944966 2563224.771385281 0
227065.8077460294 2562120.528992226 0
226946.4637905636 2564150.411629251 0
227236.0126573385 2562304.273998871 0
226526.3794854876 2563353.380657662 0
227302.7312704348 2564527.068918315 0
227321.6004396306 2564515.841186168 0
226744.4999935724 2562517.092123838 0
227051.4078265475 2564336.727775703 0
227059.1359043227 2564318.702258414 0
227070.9166909037 2564334.716919086 0
227080.847142144 2564315.11485613 0
226563.3273157104 2563054.754453438 0
226565.6812060595 2563074.237905683 0
226565.0248106534 2563034.220352298 0
226330.6419583456 2562034.342695771 0
226993.5862687244 2562061.744317638 0
226964.8258158021 2562054.57916795 0
226808.3621114021 2561968.074430609 0
226574.3530161669 2563565.126091236 0
227130.7494588387 2562654.278701056 0
227124.5566044744 2562673.164822077 0
227103.6897622628 2562674.583219266 0
227114.7812269893 2562690.058426457 0
227095.6695972683 2562691.50348873 0
227106.5322477138 2562708.956363608 0
226495.3760217645 2562020.903286738 0
226668.6354957728 2563728.258251708 0
226677.2615468644 2563708.110961655 0
226760.138133709 2562547.356445617 0
226826.9964126137 2563961.817786615 0
226688.7169003547 2563725.38012523 0
227083.857392078 2562110.957990675 0
227049.3775659175 2562108.945918765 0
226408.2045898302 2562032.944787961 0
226720.3826719147 2562739.676656737 0
227117.3081233912 2564476.151711054 0
227115.4878734059 2564453.118828161 0
227124.1867110225 2564504.175276404 0
226533.2012129464 2563419.763583055 0
226550.714460447 2563427.219056725 0
226555.1489351906 2563444.860152471 0
226643.7072346883 2563665.595352709 0
226946.739174896 2564170.410595259 0
226963.5297135118 2564181.256041454 0
226964.6091133852 2564202.31650876 0
226862.2542693825 2563999.941748568 0
227161.2993663825 2563524.595592766 0
227146.6131677341 2563509.835199307 0
227155.6556407506 2563542.242861357 0
226765.8485813015 2562447.592452716 0
226766.1388243048 2562427.623483389 0
226765.2537796737 2562467.587756074 0
226980.6574631525 2564191.886709037 0
226980.387919384 2564211.751046063 0
226491.123296894 2563251.634025884 0
226494.4637029447 2563231.956798286 0
227142.3988778631 2562615.300414599 0
227138.1234805359 2562688.785970906 0
227180.5351987868 2562533.908308687 0
227030.8629401672 2564302.066355108 0
227084.2901204516 2563287.123140746 0
226559.8259549982 2563512.812234072 0
226492.5531196612 2562222.972382434 0
226509.6697707315 2562233.390105705 0
226475.3845298961 2562212.802694559 0
226475.7085447685 2562192.719031672 0
226458.0782457704 2562202.581718827 0
226677.2242968421 2563686.603062265 0
227048.5102243015 2562130.060087223 0
226561.1529598756 2562264.188063132 0
226578.3112743929 2562274.466606688 0
226581.7579102562 2563024.920418105 0
226929.0685132837 2564138.986639223 0
227082.7624906189 2564391.054290778 0
227086.8157254342 2562982.480136415 0
226832.0890922423 2561940.892003491 0
226616.5911544428 2563004.8725571 0
226740.5937705511 2562559.992700165 0
227015.1451407234 2562065.860680474 0
227017.2949037834 2562089.476100017 0
227133.9399666931 2562142.628603914 0
226542.5743554072 2563460.133168162 0
227050.3428060564 2562088.746232868 0
226681.3095027737 2562335.987427486 0
226748.8203274095 2562417.441133222 0
226802.9408083946 2563928.759689448 0
226822.7520545794 2563928.03423738 0
226813.9663676391 2563909.154749952 0
226799.6542552945 2563893.74127336 0
226780.7259062848 2563895.360861784 0
226788.2337065666 2563878.474633393 0
226715.3272914577 2562376.534116951 0
226663.8236338304 2562345.752690554 0
226698.4581247359 2562346.30938043 0
226694.3713861241 2563759.689404404 0
226440.5663028479 2562212.654426014 0
226441.1517508479 2562192.241226067 0
226767.7447067265 2562347.348956187 0
226792.8791185016 2562947.820251571 0
226757.2920478848 2563007.264120781 0
226794.1462204792 2562867.830296691 0
226732.5293401231 2563476.930750063 0
227018.8096784382 2562901.39290464 0
226731.5790079835 2563536.923157915 0
226869.1751958056 2563599.110555956 0
226886.0184004793 2563629.38112251 0
226748.4221408374 2563567.193756527 0
226885.3850719302 2563669.376001871 0
226765.2652991912 2563597.464357802 0
226779.1461332311 2562717.568205034 0
226762.0435372808 2562707.302076216 0
226717.9034782457 2563306.677691369 0
226785.9095150506 2563387.76513404 0
226756.9753566881 2563027.261635788 0
226739.4985088147 2563036.986134086 0
227293.4222194821 2564155.899943526 0
226866.9580337359 2563739.092935698 0
226972.0815654115 2562570.6113725 0
226989.8752332434 2562540.889489353 0
226970.8146861965 2562650.601370796 0
226987.9746790748 2562660.874453417 0
226970.4979669958 2562670.59888583 0
226987.6579432421 2562680.871950609 0
226970.1811759216 2562690.596338357 0
226987.3412214119 2562700.869438893 0
226969.8645207733 2562710.593887439 0
226987.0244699747 2562720.866934593 0
227004.5011523798 2562711.142505133 0
226969.5477029769 2562730.591326795 0
226986.7077155008 2562740.864429947 0
226969.2310445731 2562750.588871307 0
226986.3910025746 2562760.861928072 0
226968.9142491551 2562770.586319661 0
226986.0742549717 2562780.859383113 0
227003.5509301513 2562771.134952664 0
226968.5974863633 2562790.583822427 0
226985.7575221703 2562800.856896752 0
226968.2808115034 2562810.581331396 0
226985.440784857 2562820.854404802 0
226967.9640182338 2562830.578799169 0
226985.1239834607 2562840.85180332 0
227002.6006625002 2562831.127465552 0
226967.647064736 2562850.576223391 0
226900.6443333143 2563799.634020347 0
226785.5928936849 2563407.762511283 0
226793.8294929532 2562887.827743819 0
226716.9530049578 2563366.67008684 0
226801.748501782 2562387.891252656 0
226951.1205964657 2562800.308198419 0
226561.9197041434 2563314.214773041 0
226579.0433723425 2563324.484905541 0
226968.6506151958 2563880.72124451 0
226849.7980035835 2563728.819915822 0
226766.6364942998 2562407.482613914 0
226733.7961200491 2563396.940773274 0
226740.1318850183 2562996.991205904 0
226990.5085755189 2562500.894512253 0
226974.6156698558 2562410.631487893 0
226957.1389970791 2562420.355937455 0
226900.3275489181 2563819.631523957 0
226883.4842532359 2563789.36100747 0
226883.8009946563 2563769.363489132 0
226819.2253873295 2562378.166642189 0
226818.9088095445 2562398.1638747 0
226952.1241219761 2563830.453271819 0
226969.2840836732 2563840.726352296 0
227100.228393499 2564322.860871153 0
227082.6867294321 2564292.724144372 0
227089.4037270876 2563912.637810542 0
226733.1122088025 2562346.798713279 0
226458.5500673708 2562182.4286685 0
226645.1452786534 2563525.553256483 0
227089.0869686101 2563932.635324441 0
227088.7701690233 2563952.63280966 0
227071.2934054935 2563962.357225407 0
227139.2998136249 2564043.444499854 0
226647.362742907 2563385.570800865 0
226992.0923477513 2562400.907024476 0
227079.7926898695 2562332.287436261 0
227079.4759145837 2562352.284929935 0
226960.9402441574 2562180.38586334 0
226968.3337991462 2563900.718751659 0
226985.4937481666 2563910.991825285 0
226695.672796479 2563616.368342921 0
226714.4190388343 2563526.650167584 0
226910.4644561451 2563179.711703587 0
226893.3045428293 2563169.438600773 0
226731.2621218161 2563556.920770617 0
227204.1384028111 2564324.506720973 0
227204.4551272847 2564304.509232725 0
226596.2002625879 2563334.754664912 0
226613.3597110072 2563345.027210309 0
226978.1001603246 2562190.658949839 0
226778.9405284434 2563827.710209605 0
226775.8476616376 2563848.520717535 0
227105.6133949347 2563982.903366667 0
227181.5921744217 2563583.178712317 0
227180.9133016209 2563563.554618741 0
227216.6757840631 2563584.503098825 0
227117.5957561774 2564313.182088895 0
227063.5584740028 2563332.155721569 0
227080.9054558128 2563341.24170835 0
226947.3186537354 2563040.2780159 0
226947.0018994613 2563060.27550233 0
226779.5107868171 2562697.576398937 0
226762.6557898904 2562687.309080362 0
226745.2489801872 2562693.790998973 0
226779.8848111715 2562677.580573023 0
226763.031361227 2562667.312609008 0
227129.6888731762 2562463.094051979 0
226927.3076111593 2563209.982271997 0
227096.9526352168 2562342.560495142 0
227220.6648781972 2564374.774782811 0
227435.5049660686 2563878.987552131 0
227438.960148523 2563857.811598954 0
227221.6151382448 2564314.782295282 0
226748.1052853182 2563587.191359842 0
226764.948553887 2563617.461914131 0
226796.3245738252 2563818.013279804 0
226813.8785549974 2563808.265921005 0
226695.9909501295 2563596.368544433 0
226678.8312076455 2563586.095102808 0
226679.1483750905 2563566.096967604 0
227470.2906170764 2563940.670358453 0
227454.5313574995 2563907.868897184 0
227169.8184890587 2564303.96061391 0
226595.8226453072 2562264.634946213 0
226595.47313471 2562284.734108001 0
226612.6395517191 2562294.987578965 0
226763.3644278562 2563717.449673469 0
226947.635421496 2563020.280530894 0
226888.8695928204 2563449.403539058 0
227015.062178578 2564231.500441419 0
226998.4136631927 2564220.53387742 0
226926.0404479791 2563289.972277233 0
226885.0681783204 2563689.373525045 0
226712.5104963517 2563646.648102581 0
226459.1639802677 2562142.43342619 0
226791.1679727825 2561978.170162132 0
226807.7541362621 2562007.960880409 0
226786.2264089198 2563367.767596249 0
226786.5432102495 2563347.770150746 0
226712.8332248924 2563626.640647963 0
226718.8539376923 2563246.685172742 0
226701.3771667604 2563256.409599206 0
226701.060362167 2563276.407095726 0
226701.6937754382 2563236.412202858 0
226613.0428421525 2563365.024661803 0
226630.519587336 2563355.300200807 0
226771.2841699311 2563217.51205756 0
226788.4441069312 2563227.785232106 0
226788.1272362057 2563247.78272172 0
226788.7609204764 2563207.787633702 0
226789.0777221241 2563187.790145167 0
226661.6715966171 2563575.821468971 0
227026.7289670888 2562401.455656185 0
226630.8363743242 2563335.302677581 0
226648.3131033107 2563325.578241612 0
227401.1334430805 2563917.576159809 0
226796.3539449549 2562727.846906613 0
227086.8696412215 2564072.617727679 0
226890.3997189642 2562259.278470349 0
226907.8764454678 2562249.554080245 0
227180.4300039203 2562493.260945912 0
226964.4786188492 2563050.551080208 0
226662.3052478234 2563535.826306461 0
226645.4620520312 2563505.555746875 0
226662.9388160189 2563495.831295741 0
226881.9022986755 2563889.345377728 0
226511.6671122934 2563203.398480619 0
226494.6791753316 2563212.935125636 0
226478.9803294664 2563202.917579967 0
226889.1325865776 2562339.268430129 0
227069.3390029196 2562992.204575348 0
227069.0222209961 2563012.202069302 0
227051.545483688 2563021.926489696 0
227068.1721987896 2563032.191123944 0
227051.1398404397 2563041.922575474 0
227067.7517429011 2563052.186973455 0
227050.7909796075 2563061.919564357 0
227067.9455851218 2563072.192549258 0
227050.5539738483 2563081.918322075 0
227085.9034254122 2563020.501297523 0
227066.6085539323 2563092.173879335 0
227050.080463198 2563101.913328502 0
227066.3642805909 2563112.629465239 0
227085.2318535727 2563082.467620457 0
227049.7469064819 2563121.986663505 0
227067.2638623164 2563132.549516589 0
227032.8017110954 2563111.640884812 0
226911.4149049253 2563119.719220524 0
226893.9381649611 2563129.443610963 0
226893.6213642766 2563149.441075107 0
226876.4614249737 2563139.168014816 0
227434.1732804124 2564018.112156901 0
226882.2174548147 2563869.350540061 0
226972.3983956803 2562550.61387529 0
227202.1765983988 2562463.621705154 0
226699.1060310011 2562306.254532883 0
227434.4879094991 2563998.11462238 0
227080.1094838596 2562312.289932636 0
227080.426266123 2562292.292429138 0
227063.2663101737 2562282.019353702 0
226960.6234275669 2562200.38337965 0
226995.2600881619 2562200.932044443 0
226863.4757766959 2563958.958874716 0
226797.3675539971 2563757.993331678 0
226797.6843292236 2563737.995824221 0
226797.0035426435 2562687.852871223 0
226858.614032066 2562078.752412332 0
226858.2972635882 2562098.749907983 0
226875.4572013896 2562109.02299056 0
226817.6955684862 2563568.291127689 0
226817.3787205436 2563588.288608733 0
226391.6859762649 2562042.73951876 0
226374.9954621804 2562051.723151747 0
226371.1333443428 2562072.043336657 0
226544.7950291874 2563386.177852755 0
226702.9074461943 2562066.284633662 0
226684.2169596831 2563246.136881931 0
226702.0102849728 2563216.414607063 0
226596.145181821 2562244.619569513 0
226613.622902038 2562234.892196832 0
227116.8535811416 2562173.032618051 0
227136.6056159271 2562163.68748765 0
227488.2836159675 2564027.437294233 0
227504.141786047 2564041.244412318 0
226925.4068783319 2563329.967242809 0
226936.5481737026 2563720.192668381 0
227109.7314807371 2563722.936014448 0
227126.8914116572 2563733.209080078 0
227062.9545979383 2563312.272668831 0
227099.4599859085 2562182.607371068 0
226924.0860384338 2562319.819637498 0
226941.5627684088 2562310.095235675 0
226941.8795677263 2562290.097745324 0
226923.7692574004 2562339.817126316 0
227447.6177970482 2564248.354056138 0
227448.1375707202 2564228.359781632 0
227467.810229675 2564237.793531467 0
227465.1864659441 2564216.687284865 0
227448.4101485577 2564208.038040136 0
227465.6329526416 2564197.877351905 0
227448.7613993906 2564188.236164646 0
227466.2237388693 2564178.492684581 0
227483.345971985 2564187.685326068 0
227483.7839404356 2564167.831925809 0
227499.4203946815 2564155.395008764 0
227431.6434271666 2564178.070786855 0
227466.3824450546 2564158.434589893 0
227430.9973051676 2564218.033053388 0
227067.3327157194 2563153.323156309 0
227086.7453522916 2563121.468488442 0
227086.659550543 2563001.914623916 0
227233.9065664887 2563631.84567487 0
227250.6585363641 2563646.0122625 0
227343.317668576 2564286.706653303 0
227325.8409324813 2564296.43103756 0
227308.6811570495 2564286.157875065 0
227308.3645732266 2564306.155487739 0
227325.5243519671 2564316.428538205 0
227360.4778950307 2564296.979641453 0
226768.6961691417 2562287.35438623 0
227080.1631252971 2563402.427544173 0
227098.0427558769 2563412.93006504 0
227127.7134732566 2562583.095686427 0
227341.7348870247 2564386.693806607 0
227165.9091790459 2562363.65496989 0
226926.9908292691 2563229.979775331 0
226944.7843533666 2563200.257867159 0
226944.1507897924 2563240.25286627 0
226808.7719657934 2563038.083264813 0
226826.248702248 2563028.358872233 0
226698.7862045744 2562326.266031006 0
226614.2566724291 2562194.896600454 0
226941.9332327711 2563380.23528051 0
226969.9177353181 2563800.731317146 0
227203.8216743675 2564344.504225531 0
226924.7196475901 2562279.824628209 0
227416.0757522318 2564067.83173313 0
226772.8142978909 2562027.387003846 0
226939.0285461149 2562470.075209512 0
226770.0169093281 2563297.50202294 0
226787.1768315449 2563307.775148496 0
226787.4936829217 2563287.777664359 0
227099.1655872189 2562202.58249514 0
226780.2209229749 2562657.583533274 0
226763.5857397082 2562647.318921793 0
226745.5171708791 2562657.033994456 0
226780.5805261757 2562637.586755059 0
226764.0950240863 2562627.324382163 0
226966.116419086 2564040.701317049 0
226971.4481755279 2562610.606412952 0
226953.9713322481 2562620.330768984 0
226971.7647468936 2562590.608879446 0
227042.9388179664 2562471.721237483 0
226910.7812749189 2563159.714201489 0
226816.374653697 2562558.143508402 0
227393.8295866874 2564377.521168875 0
226796.7160048462 2563797.993635124 0
227033.4081986209 2563071.645470181 0
227156.4597871268 2564053.717587475 0
226647.6795341822 2563365.573268727 0
226579.9367908426 2562174.350414995 0
226631.4166209658 2562205.16969981 0
227147.1651322523 2562453.368810693 0
227129.3721375227 2562483.091552936 0
226862.7860509141 2562908.922629126 0
226633.0005631787 2562105.182239744 0
226853.2288630771 2562418.709783536 0
226870.3887867382 2562428.982868447 0
227150.8655652721 2564493.904545806 0
226772.5513718459 2563137.522056147 0
226510.6180032762 2563141.412529705 0
226786.8600489589 2563327.772606003 0
226829.7332551867 2562808.386496768 0
227211.7407692853 2563844.567000034 0
227097.5862277744 2562302.565495002 0
226782.5158998994 2562497.622829975 0
226763.8797149375 2562487.553204998 0
226746.9060479435 2562457.197629305 0
226909.4603497227 2562149.566660865 0
226909.7771229881 2562129.569154914 0
227168.2347278924 2564403.948084648 0
226750.5859047103 2562337.073772178 0
226768.0624282582 2562327.3497125 0
227149.6996437573 2562293.389711954 0
227166.8477613316 2562303.682565157 0
227166.5408648815 2562323.663557326 0
226707.5572353313 2562876.631238126 0
226707.8721034489 2562856.662210741 0
226687.7157093614 2562847.007221926 0
226707.5830963975 2562836.633055256 0
226692.0878390507 2562828.031717706 0
226706.2029617146 2562814.576792974 0
226885.3312325925 2562579.238336544 0
227280.0634762063 2563905.657000657 0
226873.2397533056 2562249.005392264 0
226806.2376785856 2563198.063213287 0
226648.89334199 2562195.445290547 0
226915.5867793394 2563949.889687872 0
226898.4268138049 2563939.616634451 0
226915.9035277119 2563929.892203709 0
226864.0531869319 2562828.932667059 0
227272.4615335389 2564385.596493587 0
226610.0173814702 2563604.81833851 0
227165.2734382187 2562403.645957763 0
227164.9555383936 2562423.641392214 0
226929.5251829827 2563069.999906717 0
226822.0766792065 2562198.188684457 0
226804.9167464356 2562187.915596998 0
226824.9209113712 2562018.222574559 0
227139.9333220607 2564003.449486952 0
226892.9339235203 2562099.298571153 0
227273.4117984987 2564325.604115581 0
226877.0949787289 2563099.173097644 0
227008.0388673008 2563581.307567307 0
226948.9025549327 2562940.290545374 0
227315.3337382111 2563866.210713475 0
227349.0200325343 2563926.751874441 0
227366.1799744114 2563937.024967418 0
227383.6567082114 2563927.300553079 0
227095.6857030258 2562422.550430256 0
227020.4471977294 2563891.54302197 0
227323.9414087109 2564416.415727047 0
227085.9194049646 2564132.61025568 0
226686.1175969349 2563126.152002827 0
226703.5943514699 2563116.427554111 0
226703.2776202554 2563136.424979698 0
227069.7096857091 2564062.344678842 0
226941.2459827397 2562330.092726047 0
226958.40593637 2562340.365811454 0
226580.2535800731 2562154.352927438 0
226899.0625689838 2563899.617912394 0
226578.7206432713 2563344.482068522 0
226774.1353301065 2563037.53460049 0
226791.2952475965 2563047.807669757 0
227484.841955349 2564089.240959082 0
227502.0477808423 2564098.380193302 0
227502.7770070414 2564119.718756539 0
226887.9192738821 2563509.396019552 0
227435.9953833962 2563918.056767561 0
226511.297005667 2562133.25805258 0
226493.5034859468 2562162.979934039 0
227092.8085027637 2562602.523518235 0
227432.6013222135 2564118.099799136 0
226683.9001869867 2563266.134386973 0
227111.8954211459 2562492.815979751 0
226633.3173309102 2562085.184734835 0
226616.8442585514 2563125.054640803 0
226745.5688369578 2563787.49223203 0
226725.766139119 2563778.065440018 0
226629.5692347426 2563415.292753285 0
226646.7291854128 2563425.565818853 0
226724.5825937086 2562886.759706149 0
227019.1800571537 2563971.533033239 0
227078.2567615281 2563522.412693626 0
227234.2051355701 2562364.144562899 0
227235.5593907887 2562386.157829 0
227433.5523748219 2564058.107342193 0
227433.8671560687 2564038.109818255 0
227188.2455831862 2564234.243687054 0
227205.4055327537 2564244.516764425 0
227205.0887446843 2564264.514269806 0
226913.6323431425 2562979.736859743 0
226913.3155508094 2562999.734358497 0
226855.500041983 2563368.864882651 0
226614.6267929004 2563265.037047738 0
226614.9435742593 2563245.039562509 0
226879.9459966711 2562919.195714127 0
227315.6505254688 2563846.213212875 0
227332.8104636139 2563856.486303641 0
226939.7159096014 2563520.217764537 0
226940.0326466607 2563500.220264831 0
227292.788531022 2564195.89480939 0
226857.9804849855 2562118.747399691 0
226875.1404392272 2562129.020488723 0
226892.6171580114 2562119.296085116 0
226874.8236695124 2562149.01798335 0
226941.6164470151 2563400.232778829 0
227072.1905983238 2562812.227225556 0
227089.6673227597 2562802.502815429 0
227089.9840957223 2562782.505320617 0
227089.3230376032 2562822.499861347 0
227107.2809882808 2562813.702883199 0
227110.5938461437 2562792.352093345 0
227107.0391859757 2562770.899827399 0
227090.2305645897 2562762.194316916 0
227107.0042205041 2562750.621319253 0
227100.2199424385 2562142.073534137 0
227016.9088217495 2563021.377837969 0
226873.5565333293 2562229.007911924 0
226856.3965496832 2562218.734832327 0
227278.7963082857 2563985.64694734 0
226789.7113153714 2563147.795151605 0
227175.8371096091 2563924.00823807 0
227067.4923868425 2564202.327162138 0
227084.6523497205 2564212.600220793 0
226943.7802613095 2562170.112801108 0
227046.423134344 2562251.748780909 0
226631.1531582418 2563315.305144842 0
226926.3572447068 2563269.974766721 0
226885.9647981721 2562539.243372112 0
226600.1367006141 2563034.510943988 0
226802.4363121716 2563438.033094453 0
226667.9539987849 2562085.733427016 0
226685.4307235719 2562076.009032511 0
227082.0021035107 2562192.30517556 0
227200.7703909042 2564523.898604323 0
226776.9859466132 2562857.557480303 0
227055.7174658179 2563852.096685989 0
227156.7765088653 2564033.720049677 0
226850.377787397 2562598.687157801 0
226867.5377376609 2562608.960234618 0
226867.220959774 2562628.957734779 0
226685.1672975412 2563186.144427082 0
226702.6440594496 2563176.420038577 0
227162.7950382767 2563653.767900743 0
227163.1076044082 2563633.770340151 0
227145.9511814562 2563623.497296832 0
227163.4286427283 2563613.772920327 0
227374.2223346517 2564505.649405919 0
227356.9317733344 2564517.465878721 0
226814.5275265525 2563768.266360261 0
227312.1658197253 2564066.185583025 0
227329.3257825754 2564076.45864504 0
226823.9773674992 2562078.203745358 0
226752.8033644803 2562197.091343249 0
226735.6434175978 2562186.818264483 0
227138.0327941511 2564123.434516715 0
227155.192739692 2564133.707600739 0
227172.6694679577 2564123.98319532 0
227172.3527016912 2564143.980672127 0
227172.9862433096 2564103.985692726 0
227190.1461954046 2564114.258747785 0
226896.843050612 2564039.60406591 0
226879.6831030692 2564029.33099702 0
226879.8867666274 2564048.299807861 0
226897.0901793775 2564058.845700003 0
227072.8774260975 2563862.369762511 0
226996.5809246075 2563211.079677354 0
227073.3470936319 2562732.398777194 0
226783.9554993549 2562417.612366025 0
227348.7032393321 2563946.749368427 0
227237.191328337 2564425.04282985 0
227237.50808009 2564405.045333146 0
227254.9848073602 2564395.320909327 0
227272.1447709709 2564405.593989636 0
227274.6788126585 2564245.614068676 0
226716.899550961 2562276.532631864 0
226898.6898478394 2562829.481356015 0
226529.1438660147 2563193.674091709 0
227282.8751501474 2563725.745441442 0
227300.1087247771 2563716.427199492 0
227308.997907772 2564266.160426972 0
227018.8633135616 2563991.530533377 0
226927.6244154854 2563189.984783526 0
227096.0024558025 2562402.55293126 0
227078.8424940688 2562392.279884084 0
227078.525740969 2562412.277370914 0
226900.2737445511 2562729.493874364 0
226882.7970127726 2562739.218270426 0
226883.1137949352 2562719.220788282 0
226729.6767617821 2563656.910641799 0
226790.6536038098 2561997.783292835 0
226837.6527621442 2562308.449217652 0
227074.4613011749 2563762.382302537 0
227091.6212568213 2563772.65538347 0
227146.272381326 2563603.420805253 0
227028.9463991926 2562261.473201879 0
227046.1063511776 2562271.746271272 0
226847.8435652698 2562758.667064797 0
226919.3882184437 2563709.919608497 0
227084.3507462462 2563060.873983316 0
226592.5405491366 2563554.870995836 0
226787.1232389403 2562217.637493399 0
226654.4563390641 2562945.785020651 0
227041.988578912 2562531.713705982 0
226903.1785613798 2563639.654090369 0
226886.3352286078 2563609.383583061 0
227288.6712012227 2564455.862053504 0
226869.4921088238 2563579.112966308 0
226844.6757885822 2562958.641999281 0
226981.2378949573 2564171.235514417 0
227061.9992233633 2562362.009335927 0
226512.8809749499 2562033.270596709 0
226531.02965084 2562024.753840356 0
227072.5606550056 2563882.36726817 0
226923.452486729 2562359.814626382 0
226805.6040697243 2563238.058247055 0
227483.6423585252 2564129.121197105 0
227017.859137305 2562961.385349699 0
226974.9323650238 2562390.633923083 0
226999.4861338444 2564121.23987746 0
227281.6474226568 2563805.669537304 0
226732.8462241707 2563456.93318762 0
226733.1628124053 2563436.935855581 0
226945.3641061831 2562070.125333966 0
226581.5206892153 2562074.362946029 0
226581.2039186666 2562094.360446889 0
227008.672346916 2563541.312609898 0
227345.8521709953 2564126.72676292 0
227209.8399792006 2563964.552074526 0
227368.0133198515 2563817.152581932 0
227368.3188851881 2563797.173850964 0
227387.3075290749 2563790.006582971 0
227370.7001749576 2563775.410532324 0
226666.3700661963 2562185.720899667 0
226953.0210564148 2562680.323205095 0
227383.3399139582 2563947.298067458 0
227167.1541071316 2562283.688236786 0
226933.0634938975 2563940.165250805 0
227175.5202668133 2563944.005761381 0
226950.1699983968 2562860.300686995 0
227067.8091604552 2564182.329668632 0
227346.4856957586 2564086.731789255 0
227329.0090849614 2564096.455986381 0
226942.5668316477 2563340.240309043 0
226848.7939021054 2562698.674617658 0
226902.1744092677 2562609.508920171 0
226721.3882346141 2563086.705409406 0
227259.10273467 2564135.353480277 0
226544.6665244885 2562213.796699432 0
227124.9908290094 2563853.194032174 0
227142.1507728336 2563863.467117197 0
227125.307602001 2563833.196532524 0
226771.2304277275 2562127.374475692 0
226800.2188014132 2563578.015510293 0
227273.728449053 2564305.606629652 0
226951.4905760407 2563870.448341502 0
226825.2983420949 2563088.351346751 0
226831.0514126887 2563818.535160549 0
227184.0054185611 2562313.959456389 0
226849.1106801265 2562678.677124882 0
226866.5874035076 2562668.952711961 0
226866.2706280326 2562688.950207711 0
226883.7473513365 2562679.225800459 0
226884.0641279162 2562659.22831094 0
226818.2753968739 2562438.158572312 0
227415.7589452047 2564087.829219249 0
227119.2890089377 2564213.14886525 0
227382.0727363028 2564027.288048856 0
227225.7331431443 2564054.814907661 0
227242.8929896594 2564065.088026377 0
227365.8631795686 2563957.022466842 0
226803.3328519634 2562287.903058189 0
227129.1126200924 2563593.145835708 0
226789.3945224503 2563167.792650484 0
227399.8662707651 2563997.566168798 0
227382.3895320857 2564007.290555792 0
226804.3368605615 2563318.048175878 0
226442.9559721631 2562072.158352199 0
226943.2004142615 2563300.245345447 0
227148.115404304 2562393.376358502 0
227015.6417183882 2563101.367802341 0
226952.3875650371 2562720.318191536 0
226702.9608161064 2563156.422526333 0
226720.1209917964 2563166.695476415 0
227340.1510869688 2564486.681259437 0
226616.7776515284 2562034.892775608 0
226617.0922165961 2562014.891304282 0
226634.0939868014 2562006.005068808 0
226599.667735835 2562004.160547881 0
226616.8173055266 2561995.999309145 0
226581.9813711222 2561995.789285359 0
226582.2416012526 2562014.324664328 0
226651.6626406831 2562015.602906387 0
226650.4625125941 2561993.281853663 0
226886.9151346271 2562479.250901814 0
227077.6288790178 2563562.407456493 0
227008.9356279688 2562431.177620002 0
226683.8467966458 2562175.996489869 0
226707.1391855189 2562896.489381912 0
227376.6852008306 2564367.245476793 0
226994.363434255 2563351.062117132 0
227022.0311318882 2563791.555547873 0
227004.8711884544 2563781.282461432 0
227005.1879651333 2563761.284970142 0
226804.9704179656 2563278.053201518 0
227223.19901882 2564214.794844596 0
227000.3824075051 2562971.109770184 0
227000.69917345 2562951.112276257 0
227413.5379772143 2564227.802632936 0
226703.9112653284 2563096.429974326 0
227171.7191589583 2564183.975624977 0
227078.5600926194 2563502.423688102 0
227324.2581703989 2564396.418232041 0
227341.4181265367 2564406.691292441 0
226868.224982803 2563659.103146686 0
226798.9513811727 2563658.005850447 0
226951.7540148605 2562760.313196979 0
226785.2220233537 2562337.62343637 0
226716.0027024529 2563426.662938613 0
226648.6298948324 2563305.580735097 0
226959.6730654066 2562260.375864874 0
226976.8330078678 2562270.648955241 0
226837.3359556394 2562328.446757784 0
226854.8127025691 2562318.722296407 0
227150.9666895058 2562213.399741941 0
226945.1011873548 2563180.260382876 0
227173.9365266794 2564043.993176147 0
226840.5037633327 2562128.471818504 0
227098.8525515451 2562222.576258356 0
226695.3366543208 2563636.398225422 0
227418.330925317 2563927.837919238 0
227375.6819515895 2564427.23521444 0
227093.5217000406 2563652.670503373 0
226795.9154526065 2563860.99795916 0
227006.138278028 2563701.292502401 0
227006.4550425801 2563681.295027676 0
227134.5944924969 2564343.408204861 0
227074.1445295012 2563782.379801557 0
226949.5899586355 2563990.433287214 0
227078.2089951302 2562432.274864215 0
227045.7895776378 2562291.743778207 0
227411.2675749836 2564367.709865924 0
227414.1736659997 2564187.813114623 0
226772.8681608196 2563117.524556544 0
227167.1968251044 2564483.978395788 0
227036.3400170307 2563981.806098487 0
226797.6518287171 2562647.858261394 0
226858.6678754215 2563168.889966531 0
227017.2795730962 2564091.517985837 0
226699.7396074336 2562266.259545049 0
227016.270761849 2563061.372747422 0
226769.3832732615 2563337.497000194 0
226967.0666758271 2563980.708855492 0
226807.5048233919 2563118.073248721 0
226575.8786217504 2563445.162703109 0
226654.0911805763 2562965.807489871 0
226810.9894227154 2562898.100838929 0
226793.5125976717 2562907.825308756 0
227148.4325330184 2562373.379533107 0
226895.8388223551 2563009.458762872 0
227023.6149899338 2563691.568111558 0
226725.8469031825 2562805.928031445 0
227180.2668344966 2563644.043433242 0
226652.1144840475 2563085.608340527 0
226683.2132292093 2562215.991476499 0
227093.4684445199 2562562.532873943 0
226903.4415250147 2562529.518970347 0
227137.3992614452 2564163.429478959 0
226792.5623142314 2562967.817822974 0
226716.5827645945 2562296.530126677 0
227227.9501285032 2563914.832670887 0
226528.4569542172 2562143.531140723 0
226997.2145182194 2563171.084691592 0
226959.0394976522 2562300.370844333 0
227103.7128628774 2564102.888328601 0
227104.0296220619 2564082.890834488 0
226865.637069106 2562728.94518216 0
226823.3438193708 2562118.198738167 0
226955.6087554023 2563610.480796795 0
226938.4488100354 2563600.2077212 0
226775.7188272859 2562937.54741413 0
226939.9789942185 2562410.082835116 0
226628.935674222 2563455.287743287 0
226646.0956247045 2563465.560833758 0
227023.8783509103 2562581.433117772 0
227023.5615973873 2562601.430604205 0
227041.3550666673 2562571.708688487 0
226989.2950917246 2563671.021931347 0
226954.0249037706 2563710.468250734 0
226715.3690633603 2563466.657983426 0
226955.2381687062 2562540.340753598 0
226852.2784733038 2562478.702236923 0
226652.7341644755 2563045.612412233 0
226736.5937643578 2562126.825797683 0
227344.2681416791 2564226.714225858 0
226854.2329322801 2563448.854880635 0
226459.4792239414 2562122.435913599 0
227262.2699702815 2563935.378886573 0
227133.3556588816 2564423.312033202 0
227378.2711863177 2564267.257847532 0
226777.6194726269 2562817.562613239 0
226795.0962122027 2562807.838214563 0
226795.4130808959 2562787.840621091 0
226794.7794513507 2562827.835594195 0
226634.0042076834 2563135.3277216 0
227057.3013522931 2563752.109234484 0
226814.2107558369 2563788.263848566 0
226818.9627126877 2563488.301174031 0
226988.0280189076 2563751.011885289 0
226970.5513020577 2563760.736300159 0
227375.3871886207 2564447.233776392 0
227121.8231062002 2564053.168941538 0
226854.8664733638 2563408.859874034 0
226665.7365033693 2562225.715878033 0
226766.2157352651 2563537.471824014 0
227075.411599026 2563702.389858174 0
227183.3858855068 2562353.930512026 0
227216.2688544405 2562414.240305203 0
227236.3072645861 2562423.038977856 0
226776.3523194361 2562897.55254172 0
226974.9860086966 2563480.771463406 0
226851.0648294155 2563648.830062236 0
226880.8763886399 2563949.31230348 0
227185.0779450965 2564434.218634152 0
226725.1414896766 2562846.797854895 0
226871.6558851488 2562348.992875164 0
226881.8466842402 2562799.210750235 0
226879.6292236927 2562939.193205821 0
226993.7298618828 2563391.057095638 0
227056.0342593827 2563832.099199251 0
227038.5575346987 2563841.823604801 0
226927.2538404076 2562119.844732068 0
226932.0593881181 2562910.019977971 0
226887.602494014 2563529.393507787 0
227258.4690998867 2564175.34857748 0
227144.6847399722 2563703.487242011 0
227151.0808173461 2564393.675124266 0
227186.3449402501 2564354.228659595 0
226803.7032541811 2563358.043166311 0
226973.7190027602 2563560.761435734 0
226902.8079645116 2562569.513946401 0
226900.9610490944 2563779.636518078 0
226793.1957232182 2562927.822771177 0
226846.5764621441 2562838.657064501 0
226955.2919786574 2563630.478285315 0
226805.2335356426 2562167.918117035 0
226787.7568117484 2562177.642519995 0
227161.527902111 2563733.757823212 0
227299.124144763 2563795.945137165 0
227190.4629549873 2564094.26125207 0
227033.0740932199 2563091.642687368 0
226954.6047138217 2562580.335751726 0
226818.0123622945 2563548.293638604 0
227103.0793560648 2564142.883323418 0
226816.6914377563 2562538.14601641 0
226688.6518426778 2562966.172048215 0
226494.7706529906 2562082.989976317 0
227213.6412497687 2563724.58217837 0
226547.198938728 2562053.81337331 0
227235.8162430055 2562324.757561162 0
227256.0497467859 2562336.158316763 0
226663.2556120956 2563475.833797866 0
226789.9742436291 2562037.660085902 0
226926.303505203 2562179.837237258 0
226909.1435613586 2562169.564153312 0
226975.8826607824 2562330.641412604 0
227027.9960707045 2562321.465688094 0
227026.7825942077 2563491.593219124 0
227350.5927444851 2563826.783168583 0
226822.3934752683 2562178.191200005 0
226597.7303050141 2562144.628519355 0
226947.1266284793 2564130.137708673 0
227080.7430426236 2562272.294924746 0
226719.1170348098 2562136.550198725 0
226782.6030372883 2562477.688254395 0
227152.3417665799 2564313.685060933 0
226580.9405009404 2563204.495897247 0
226598.1004302537 2563214.768984283 0
226925.0900916359 2563349.964722767 0
226856.1336088203 2563328.869894435 0
227028.0497390857 2563411.603270819 0
227069.392936895 2564082.342181942 0
227330.2761404071 2564016.466252879 0
226848.1603499881 2562738.66958492 0
227024.2484074632 2563651.573142605 0
226701.9570965262 2562126.277108697 0
226887.8655077781 2562419.2584168 0
226994.9970031561 2563311.067156198 0
226720.754527033 2563126.700385138 0
227397.9654982026 2564117.551103032 0
227397.6487089866 2564137.548592087 0
226937.1817256848 2563680.19768258 0
226949.2732140365 2564010.430778665 0
226892.3003928884 2562139.293574187 0
227061.7360385212 2563472.144418479 0
226898.0562958979 2562869.476330751 0
227084.9691107905 2564192.602733077 0
226407.6074197235 2562151.360657047 0
226388.4020069187 2562120.842262942 0
226406.5839126475 2562111.052527141 0
226390.0639885782 2562100.168348763 0
226370.8755685135 2562109.748039107 0
226910.9649575121 2562049.711564083 0
226929.7775973634 2562041.33118769 0
226911.1664373573 2562030.502581409 0
226893.8202227138 2562020.0440314 0
226911.6342175786 2562009.681973964 0
226771.9177770359 2563177.517048877 0
226857.7175109121 2563228.882456311 0
226859.3014355355 2563128.895006739 0
227351.2375204648 2563786.769424207 0
227010.5730207874 2563421.327669211 0
226895.5220391655 2563029.456255487 0
226666.6868533416 2562165.723398525 0
227242.5762753864 2564085.085547265 0
227112.2121653457 2562472.818485367 0
227009.8857922108 2562371.185075236 0
227196.7981092149 2563694.311596241 0
227136.4489619369 2564223.421928861 0
227136.1321726894 2564243.419409623 0
226630.1439517192 2562285.176915918 0
226899.3234088846 2562789.48634404 0
226756.3418018471 2563067.256511428 0
227028.3128506851 2562301.468194214 0
227305.8311646652 2564466.135115264 0
226771.8639779288 2562087.379485642 0
227023.2982370204 2563711.565584631 0
227033.7232587942 2563051.647945632 0
227230.8011841007 2563734.855274059 0
226962.854889807 2562079.428122558 0
226780.731163209 2562557.602278157 0
227071.0649276939 2562872.216906229 0
227088.1244881589 2562862.485879325 0
226670.8197763946 2562995.89193661 0
226838.9198358781 2562228.459240012 0
226985.17693508 2563930.989383191 0
227184.6530523293 2562273.940877691 0
227469.4563833359 2563978.666087432 0
227330.5929304703 2563996.468746996 0
227313.4329822529 2563986.195655098 0
226661.354362703 2563595.819737493 0
227297.2234175575 2563915.930093775 0
226828.4661603392 2562888.37644694 0
226723.9220944761 2562926.72576225 0
227059.7820455769 2562501.991786438 0
226803.0696137663 2563398.038126453 0
227361.7448699981 2564216.98984533 0
226848.2135348345 2563828.807586145 0
226650.794054836 2562075.460330043 0
226650.4772821771 2562095.457835082 0
227209.2066946765 2564004.546926534 0
226866.9041795901 2562648.955225835 0
226849.7442284279 2562638.682143745 0
226870.7593280812 2563499.122933526 0
226963.2115096376 2563130.540994921 0
226965.1121424766 2563010.556104929 0
226807.8216134246 2563098.075748159 0
226861.8357250023 2562968.915088888 0
226899.3772950175 2563879.623804572 0
227207.3061454058 2564124.531815928 0
227060.0987882751 2562481.994294568 0
227005.4513867571 2562651.150018419 0
226826.5654860816 2563008.361380353 0
227296.9066303317 2563935.927583924 0
227108.147654365 2563822.923455484 0
226780.2076187423 2563747.720249603 0
226780.5243770326 2563727.722744511 0
227034.3855408953 2563011.653415933 0
227167.9179797522 2564423.945578402 0
227411.4615658803 2564347.779445325 0
227428.1632282971 2564358.093929791 0
226580.3068977974 2563244.490877902 0
227060.7847653551 2563532.136919611 0
227095.0693472645 2563552.682587692 0
227077.9381053257 2563542.409981618 0
226752.1697828345 2562237.086326734 0
227040.7215585326 2562611.703663878 0
227059.5185948673 2563612.126838253 0
226990.8252919744 2562480.897020406 0
226528.5176387762 2563233.656826827 0
226966.4331773291 2564020.70383617 0
226983.2763965526 2564050.974362517 0
227150.0042623292 2562273.395910984 0
226738.9955116854 2561987.258280186 0
226736.8568934182 2561969.081600123 0
226835.4890931834 2563538.569237787 0
226905.9757636967 2562369.539033217 0
227222.5654887243 2564254.789834499 0
226812.2563823395 2562818.111038759 0
226870.705558359 2562408.985364943 0
227263.5371368059 2563855.388905204 0
227123.7237209479 2563933.183993919 0
226809.0887484734 2563018.085775913 0
227022.6112742875 2562661.423073682 0
226782.108271272 2563627.735332323 0
227147.481217086 2562433.370125638 0
226647.0459635224 2563405.568306175 0
226545.1423945623 2563283.863663157 0
227081.7264166178 2563361.360092883 0
227098.847040338 2563372.027222509 0
227097.3834493964 2563328.034758949 0
227036.0232731278 2564001.803592728 0
226477.6107131038 2562072.716881324 0
226546.5672637832 2562093.811767876 0
226579.363772888 2563304.48522826 0
227106.2469575224 2563942.90839771 0
226632.1035276201 2563255.312660165 0
226685.8007893657 2563146.149496337 0
227434.817220764 2563978.117323673 0
227000.753107893 2564041.249944113 0
226806.8712586195 2563158.068233876 0
226884.6976788722 2562619.233318937 0
227013.3644055429 2562151.156616464 0
227362.3784647076 2564176.994873208 0
227246.0604587078 2563865.113331392 0
227264.8042594729 2563775.398962917 0
227064.8389757561 2562182.01424657 0
227121.5063589417 2564073.166463115 0
226938.7655775813 2563580.210240299 0
226901.5408629757 2562649.503911234 0
226706.7721935493 2562916.458371443 0
227103.3961099003 2564122.885820351 0
226966.0625092273 2562950.563624836 0
227383.9734912591 2563907.30306694 0
227027.0993756549 2563471.595733472 0
226643.4574538323 2563645.409744297 0
226624.779589427 2563655.275732361 0
226582.8411720862 2563084.510986833 0
227109.0979783269 2563762.930985572 0
227346.8024826223 2564066.734306377 0
227358.8878652299 2564396.966940133 0
226614.8902446322 2562154.901606039 0
226753.7537061194 2562137.098881569 0
226943.8339819227 2563260.250354398 0
227281.9642038453 2563785.672050579 0
227132.8544223488 2562263.119762205 0
227206.6726154289 2564164.526814139 0
226877.4117411993 2563079.175631426 0
227101.8122994031 2564222.873284271 0
226843.4086458687 2563038.631963759 0
226735.0098414462 2562226.813246146 0
226840.820539825 2562108.474320009 0
226832.9545062975 2563698.549441239 0
227074.3938795479 2562651.658599727 0
227220.3481226859 2564394.772272869 0
226837.969535127 2562288.451719962 0
227064.5301896731 2562202.02647082 0
226632.4203081857 2563235.31516099 0
227144.7715677686 2562594.038542759 0
227295.9562792495 2563995.919994118 0
226956.8222485528 2562440.353431548 0
226718.2203053684 2563286.680171268 0
226881.1938722684 2563929.305370598 0
227237.8248514383 2564385.047844745 0
226925.7236740334 2563309.969757609 0
227332.493671013 2563876.483803822 0
226841.4540859497 2562068.479330864 0
227220.98165338 2564354.777291121 0
226958.1428334411 2563450.50087013 0
227093.2049755691 2563672.668008761 0
227093.785197408 2562542.535387177 0
227035.9700354776 2562911.666014323 0
226663.8891735573 2563435.838818354 0
226633.0538756326 2563195.320185576 0
227134.8955349629 2564323.418426573 0
226898.7336976412 2563919.608954525 0
226885.0144594851 2562599.235830826 0
227110.1934272003 2562592.817805771 0
226511.5387185761 2563223.15646034 0
226993.4130962943 2563411.054575496 0
226664.5227294725 2563395.843830427 0
226647.6252878516 2562275.438137496 0
226841.137314021 2562088.476826557 0
227415.4420769022 2564107.826711291 0
227042.3586749239 2563601.853763406 0
226876.6830455183 2562029.108006009 0
226577.040837197 2563484.618983785 0
226559.3455736339 2563474.187889751 0
227180.9379285405 2563603.891381203 0
227341.1013634632 2564426.688782529 0
226634.9545387879 2563075.335260593 0
226976.5162305819 2562290.646443359 0
226865.9538474925 2562708.947701394 0
226883.4305765274 2562699.223294712 0
227111.632639083 2563602.937644457 0
226763.681184815 2563697.452181306 0
226868.4880710057 2562548.967771229 0
227307.7317090632 2564346.150299678 0
227110.6816497481 2563662.943590064 0
227096.8363817529 2563432.731773558 0
227114.5216803519 2563425.356270526 0
227079.5012322261 2563442.428139838 0
226901.2240857559 2562669.501401582 0
227028.6832903589 2563371.608294935 0
227033.8060149865 2564141.786028076 0
227066.5284258131 2564262.307824803 0
227090.4307780766 2562742.171068417 0
227107.1125947936 2562730.749916776 0
226831.2512324109 2563878.554851745 0
226527.1825772761 2562223.545189568 0
227044.5761011357 2563461.87133194 0
226563.7272017875 2562104.084852595 0
227299.4409247101 2563775.947654828 0
226888.236047629 2563489.398535619 0
227255.3015807367 2564375.323424209 0
226748.7389534485 2563547.196260492 0
226666.0532900474 2562205.718382752 0
227485.3491582943 2564068.929154617 0
226880.8963386026 2562859.203255047 0
226820.8095815631 2562278.178643992 0
226803.6496289421 2562267.90556617 0
226975.302777861 2563460.773961994 0
227072.8123628352 2562772.179992207 0
227071.8692596472 2562832.224641279 0
227043.8890161761 2562411.728749421 0
226778.6260154781 2562757.593253965 0
226921.605606715 2563569.937146216 0
226650.1604958725 2562115.455328245 0
227166.2257003462 2562343.658200671 0
226493.1864719701 2562182.98028729 0
227189.8294365515 2564134.256244003 0
226785.8561094612 2562297.627462046 0
226787.4400290602 2562197.639996536 0
227187.6120000207 2564274.238690119 0
226899.6401908094 2562769.488857125 0
226990.191673562 2562520.891994254 0
226752.4865735645 2562217.088830615 0
226670.2035753725 2563035.887489731 0
226900.5905312324 2562709.49638016 0
227149.065730555 2562333.385311602 0
226851.9616905667 2562498.699719429 0
226882.4802387253 2562759.215757052 0
227432.9175595404 2564098.102299693 0
226958.7227150997 2562320.368326042 0
227088.902172796 2562842.495694813 0
227105.4071980181 2562854.484876623 0
227159.627480504 2563853.742694495 0
227274.3621220801 2564265.611559931 0
226700.7435178827 2563296.404644381 0
226790.0281003526 2563127.797651393 0
226669.9038173302 2563055.886156156 0
226646.4123924266 2563445.563343051 0
227205.7223022651 2564224.519265979 0
227001.6495653329 2562891.119820246 0
227001.9666902012 2562871.122302702 0
226865.3202916692 2562748.942670112 0
227231.4347697514 2563694.860299455 0
227015.6957488802 2564191.505424066 0
226780.8411340659 2563707.725246153 0
227216.6872160292 2562394.654456273 0
226564.4141385246 2563154.22783175 0
226871.9726497394 2562328.995368881 0
227283.0950927375 2563685.465237326 0
227283.86496879 2563665.687127357 0
226938.7117670159 2562490.072677915 0
226754.0704847641 2562117.101389238 0
227078.8525165923 2563482.449233572 0
227079.2127610425 2563462.420049245 0
226885.6480167454 2562559.240857785 0
226918.4378744164 2563769.912079238 0
227110.5962186629 2562572.811116516 0
226964.1618561075 2563070.548568652 0
226778.2804626331 2562777.571726723 0
226798.2643433054 2562607.862973327 0
226801.4859892272 2563498.025570815 0
226582.207625799 2563124.505965038 0
226719.1706242072 2563226.68771397 0
227398.5990589687 2564077.556122337 0
226884.1179249281 2563749.365991162 0
226843.7254280118 2563018.634473272 0
226646.969039502 2562315.493215176 0
226629.7986182741 2562305.260690133 0
227011.2065717747 2563381.332710044 0
226526.8163385228 2562243.695163241 0
226543.9736003294 2562253.975012649 0
226987.7112453683 2563771.009376146 0
226754.3872586036 2562097.103897284 0
226949.2193343065 2562920.293060314 0
227061.3657679594 2562402.004332602 0
227070.9766714999 2563982.354753307 0
226946.6851453831 2563080.272981378 0
227118.6545501142 2564253.144369693 0
227245.1100213691 2563925.105779947 0
226987.0776874821 2563811.004407234 0
226750.6394407793 2563427.211326166 0
226834.8017448962 2562488.426632115 0
226986.444125531 2563850.999373528 0
226897.4765878072 2563999.609090612 0
227150.7774714814 2564413.658477603 0
226790.2963851203 2562017.686071326 0
227053.816706948 2563972.081659692 0
227041.0916565697 2563681.843692807 0
227152.6585706808 2564293.687496881 0
226576.9149818635 2563504.263495349 0
227141.8340016265 2563883.464603188 0
226879.6274526877 2561991.828934705 0
226930.4754863738 2563010.007453776 0
226963.5283021432 2563110.543508046 0
227034.0491651554 2563031.650598559 0
227089.7205616979 2563892.640332818 0
226528.1401636656 2562163.528625742 0
227236.2509497771 2564485.019809738 0
227219.082761122 2564474.759664861 0
227349.9703975243 2563866.759402997 0
226597.4135204453 2562164.626004104 0
227376.347919943 2564387.245206288 0
227221.931875533 2564294.784807497 0
226627.9853301264 2563515.280195737 0
227231.7515735047 2563674.862815795 0
226931.7426114696 2562930.017467281 0
226732.2125781407 2563496.928275862 0
226916.2190162778 2563909.892383997 0
226884.3809057887 2562639.230819311 0
226969.6009211779 2563820.728850633 0
226870.0719819291 2562448.98035062 0
226869.7551936695 2562468.977831625 0
227299.7453653809 2563755.949281931 0
227052.8125515674 2562941.936564423 0
227024.5118624032 2562541.43813249 0
226720.7018049214 2562036.564342551 0
227159.3107180592 2563873.740190304 0
226728.0942131726 2563756.895976474 0
226652.4282560662 2563065.610645907 0
227126.574634868 2563753.206597714 0
227024.1951098788 2562561.435631428 0
227213.9580422723 2563704.584692535 0
227120.5560715132 2564133.158916508 0
227417.0250171499 2564007.839276218 0
226856.7133914434 2562198.737365293 0
226828.1493843346 2562908.373936095 0
226959.3562875038 2562280.373349182 0
226734.1129581209 2563376.943211141 0
227034.1227765271 2564121.788540958 0
226768.3793576374 2562307.351934545 0
226856.7671572879 2563288.874933172 0
226983.5392376753 2562940.839205123 0
226784.6428266765 2563467.754974773 0
226836.3855533348 2562388.439392049 0
227132.9769614112 2564443.380272859 0
226596.4629250375 2562224.619204802 0
226924.4565123231 2563389.959692101 0
227279.7466897795 2563925.654489632 0
226906.2925239562 2562349.541519072 0
226616.2107244819 2563165.049614138 0
226711.746160228 2563705.552036184 0
226798.86649834 2562547.868810248 0
226784.3260477874 2563487.75246963 0
226644.5117219028 2563565.548264549 0
227066.8501180972 2564242.321974678 0
226956.242296545 2563570.485831338 0
227054.1334624203 2563952.084164212 0
226925.3531897898 2562239.829694643 0
226597.0967282317 2562184.623505477 0
226924.7733007683 2563369.96220057 0
227118.9720886973 2564233.146437436 0
226547.6371198115 2562034.068025579 0
226671.1751392772 2562975.89647321 0
227042.3053220357 2562511.716217911 0
227142.784313791 2563823.472127548 0
226936.8649489726 2563700.195178266 0
226979.0777246439 2562130.663125655 0
226564.0439805256 2562084.087359211 0
227096.6359665298 2562362.557972325 0
226831.3677315569 2563798.537797175 0
226615.5771592371 2563205.044577635 0
227088.4534116449 2563972.630306371 0
226564.358552014 2562064.085889931 0
226872.2894303919 2562308.9978711 0
227070.0264376834 2564042.347187052 0
227344.9017473194 2564186.719274944 0
226628.3020974943 2563495.282710244 0
227052.5497297541 2564052.071627673 0
227018.1759395145 2562941.387858403 0
226839.2366282897 2562208.461762703 0
226780.864193664 2562617.588841587 0
226746.1924371207 2562617.051932089 0
227145.8985661752 2562533.359591585 0
227350.2853148068 2563846.765031382 0
227300.0064296295 2563736.041292539 0
227253.7278455541 2564475.295240305 0
226829.4164429093 2562828.384020085 0
226862.1525050451 2562948.917589324 0
227419.5799076824 2563847.929885983 0
227137.7160275757 2564143.431999148 0
227005.1345662817 2562671.1475157 0
226616.5274936607 2563145.052116503 0
226597.7836360719 2563234.766467341 0
227249.0981318344 2563665.811054325 0
226987.3944665689 2563791.006884766 0
226784.9596017268 2563447.757489615 0
226845.3093355683 2562918.647025236 0
226661.988456364 2563555.823835179 0
227011.523358457 2563361.335205891 0
227011.8401560182 2563341.337740797 0
227189.5126538695 2564154.253734166 0
226737.2273253102 2562086.830806321 0
226881.5299085738 2562819.20826353 0
226769.9633044767 2562207.364410812 0
226510.9802191663 2562153.255537816 0
227117.1765772655 2564432.233010479 0
227010.8898091548 2563401.3301813 0
227004.8178238732 2562691.145004873 0
226460.4396014535 2562062.461890528 0
226908.1932245993 2562229.556603095 0
226654.4982683917 2562903.116845259 0
226637.2347049284 2562914.51666248 0
226925.0363859792 2562259.827162922 0
227358.5717153451 2564416.964233392 0
226527.2391950407 2563332.714705166 0
226510.5820804281 2563319.496981893 0
226578.8998049803 2563404.622068275 0
226881.213126056 2562839.205758681 0
227402.0762791007 2563857.613380324 0
227105.2966376985 2564002.900849751 0
226902.2282282729 2563699.646552259 0
227344.5849528723 2564206.716748168 0
226737.5440941327 2562066.833301898 0
226946.368372712 2563100.270444117 0
227070.1206811596 2562932.209463469 0
227142.4675410996 2563843.469616918 0
226633.3706575237 2563175.322699605 0
227317.3854277975 2563726.319338457 0
227316.0317980653 2563706.59381889 0
227335.7566219126 2563714.134961375 0
227009.5690403939 2562391.182594139 0
227012.7367848007 2562191.207620353 0
227154.8759714097 2564153.705076125 0
226862.4692804287 2562928.920112091 0
227172.0359309556 2564163.978144914 0
226599.3675511319 2563134.779038141 0
226458.8666942572 2562162.431203025 0
226441.4991789458 2562030.280529729 0
226442.826092059 2562052.025359723 0
226942.1963531475 2562270.100245097 0
226873.873319671 2562209.010438361 0
226887.5487317475 2562439.25594033 0
227270.8837644991 2564485.52268472 0
226999.8028705869 2564101.242405543 0
227202.8788271743 2562264.285060041 0
226687.6929757136 2563026.163940647 0
227086.8667963459 2562942.475985425 0
226717.5866050222 2563326.675270772 0
226476.0267972669 2562172.704340279 0
227084.3276623113 2564232.599489932 0
227079.1592523915 2562372.28239949 0
227339.3431379561 2564506.033523928 0
227007.3518493174 2562531.165067429 0
226880.7965736584 2564009.494564721 0
226890.71648652 2562239.280995138 0
227014.1072981616 2562130.222933658 0
227016.9628313381 2564111.515474726 0
226770.6505199563 2563257.507071339 0
226875.5110029873 2563199.160547264 0
226875.8278127438 2563179.163023143 0
226703.2252438002 2562046.289004186 0
226982.6429177346 2564090.969335628 0
226994.9433080922 2562220.929569654 0
226965.7997026454 2564060.698788889 0
226688.0054339306 2563006.166261367 0
227140.2501281758 2563983.452021651 0
226545.1716790184 2563303.858538982 0
226686.0653298912 2562036.015971379 0
227451.7850041007 2563988.387382274 0
226720.3842395312 2562056.560366984 0
226866.6410500307 2563759.090438164 0
226876.144624581 2563159.165499955 0
227122.7733773182 2563993.176429463 0
227187.2951940937 2564294.236196197 0
226858.0342844816 2563208.884968083 0
227021.9773274436 2562701.418053033 0
226871.7096329358 2563439.130473366 0
226906.3462460243 2563439.679078313 0
227160.2609944223 2563813.747754295 0
226547.834420923 2562013.821827174 0
226947.9522020953 2563000.283048488 0
226905.7127518623 2563479.674128093 0
226874.5606537921 2563259.153017014 0
226782.4252219654 2563607.737408375 0
226922.8726907791 2563489.947192417 0
227019.1266375985 2562881.395426805 0
227322.5592909915 2564496.285963828 0
227161.6935066808 2562543.564241438 0
227157.0932822293 2564013.722580391 0
226615.2603664966 2563225.042071097 0
227002.9704714576 2563901.267414537 0
226564.7476029718 2563134.230616074 0
226874.8774427783 2563239.155521263 0
227021.6602232639 2562721.415545153 0
226982.9596653807 2564070.971840237 0
227009.2523258476 2562411.180121442 0
227288.3418168513 2564475.818560074 0
227035.6526525794 2562931.663491433 0
226857.0839423071 2563268.877438992 0
226873.2935344006 2563339.142935361 0
227309.6316074602 2564226.165398989 0
226873.6103178172 2563319.145466255 0
226873.9270947765 2563299.147992748 0
227012.4200184307 2562211.205137621 0
227305.4619695199 2564486.041649615 0
226929.2084220198 2563089.997372753 0
226613.9398155822 2562214.894317156 0
226686.4715529483 2562016.107721827 0
226700.1096772304 2563336.400008258 0
227204.7719220759 2564284.511761504 0
226906.0295025066 2563459.676607929 0
226911.7316745203 2563099.721766909 0
226872.9767471259 2563359.140452327 0
226957.5093105087 2563490.495837146 0
226974.0357283158 2563540.763964374 0
227327.1082516396 2564216.441110977 0
227431.3073679657 2564198.000888803 0
226876.778193081 2563119.170566374 0
226872.6599671483 2563379.137942536 0
227003.8676888168 2562751.137537954 0
226973.6652966412 2562470.623931104 0
226974.3524783005 2563520.766437695 0
227004.1842238528 2562731.140000672 0
226740.4486004646 2562976.993771204 0
226799.9019163531 2563598.013087009 0
226894.2549315502 2563109.446158797 0
226872.3431701251 2563399.135448578 0
226645.7788056876 2563485.558294197 0
226872.0263840409 2563419.132955026 0
226669.1258503535 2562005.692138892 0
226850.114511752 2563708.822466427 0
227012.1569164134 2563321.340260605 0
227002.6536592384 2563921.26495274 0
226565.0671845619 2563114.233170556 0
227024.8819765002 2563611.578174747 0
227178.0542671342 2563784.025899586 0
226957.1925639768 2563510.493345493 0
227037.6070875323 2563901.816126639 0
226950.8037773073 2562820.305681828 0
226799.2682066124 2563638.008357271 0
226781.7914566546 2563647.732782233 0
226785.2764264423 2563427.760042861 0
226968.9673429808 2563860.723828089 0
226953.6545626718 2562640.32825478 0
226991.1956670451 2563551.037011771 0
227008.3556141736 2563561.310092189 0
227025.5155501398 2563571.583177108 0
226948.3336408878 2564070.419124209 0
227025.1987829678 2563591.580662297 0
226931.166169794 2564060.148893694 0
226699.7929299728 2563356.397408357 0
227021.027484453 2562761.410540703 0
226956.5053099496 2562460.350848014 0
227007.4052971814 2563621.302552424 0
227006.7717745445 2563661.297591793 0
226995.8926171038 2562160.927668095 0
227007.088519047 2563641.300056612 0
227020.7108319121 2562781.408015012 0
226565.3677550319 2563094.235447774 0
227012.4736637816 2563301.342748715 0
226996.3111026816 2562140.759390674 0
226867.5912947814 2563699.09800772 0
227055.0838507616 2563892.091688284 0
227058.5683318244 2563672.119297224 0
227003.2341808894 2562791.132428058 0
227195.5309509027 2563774.301506537 0
227002.9174290245 2562811.129946976 0
227023.9317066253 2563671.570645119 0
226913.6861785274 2564069.874525949 0
226917.4875586925 2563829.90450219 0
226787.8104542852 2563267.780212906 0
226818.5922610424 2562418.161144983 0
226934.9642421353 2563820.180152106 0
226801.4314196022 2562407.88919 0
226995.5766866241 2562180.932970693 0
227075.7283117288 2563682.392423085 0
226834.5385889821 2563598.561747452 0
227020.0773111547 2562821.403031246 0
226836.068870178 2562408.436779322 0
226995.9463170038 2563251.074680135 0
227012.7766907249 2563281.345065603 0
227226.683276201 2563994.822510318 0
227228.583786572 2563874.837659567 0
226716.636249322 2563386.667662081 0
227019.7605340757 2562841.400544237 0
227092.8882809478 2563692.665529723 0
227002.2837759847 2562851.124834203 0
226885.7017424408 2563649.378589408 0
226939.6622087008 2562430.080287094 0
227110.0481906442 2563702.938567403 0
226852.0153182015 2563588.837398148 0
226548.7509179518 2563084.251909606 0
226995.6270645608 2563271.072123434 0
227277.2127997999 2564085.634208682 0
227144.3680020769 2563723.484639069 0
227127.2081071317 2563713.211617566 0
227210.4734702977 2563924.557061483 0
227212.6909341108 2563784.574597204 0
227144.0512596101 2563743.48217967 0
227325.2084296015 2564336.42591562 0
227143.7345077129 2563763.479734314 0
227278.1628144227 2564025.642022259 0
227013.4177231249 2563241.35021566 0
227143.4177792637 2563783.477299378 0
227212.3742517582 2563804.572064023 0
227343.0011724417 2564306.704034182 0
227160.5777074135 2563793.750361305 0
227013.6911889425 2563221.351988575 0
227229.5341525358 2563814.845161967 0
226756.6585445644 2563047.259095246 0
227229.2174102988 2563834.842666443 0
227360.1616939157 2564316.977038341 0
226733.4794142231 2563416.938340765 0
226721.7049316218 2563066.708030337 0
227328.3754984653 2564136.451229382 0
227014.0061546257 2563201.354458258 0
227228.9006087493 2563854.840159281 0
226796.0544804127 2562747.849231739 0
227377.9547647324 2564287.255258211 0
226775.0855760803 2562977.54230669 0
227014.3242614782 2563181.356993648 0
227310.8988500327 2564146.175550169 0
226794.4627010477 2562847.832975085 0
226739.1817581661 2563056.983560601 0
226757.6089142464 2562987.266724281 0
227211.1071064661 2563884.561934127 0
227276.26256138 2564145.626491911 0
227015.0037066793 2563141.362656503 0
226719.804290878 2563186.692890206 0
227210.7903185146 2563904.559471966 0
226684.8505357663 2563206.141811761 0
227014.6638512278 2563161.359826166 0
227192.6801007899 2563954.278919585 0
227192.9968838841 2563934.281402077 0
227032.4413253356 2563131.650338196 0
226702.3276152356 2563196.417319013 0
227395.1148983908 2564297.528177722 0
227192.3633919971 2563974.276478799 0
226714.7359044385 2563506.652775004 0
226768.1161918871 2563417.486917343 0
227209.5233371866 2563984.549582063 0
227244.1598110667 2563985.098018701 0
227261.3197533967 2563995.371060258 0
227278.4796636625 2564005.644186341 0
227260.6861946151 2564035.366054672 0
227260.36954714 2564055.363675832 0
227260.0528834797 2564075.361141107 0
227294.6892966275 2564075.909694075 0
227311.8492253287 2564086.182781576 0
226967.329973035 2562870.573651835 0
227311.5325531776 2564106.180309352 0
227328.6923508206 2564116.453494236 0
227275.6286992974 2564185.621565594 0
227275.9456399158 2564165.624181557 0
227292.4718481745 2564215.892129329 0
227275.3119892139 2564205.619089124 0
227292.1551141919 2564235.889685205 0
227291.8383270262 2564255.887159619 0
226984.8068681942 2562860.849261841 0
227291.5215302026 2564275.884634075 0
227291.2048903123 2564295.882302084 0
227290.8882722963 2564315.880028757 0
227308.0482025907 2564326.153142951 0
227412.5913632092 2564287.803717047 0
227429.4745738012 2564298.078168802 0
226474.9813876205 2562233.064953349 0
226483.4225970945 2563285.677299217 0
226888.9655063778 2564089.286922744 0
226704.2541950308 2562780.284541321 0
226897.9461244131 2564106.68208964 0
226577.9691062791 2562294.58795315 0
226991.5459582068 2564256.660309252 0
226612.3075580328 2562315.076305656 0
226509.8794242007 2563107.36285312 0
226704.1726476722 2563779.01061944 0
226469.5818753111 2563248.874763771 0
226593.0855050487 2563635.520372953 0
226543.6295420109 2562274.101243601 0
226348.9481601572 2562073.803880968 0
226509.2747608415 2562253.65080255 0
227118.8704465219 2564551.146390436 0
226641.3493811105 2563697.918988055 0
226732.7975574092 2562366.801633709 0
226698.1397681368 2562366.301823832 0
226715.6382584875 2562356.535048964 0
227430.1574896065 2564469.052504742 0
227447.3743479932 2564367.064315371 0
227082.8518131295 2563185.040578586 0
227200.1582752017 2562518.557723955 0
227121.4667674467 2562867.141782095 0
227138.4791065899 2562729.422909114 0
227190.8899414319 2562216.194254148 0
227136.4207705345 2563462.533805032 0
227488.772034691 2564234.808247984 0
226967.4550829109 2562032.385351324 0
226949.3098997812 2562039.906723073 0
227366.4781943514 2563742.620603427 0
227418.5194444892 2563803.953992196 0
227496.5264094342 2563993.74122602 0
227166.4922686618 2562183.585076036 0
227133.4142404983 2562769.023079005 0
227216.9192773256 2562479.831053538 0
227235.0319121003 2562282.83969545 0
227106.2352739596 2562967.190554868 0
226952.1403024781 2562020.79820171 0
227127.9277320279 2562808.289553916 0
227424.4344575194 2564505.656226481 0
226769.6272797892 2563879.321274056 0
226744.1316447584 2562497.256588764 0
226646.6341337391 2562335.565304011 0
227084.5910921177 2563165.229716855 0
226998.2803647091 2564201.230804122 0
227076.1972461193 2562691.865195451 0
227324.3508776615 2564536.126188656 0
227254.6006939448 2562386.934535652 0
227106.5354559792 2562833.581483777 0
226635.0437799635 2562935.951541536 0
226725.44892649 2563812.270700655 0
227165.6323006531 2564544.219114185 0
227183.3358772285 2564553.268537548 0
226791.547273586 2561959.213197502 0
226842.0284694599 2564000.268256691 0
226543.9831552845 2561994.353935046 0
226657.4989555809 2561972.831566304 0
226503.5835720896 2562000.707661341 0
226695.8630758171 2561965.858426664 0
226369.1080137238 2562024.196031079 0
227135.8777503444 2564561.09337236 0
227271.2030104876 2564543.491385531 0
227232.1099498177 2564551.705018002 0
227403.3722704794 2564528.488038559 0
227117.1483611128 2562153.079005235 0
227090.7677005711 2562722.7913212 0
227123.136303192 2562719.027510957 0
226533.4442517399 2563074.603541582 0
227065.9656192079 2564281.852123244 0
227255.995724627 2563626.889432998 0
227156.659096637 2562629.371739233 0
227213.2904654712 2562248.039294234 0
226744.2400014478 2562715.059900153 0
227445.9151895423 2564307.83713965 0
227095.4377726586 2564453.021341887 0
226862.3732270022 2564036.721224736 0
227100.9011847045 2562121.547045941 0
227179.3147392092 2562571.775089943 0
227459.3109516406 2563859.123970523 0
227367.3367494876 2564534.205945804 0
227334.114488221 2563736.4602063 0
227428.3170443954 2564377.891115419 0
227220.2099088148 2564535.441699926 0
227119.228038502 2563404.781998049 0
227426.9463302814 2564398.448438187 0
226422.037789382 2562181.225451369 0
226657.9848383377 2562867.764695427 0
227419.2293042459 2563827.905185668 0
227131.5900719577 2564520.827481926 0
227105.1685242211 2563006.881892209 0
226542.188594378 2563481.401444884 0
227098.8509849726 2563392.672524785 0
226447.8384951327 2562010.12273442 0
226575.9862509099 2563584.465280262 0
227065.0013658844 2563193.223002457 0
227482.9753185524 2564148.901449391 0
226726.810292673 2562698.477044981 0
227101.1348474708 2564382.638884821 0
226598.7847551294 2563014.782055944 0
227032.2121365964 2562118.433841873 0
226846.9500970785 2563969.074460232 0
226753.7711638528 2561955.038076312 0
227408.2114935237 2564487.759324855 0
227197.6789407755 2562485.25159422 0
227501.8741822558 2564059.016223294 0
226477.6415196462 2563157.031842108 0
227014.7625221885 2564287.53620002 0
226827.3019359014 2561959.69129936 0
227463.9343841954 2564259.033472176 0
227123.3538936385 2562847.367733616 0
226557.4256188794 2563576.668440639 0
226671.5761720546 2561986.157271569 0
227083.9577743909 2564353.225558554 0
227129.0184987463 2563514.502676033 0
226390.5606743628 2562080.618277107 0
227231.1163258223 2562444.308474506 0
227114.9859799346 2562927.884686158 0
227470.4385125137 2563896.868979116 0
226511.2122748378 2563301.437361791 0
226528.1498645302 2563312.801227578 0
226966.7910792974 2564223.078394805 0
227435.3535514537 2563837.081996758 0
227064.6887850399 2564300.853274899 0
227110.6927963394 2563442.931137247 0
226749.094285091 2562676.496907109 0
227185.4931619648 2562235.408655015 0
227394.3887243036 2563770.999200169 0
227500.0654601265 2564196.747027633 0
226841.4432657476 2561971.972500201 0
226547.4923962105 2563406.899634087 0
226675.4027392243 2562830.232583643 0
227085.6782107989 2564413.895782094 0
226996.8425520503 2564238.274160332 0
227251.2559138174 2562355.929862612 0
227102.1619953236 2563029.391992032 0
227522.4569700511 2564122.369913691 0
227063.3752327132 2563213.187724223 0
227131.3242706374 2563494.76678402 0
227501.3218276826 2564078.713018395 0
226466.0796256353 2562005.383194514 0
226576.3134527095 2563602.980171596 0
227090.5426252239 2562661.452224866 0
227109.2029243949 2564512.688788835 0
227103.922323594 2562874.388969591 0
227486.7998334862 2563953.092750075 0
226605.5272697277 2562953.582562022 0
226478.7865347705 2563221.128832055 0
226723.7828212134 2561980.018214819 0
227079.1335491971 2563320.712463338 0
226356.6669840368 2562056.680584579 0
226870.8250660658 2561961.794705439 0
226726.4494706915 2562656.550704729 0
226515.924659144 2562014.492466417 0
226393.8386053112 2562163.384368742 0
226619.4418355623 2561978.038940487 0
226775.0220302086 2561969.654306355 0
227472.7718916381 2564293.362106076 0
227421.2464874764 2564524.766138232 0
227405.8184286951 2564509.495266031 0
226560.3274072372 2563493.461998635 0
227064.0521837932 2563273.449550431 0
227199.5655701814 2564542.520772888 0
227299.2886461465 2563698.328726469 0
227483.8984022017 2564006.611560302 0
226593.9888209779 2563614.439542185 0
227230.6665334021 2563598.026623665 0
226915.6646831455 2564108.766841106 0
226612.9737629729 2563668.964753395 0
226883.5385482547 2561974.036060258 0
227451.7418827425 2563889.818238357 0
227350.1175789442 2563748.343352313 0
226495.2504157769 2563272.404316916 0
227198.4665605822 2562537.626105356 0
226659.4757006849 2563693.910846022 0
226750.3021963324 2562637.126357811 0
227097.8189156536 2564473.245166719 0
227300.2485211536 2563675.53110058 0
227266.4401201062 2563657.716519908 0
226712.7009926631 2563764.204878468 0
227464.6177480347 2564332.249468561 0
226583.3396654245 2562986.430481442 0
227438.4503201931 2564429.867478428 0
226566.1505826795 2562006.829055473 0
227033.8580177814 2562098.877111137 0
227084.9126066517 2563040.730120091 0
227164.5826494984 2563556.581809718 0
226375.9223097317 2562090.081454964 0
226409.476656662 2562015.606425389 0
227441.3992631714 2564410.360356885 0
226549.7963132267 2563041.039015968 0
226931.5088128332 2564178.695964518 0
227148.9309177675 2562150.429570687 0
227102.6922974979 2562893.369670236 0
227136.7267100438 2562636.764771101 0
226711.6797086235 2562796.387121868 0
226488.858886059 2563138.607606896 0
226892.6600064412 2562003.813348231 0
227496.8200097919 2564138.979821194 0
227132.720854869 2564541.09711726 0
226516.5354460398 2563123.465521832 0
226912.9722716699 2564143.90475853 0
226636.1301135182 2562897.976403899 0
227519.8575279218 2564086.886923702 0
227061.914107857 2563252.411089928 0
226830.5221921031 2563942.692771365 0
226479.0283948956 2563186.725760284 0
227478.2323006883 2564272.711207087 0
226728.8558839251 2562616.562755102 0
226731.6859096273 2562766.459347844 0
226816.5839285759 2563888.31398703 0
226731.1837904595 2563796.606148958 0
226511.207448985 2563360.089836496 0
226778.1014510226 2563865.371902274 0
227389.4280399666 2564515.211536815 0
227102.248165035 2564422.676711853 0
227308.4330042506 2564544.237512773 0
227249.9786676154 2562295.438966533 0
226920.597657965 2561995.206495588 0
226696.5959931258 2563739.358571088 0
226685.0595154776 2562812.166123432 0
227230.3488442401 2562404.607312774 0
227254.9034084929 2564531.735583624 0
227176.4633105681 2562592.170855258 0
227076.5204523997 2563304.246597696 0
227099.9032869095 2563069.309282483 0
226362.2293061005 2562039.794624053 0
226544.1142031413 2563520.884423924 0
227337.9001463821 2564522.198598132 0
227270.0060667255 2562354.206994683 0
227122.9586736595 2562738.584999185 0
226898.2688685075 2564075.65534745 0
226751.3282528825 2562597.36755986 0
226563.8462774882 2563415.420798607 0
227120.6686606168 2564567.089326316 0
226495.7988488441 2563324.23630956 0
226464.6795670295 2563193.908990426 0
226463.5969065091 2563210.207991256 0
227163.8902441378 2562203.603193571 0
226925.709752891 2562024.09426362 0
227118.4525871463 2562905.091427792 0
227143.7440395796 2563527.295745287 0
227191.1490663688 2563551.114685964 0
227447.757453377 2563826.035627816 0
226564.565702237 2563018.247212963 0
227480.9956714225 2564205.175960236 0
227124.5181001722 2562703.266304659 0
227400.3345543065 2563801.287376365 0
226373.1183528865 2562128.96513405 0
227062.8144503774 2563233.266612823 0
226688.5652967967 2561980.113714033 0
226831.9545541726 2563914.372066894 0
227193.9631523158 2562501.664372848 0
226622.4229881451 2562921.878685949 0
227019.3045562616 2564271.338591753 0
227088.5409278032 2562706.100760187 0
227216.7316111134 2562278.762665065 0
226743.5421826069 2563848.246001341 0
226645.4331711996 2563681.866578424 0
227515.6880100699 2564052.658128861 0
227130.2887027069 2563422.766703007 0
226476.7975426687 2562016.989884971 0
227127.4187689465 2563475.48556451 0
226409.8573220426 2562194.634482914 0
227047.770700899 2564307.347314477 0
227422.9785061786 2564438.604585976 0
226731.07702094 2562577.111375019 0
227197.8785980836 2564558.15532655 0
227213.8306673146 2562449.779248753 0
226867.7397789761 2564019.002760374 0
227485.0495483734 2563934.501867123 0
227100.7473840834 2563086.019543616 0
226849.1998726348 2563985.806292286 0
227227.2125944119 2563614.78339372 0
226536.2291506201 2563093.773874575 0
227099.7482025461 2562933.263187286 0
226943.2373337491 2562053.768078459 0
227121.5518274696 2562758.842299064 0
226347.6918041246 2562042.870539775 0
227450.2037143738 2563872.001213095 0
227087.9291039292 2564333.230288077 0
226565.3022943992 2563433.24222762 0
227481.0556525442 2563989.232852668 0
226631.9739124501 2561990.087004729 0
226865.7695745796 2564055.780865374 0
227282.2708375418 2563650.468359391 0
227148.6397140392 2562178.349942544 0
227328.3547326906 2563696.5112607 0
226533.5109835054 2562008.646478044 0
226730.6236443479 2562752.545562519 0
227147.7766508722 2564547.943232011 0
227364.1869457787 2563758.314254492 0
226551.2215216645 2563068.982264652 0
226951.5444280979 2564211.442012638 0
227247.6289318206 2562373.447390033 0
227198.1892609695 2562246.478048623 0
226675.832035557 2562861.170299027 0
227121.3108181953 2562642.462434464 0
226790.4938810381 2561943.363626038 0
226562.6938828385 2563610.038729651 0
227087.9631314153 2562678.088288628 0
226733.2912270376 2561953.622959865 0
227440.9002476767 2564348.130931945 0
226544.3206180265 2563539.388721691 0
227514.6295965306 2564159.430859584 0
227088.888236864 2564373.3095442 0
227170.6152563917 2564561.463726685 0
226562.2346711275 2563458.42238631 0
226661.4191191664 2562885.729776202 0
227148.9075896396 2563494.849681275 0
227269.1648938533 2562324.873401554 0
226410.1495005842 2562166.759061353 0
226696.5632769733 2563711.821241295 0
227457.7208135651 2564298.729121882 0
226983.9634765495 2564226.067515535 0
226622.7291696904 2562950.124963869 0
226611.8410664213 2563640.038363906 0
227421.0160325107 2564457.559669788 0
227479.7606576379 2564222.178835548 0
227114.187070718 2563365.251940852 0
226938.7294811819 2562027.937401565 0
226803.0949597807 2563878.027362763 0
227078.8399031553 2563102.289306765 0
227138.7393883761 2564503.493437719 0
227098.0593776962 2562952.07144408 0
227121.1778163755 2562777.60390308 0
227003.8415348305 2562049.223624557 0
226479.6670715211 2563237.091216003 0
226422.9560652093 2562027.732451174 0
227240.6774358837 2564538.574939645 0
227284.208523267 2564530.126921129 0
227103.9065964999 2564440.617022624 0
227507.7148492599 2564026.446963977 0
226377.7257245969 2562037.170815124 0
227119.8523159903 2564489.849323975 0
226979.6619252337 2562056.649126056 0
227174.1763069023 2562553.264887771 0
227140.1282864132 2563543.39500306 0
226580.2123530333 2561980.576446663 0
227375.151803723 2564521.28982867 0
226450.5325963352 2563214.839419753 0
226498.6065189815 2563289.488772967 0
226453.1452840144 2563186.449848723 0
226750.3636996672 2563825.402342464 0
$EndNodes
$Elements
5 9510 1 9510
1 1 1 17
1 1 5 
2 5 6 
3 6 7 
4 7 8 
5 8 9 
6 9 10 
7 10 11 
8 11 12 
9 12 13 
10 13 14 
11 14 15 
12 15 16 
13 16 17 
14 17 18 
15 18 19 
16 19 20 
17 20 2 
1 2 1 152
18 2 21 
19 21 22 
20 22 23 
21 23 24 
22 24 25 
23 25 26 
24 26 27 
25 27 28 
26 28 29 
27 29 30 
28 30 31 
29 31 32 
30 32 33 
31 33 34 
32 34 35 
33 35 36 
34 36 37 
35 37 38 
36 38 39 
37 39 40 
38 40 41 
39 41 42 
40 42 43 
41 43 44 
42 44 45 
43 45 46 
44 46 47 
45 47 48 
46 48 49 
47 49 50 
48 50 51 
49 51 52 
50 52 53 
51 53 54 
52 54 55 
53 55 56 
54 56 57 
55 57 58 
56 58 59 
57 59 60 
58 60 61 
59 61 62 
60 62 63 
61 63 64 
62 64 65 
63 65 66 
64 66 67 
65 67 68 
66 68 69 
67 69 70 
68 70 71 
69 71 72 
70 72 73 
71 73 74 
72 74 75 
73 75 76 
74 76 77 
75 77 78 
76 78 79 
77 79 80 
78 80 81 
79 81 82 
80 82 83 
81 83 84 
82 84 85 
83 85 86 
84 86 87 
85 87 88 
86 88 89 
87 89 90 
88 90 91 
89 91 92 
90 92 93 
91 93 94 
92 94 95 
93 95 96 
94 96 97 
95 97 98 
96 98 99 
97 99 100 
98 100 101 
99 101 102 
100 102 103 
101 103 104 
102 104 105 
103 105 106 
104 106 107 
105 107 108 
106 108 109 
107 109 110 
108 110 111 
109 111 112 
110 112 113 
111 113 114 
112 114 115 
113 115 116 
114 116 117 
115 117 118 
116 118 119 
117 119 120 
118 120 121 
119 121 122 
120 122 123 
121 123 124 
122 124 125 
123 125 126 
124 126 127 
125 127 128 
126 128 129 
127 129 130 
128 130 131 
129 131 132 
130 132 133 
131 133 134 
132 134 135 
133 135 136 
134 136 137 
135 137 138 
136 138 139 
137 139 140 
138 140 141 
139 141 142 
140 142 143 
141 143 144 
142 144 145 
143 145 146 
144 146 147 
145 147 148 
146 148 149 
147 149 150 
148 150 151 
149 151 152 
150 152 153 
151 153 154 
152 154 155 
153 155 156 
154 156 157 
155 157 158 
156 158 159 
157 159 160 
158 160 161 
159 161 162 
160 162 163 
161 163 164 
162 164 165 
163 165 166 
164 166 167 
165 167 168 
166 168 169 
167 169 170 
168 170 171 
169 171 3 
1 3 1 28
170 3 172 
171 172 173 
172 173 174 
173 174 175 
174 175 176 
175 176 177 
176 177 178 
177 178 179 
178 179 180 
179 180 181 
180 181 182 
181 182 183 
182 183 184 
183 184 185 
184 185 186 
185 186 187 
186 187 188 
187 188 189 
188 189 190 
189 190 191 
190 191 192 
191 192 193 
192 193 194 
193 194 195 
194 195 196 
195 196 197 
196 197 198 
197 198 4 
1 4 1 151
198 4 199 
199 199 200 
200 200 201 
201 201 202 
202 202 203 
203 203 204 
204 204 205 
205 205 206 
206 206 207 
207 207 208 
208 208 209 
209 209 210 
210 210 211 
211 211 212 
212 212 213 
213 213 214 
214 214 215 
215 215 216 
216 216 217 
217 217 218 
218 218 219 
219 219 220 
220 220 221 
221 221 222 
222 222 223 
223 223 224 
224 224 225 
225 225 226 
226 226 227 
227 227 228 
228 228 229 
229 229 230 
230 230 231 
231 231 232 
232 232 233 
233 233 234 
234 234 235 
235 235 236 
236 236 237 
237 237 238 
238 238 239 
239 239 240 
240 240 241 
241 241 242 
242 242 243 
243 243 244 
244 244 245 
245 245 246 
246 246 247 
247 247 248 
248 248 249 
249 249 250 
250 250 251 
251 251 252 
252 252 253 
253 253 254 
254 254 255 
255 255 256 
256 256 257 
257 257 258 
258 258 259 
259 259 260 
260 260 261 
261 261 262 
262 262 263 
263 263 264 
264 264 265 
265 265 266 
266 266 267 
267 267 268 
268 268 269 
269 269 270 
270 270 271 
271 271 272 
272 272 273 
273 273 274 
274 274 275 
275 275 276 
276 276 277 
277 277 278 
278 278 279 
279 279 280 
280 280 281 
281 281 282 
282 282 283 
283 283 284 
284 284 285 
285 285 286 
286 286 287 
287 287 288 
288 288 289 
289 289 290 
290 290 291 
291 291 292 
292 292 293 
293 293 294 
294 294 295 
295 295 296 
296 296 297 
297 297 298 
298 298 299 
299 299 300 
300 300 301 
301 301 302 
302 302 303 
303 303 304 
304 304 305 
305 305 306 
306 306 307 
307 307 308 
308 308 309 
309 309 310 
310 310 311 
311 311 312 
312 312 313 
313 313 314 
314 314 315 
315 315 316 
316 316 317 
317 317 318 
318 318 319 
319 319 320 
320 320 321 
321 321 322 
322 322 323 
323 323 324 
324 324 325 
325 325 326 
326 326 327 
327 327 328 
328 328 329 
329 329 330 
330 330 331 
331 331 332 
332 332 333 
333 333 334 
334 334 335 
335 335 336 
336 336 337 
337 337 338 
338 338 339 
339 339 340 
340 340 341 
341 341 342 
342 342 343 
343 343 344 
344 344 345 
345 345 346 
346 346 347 
347 347 348 
348 348 1 
2 1 2 9162
349 136 137 2845 
350 209 210 2917 
351 349 2837 2911 
352 2794 374 4438 
353 3476 2855 3782 
354 2718 4444 4501 
355 388 2786 2873 
356 2897 2700 4435 
357 1476 2814 4512 
358 2789 427 4519 
359 422 9 4460 
360 2897 4435 4586 
361 2867 2027 3783 
362 2781 380 2845 
363 380 2781 2867 
364 3040 1497 3851 
365 427 2789 4619 
366 2817 416 3901 
367 3851 1497 3852 
368 866 2749 4415 
369 2801 425 2802 
370 867 2810 3035 
371 4486 388 4510 
372 3045 4486 4510 
373 349 2911 4614 
374 2786 388 4486 
375 4497 3203 4505 
376 2031 2462 2918 
377 2913 2759 4450 
378 374 2794 4651 
379 2895 4484 4607 
380 3155 431 4425 
381 2880 359 3879 
382 2749 866 4622 
383 4576 4005 4590 
384 3364 1567 4452 
385 1488 2766 4432 
386 361 4576 4590 
387 3193 362 4483 
388 3258 2782 4455 
389 2766 1488 4516 
390 3136 371 4448 
391 4444 409 4501 
392 4502 1865 4556 
393 2814 1476 4594 
394 2876 4502 4556 
395 380 136 2845 
396 3879 359 4581 
397 1892 2913 4450 
398 2855 2764 3782 
399 2811 364 2812 
400 2304 2859 2860 
401 3317 2482 3318 
402 425 2801 2857 
403 3485 352 4540 
404 4226 4469 4596 
405 2899 2703 4574 
406 34 35 2898 
407 2815 1491 4439 
408 2151 2819 2842 
409 4488 2875 4589 
410 1868 198 2914 
411 4469 401 4596 
412 391 3156 4543 
413 3363 3364 4452 
414 2914 429 4521 
415 209 2917 4739 
416 1478 3258 4455 
417 4521 429 4542 
418 364 2811 2814 
419 390 2772 4472 
420 2875 2874 4589 
421 2701 3852 4505 
422 417 234 3671 
423 234 235 3671 
424 2768 2899 4574 
425 2540 4515 4569 
426 2304 2858 2859 
427 3318 2482 4549 
428 2793 4564 4582 
429 4048 2793 4582 
430 4516 4453 4572 
431 325 326 4616 
432 2807 1499 3790 
433 2841 428 3712 
434 3484 3485 4540 
435 2827 3032 3033 
436 1486 3227 4538 
437 2781 2027 2867 
438 2744 2867 3783 
439 2400 2031 2918 
440 1882 4202 4513 
441 3121 4548 4598 
442 3227 1486 4565 
443 4548 372 4598 
444 2827 2770 3032 
445 1478 2890 3258 
446 353 4497 4505 
447 1488 4453 4516 
448 248 249 2896 
449 3943 1491 4537 
450 2772 390 4561 
451 1671 2840 2881 
452 2819 2151 3156 
453 2849 1728 3005 
454 3753 3751 3754 
455 416 2895 3901 
456 4414 2672 4416 
457 1491 3943 4673 
458 210 1492 2917 
459 9 10 4460 
460 2818 1481 4418 
461 2824 350 3062 
462 1491 2815 4537 
463 350 2824 3063 
464 2465 2895 4607 
465 1883 170 2853 
466 3330 413 4421 
467 2868 2593 4514 
468 2810 867 3037 
469 2823 421 3751 
470 3053 2484 4492 
471 2867 2744 2916 
472 336 4570 4620 
473 422 4460 4641 
474 2845 137 4455 
475 303 304 4176 
476 1480 2821 4420 
477 29 2912 4545 
478 2913 1892 3192 
479 1486 3045 4510 
480 2701 3851 3852 
481 429 2793 4542 
482 383 2825 4487 
483 4162 1485 4532 
484 4504 3930 4573 
485 867 3035 3036 
486 1485 4162 4648 
487 1499 2807 4558 
488 260 4530 4653 
489 421 2823 3750 
490 371 3136 4681 
491 2793 429 4564 
492 4544 121 4633 
493 3045 1486 4538 
494 866 125 2873 
495 279 403 2899 
496 270 271 3191 
497 3194 3193 4483 
498 2744 2820 2916 
499 4515 420 4569 
500 3127 368 3190 
501 385 3363 4452 
502 3546 397 4470 
503 3156 2518 4543 
504 3823 4433 4495 
505 430 275 2838 
506 3192 1892 4503 
507 358 4504 4573 
508 3713 2517 4642 
509 398 3252 4609 
510 431 3155 4600 
511 2855 3476 4689 
512 2825 383 4593 
513 2699 2933 4632 
514 4547 3713 4642 
515 416 2817 4636 
516 3930 2920 4720 
517 167 431 3754 
518 3712 428 3713 
519 2462 2917 2918 
520 3752 3751 3753 
521 4570 2792 4620 
522 373 34 2898 
523 2864 407 4471 
524 3033 2347 3586 
525 2893 406 4422 
526 4184 424 4506 
527 1728 2849 3006 
528 1669 2047 3752 
529 1868 2856 4467 
530 370 2827 3033 
531 378 2839 2871 
532 3950 2863 4480 
533 3036 365 4655 
534 2920 3930 4504 
535 2750 386 2858 
536 866 2873 4702 
537 365 3036 4599 
538 3852 353 4505 
539 198 4 2914 
540 368 3127 3191 
541 2782 2845 4455 
542 2400 2918 4597 
543 2898 35 4520 
544 3270 1532 4544 
545 2108 2106 2906 
546 2053 1880 2907 
547 3155 4425 4563 
548 4530 2780 4653 
549 326 2482 4616 
550 134 135 2916 
551 2797 2848 4526 
552 3272 4544 4633 
553 2863 3950 4479 
554 2593 2868 4618 
555 3363 385 4462 
556 109 2852 4603 
557 2861 2859 2896 
558 2821 1480 4687 
559 2910 1476 4512 
560 381 3273 4633 
561 171 172 2853 
562 249 1519 2896 
563 343 4595 4602 
564 166 167 3754 
565 33 373 2846 
566 2890 1478 3259 
567 1868 2914 4521 
568 2852 109 4657 
569 2839 378 2870 
570 2907 1882 4513 
571 1490 3178 4440 
572 2352 3382 4512 
573 391 2819 3156 
574 213 214 2870 
575 1487 3184 3185 
576 3121 3192 4503 
577 4519 102 4609 
578 394 4128 4588 
579 304 1498 4176 
580 173 2709 2853 
581 2484 3053 4535 
582 4513 2400 4597 
583 4128 394 4621 
584 3032 2347 3033 
585 170 171 2853 
586 2841 2751 4449 
587 3943 3203 4497 
588 2840 1671 2911 
589 2797 2846 2848 
590 2912 2717 4545 
591 3121 4503 4548 
592 4462 385 4523 
593 384 2855 4441 
594 417 3337 4461 
595 390 3837 4561 
596 2397 2353 2915 
597 171 3 172 
598 3190 368 4457 
599 1532 3270 4709 
600 29 30 2912 
601 172 173 2853 
602 3191 3124 4735 
603 247 386 2750 
604 2842 354 4161 
605 369 2865 2869 
606 386 248 2896 
607 2917 2854 4739 
608 139 140 3259 
609 4484 2750 4607 
610 278 279 2899 
611 2768 278 2899 
612 78 79 4524 
613 378 213 2870 
614 2864 4471 4566 
615 2802 425 4716 
616 362 3193 4686 
617 2672 4414 4644 
618 2883 2892 4534 
619 2578 3063 3320 
620 4433 3823 4715 
621 3330 4421 4592 
622 1534 270 3191 
623 271 368 3191 
624 3988 4462 4523 
625 3252 2791 4609 
626 2797 32 2846 
627 414 2881 2882 
628 280 281 3853 
629 69 1518 2865 
630 4595 2836 4602 
631 3063 2824 3320 
632 277 278 2768 
633 394 3227 4565 
634 2812 364 4559 
635 2794 4438 4539 
636 1534 3125 4684 
637 3368 2502 4490 
638 1512 54 2868 
639 387 3759 4610 
640 4158 116 4615 
641 32 33 2846 
642 3837 390 4714 
643 3125 1534 4735 
644 2846 373 2847 
645 414 2882 2883 
646 3227 394 4588 
647 2857 2801 3453 
648 2125 2857 3453 
649 275 276 2838 
650 387 4048 4582 
651 3759 387 4631 
652 2893 4422 4740 
653 4453 4571 4572 
654 4441 2855 4442 
655 2933 2699 4592 
656 3136 4448 4517 
657 2047 2823 3752 
658 2019 1669 3752 
659 4048 387 4610 
660 1512 2868 4514 
661 116 4158 4666 
662 3960 4518 4552 
663 2110 2866 2906 
664 3127 3124 3191 
665 1497 3040 3853 
666 4571 4477 4572 
667 211 212 2921 
668 2826 1483 4464 
669 2888 376 2889 
670 2106 2110 2906 
671 2702 2108 2906 
672 2839 2053 2907 
673 1880 1882 2907 
674 4006 300 4590 
675 2791 2789 4519 
676 2925 2493 4618 
677 2842 2819 4625 
678 3337 417 4634 
679 4433 395 4495 
680 135 380 2916 
681 4202 2400 4513 
682 2818 4418 4546 
683 31 32 2797 
684 430 2838 4550 
685 2865 1518 2866 
686 3546 4470 4525 
687 1534 3191 4735 
688 2883 4534 4706 
689 3184 1487 4541 
690 2933 369 4632 
691 2915 2352 4512 
692 391 88 2819 
693 2791 4519 4609 
694 2536 3190 4457 
695 4444 2718 4660 
696 843 86 2877 
697 3415 3416 4489 
698 2861 2896 4659 
699 2856 1868 4521 
700 1481 2818 4667 
701 3754 431 4600 
702 2468 2926 4623 
703 300 4006 4698 
704 428 2841 4630 
705 2807 3062 4558 
706 3273 3272 4633 
707 2811 2397 2915 
708 2353 2352 2915 
709 1477 2820 4645 
710 2860 2859 2861 
711 3318 404 4611 
712 1671 2881 4604 
713 376 2888 3259 
714 2768 4574 4617 
715 2820 1477 4679 
716 303 4176 4700 
717 3252 398 4613 
718 3273 381 4608 
719 2493 2925 4664 
720 1478 139 3259 
721 140 376 3259 
722 3541 1504 3542 
723 2889 376 2923 
724 419 3368 4490 
725 2841 4449 4630 
726 1504 3541 3543 
727 424 4184 4741 
728 1487 3185 3186 
729 843 2877 2878 
730 2849 3005 4693 
731 415 3416 3417 
732 2850 357 4603 
733 354 2842 4625 
734 3178 1490 4522 
735 1496 2825 4593 
736 281 1497 3853 
737 403 280 3853 
738 1502 2872 3153 
739 397 3546 4696 
740 1883 2853 4691 
741 4474 4427 4612 
742 68 69 2865 
743 3671 235 4529 
744 3368 419 4478 
745 1567 3364 4738 
746 2870 214 4490 
747 2923 432 2992 
748 54 55 2868 
749 399 4191 4485 
750 2814 2811 2915 
751 1810 1727 3006 
752 1727 1728 3006 
753 2827 370 4670 
754 351 2768 4617 
755 2837 349 4580 
756 2929 3586 4734 
757 212 378 2921 
758 1492 211 2921 
759 417 3671 4634 
760 2722 4184 4506 
761 2823 3751 3752 
762 134 2916 4679 
763 2479 78 4524 
764 357 2850 4705 
765 1854 2891 3462 
766 3586 2346 4734 
767 3072 2892 4458 
768 351 4617 4662 
769 4558 3062 4683 
770 2825 1496 4715 
771 2877 391 4543 
772 2866 2110 4725 
773 2905 2935 3009 
774 2920 2879 4720 
775 2858 386 2859 
776 2540 3837 4515 
777 2871 2839 2907 
778 389 2797 4526 
779 86 87 2877 
780 2181 2030 3544 
781 1493 3759 4631 
782 2502 2870 4490 
783 3753 3754 4600 
784 2926 2927 4623 
785 3186 404 4717 
786 369 2869 4632 
787 404 3318 4549 
788 3382 2910 4512 
789 4554 2757 4578 
790 2892 2891 4458 
791 419 2919 4478 
792 380 2867 2916 
793 4518 426 4552 
794 126 388 2873 
795 3759 1493 4652 
796 2888 2890 3259 
797 2884 356 4468 
798 2779 4423 4578 
799 2748 2810 3037 
800 2903 405 2905 
801 2935 2509 4499 
802 423 2876 4556 
803 4440 3178 4731 
804 378 2871 2921 
805 2835 4495 4498 
806 159 160 2934 
807 1477 4128 4621 
808 2886 4527 4551 
809 2891 2882 3462 
810 2838 351 4662 
811 142 432 2923 
812 1479 2901 2902 
813 2935 2809 3009 
814 2889 2923 2992 
815 413 3330 4624 
816 1479 2902 4426 
817 157 158 4412 
818 2902 4026 4426 
819 2817 2798 4491 
820 4128 1477 4645 
821 2846 2847 2848 
822 4416 2672 4580 
823 2883 2882 2891 
824 4026 400 4426 
825 4501 409 4535 
826 361 4175 4576 
827 400 4026 4027 
828 4161 354 4162 
829 400 4027 4424 
830 2918 1492 4597 
831 1492 2921 4597 
832 1482 3879 4581 
833 4027 2908 4424 
834 4476 4496 4742 
835 4434 2536 4457 
836 2891 1854 4458 
837 2865 2866 2869 
838 3163 864 4699 
839 3541 2181 3544 
840 2030 2663 3544 
841 2908 1484 4424 
842 1484 2908 2909 
843 4489 3416 4697 
844 2899 403 4637 
845 2905 405 2934 
846 4441 4442 4451 
847 2885 365 2887 
848 1868 4467 4711 
849 2905 2934 2935 
850 1484 2909 4417 
851 405 2903 4412 
852 2909 3066 4417 
853 864 3163 4605 
854 2860 2861 2862 
855 2901 1479 4412 
856 3066 393 4417 
857 1496 4433 4715 
858 2840 2911 3724 
859 2911 2837 3724 
860 405 159 2934 
861 393 3066 3067 
862 843 2878 2879 
863 2895 416 4484 
864 421 3750 4567 
865 4157 375 4721 
866 4476 411 4496 
867 393 3067 4419 
868 389 4526 4718 
869 1479 157 4412 
870 158 405 4412 
871 3067 4024 4419 
872 404 3186 4611 
873 4176 1498 4494 
874 4024 1645 4419 
875 375 4157 4615 
876 3543 3541 3544 
877 4532 2800 4533 
878 4023 1645 4024 
879 3062 350 4683 
880 2019 3752 3753 
881 2917 1492 2918 
882 1810 3006 4482 
883 3125 3452 4638 
884 291 365 2885 
885 2859 386 2896 
886 160 2509 2934 
887 1494 3194 4483 
888 4023 2539 4456 
889 1645 4023 4456 
890 2304 2860 4555 
891 4436 3988 4523 
892 216 217 2919 
893 84 85 2920 
894 2863 2861 4659 
895 2919 3163 4478 
896 1483 2826 4756 
897 4526 2848 4693 
898 58 59 2928 
899 2879 3607 4720 
900 79 425 4524 
901 146 147 2931 
902 2929 2928 4454 
903 2848 2847 2849 
904 2883 2891 2892 
905 401 3543 4596 
906 2926 865 2927 
907 2924 865 2926 
908 85 843 2920 
909 2862 2861 2863 
910 246 2750 4484 
911 865 58 2928 
912 350 3063 4531 
913 382 146 2931 
914 4495 395 4498 
915 382 2922 2932 
916 843 2879 2920 
917 2539 2931 4456 
918 141 142 2923 
919 160 161 2509 
920 162 163 1500 
921 2903 2901 4412 
922 57 865 2924 
923 2600 2932 3212 
924 360 3164 4577 
925 2713 2898 4520 
926 2922 382 2931 
927 2930 4430 4431 
928 376 141 2923 
929 4423 408 4578 
930 2928 59 4454 
931 2932 2922 3212 
932 4005 4006 4590 
933 4 199 2914 
934 4480 2863 4659 
935 2931 147 4456 
936 56 57 2924 
937 124 125 866 
938 126 127 388 
939 2536 4434 4508 
940 2927 865 2928 
941 218 219 864 
942 294 295 3037 
943 2876 2758 4736 
944 3164 360 4745 
945 2932 2600 4431 
946 4442 2855 4689 
947 2930 144 4430 
948 4430 2932 4431 
949 143 144 2930 
950 2843 392 4743 
951 88 89 2819 
952 433 412 4429 
953 2927 2928 2929 
954 867 294 3037 
955 2934 2509 2935 
956 4175 361 4700 
957 1483 2827 4670 
958 2992 856 3421 
959 43 44 1671 
960 41 42 414 
961 2889 2992 3421 
962 434 856 2992 
963 729 2978 2981 
964 511 509 4285 
965 516 514 3492 
966 722 2971 2974 
967 2936 829 3263 
968 1537 1539 4232 
969 2392 2941 3914 
970 2941 1539 3914 
971 509 2987 4285 
972 1646 2967 2969 
973 1539 2941 4232 
974 1343 1344 2953 
975 509 507 2987 
976 505 503 3569 
977 4377 3394 4382 
978 3159 2215 4019 
979 716 2962 2964 
980 1338 1339 4360 
981 1279 1280 3023 
982 2942 1279 3023 
983 722 2974 2987 
984 1283 1285 4385 
985 2214 2200 3536 
986 3535 2214 3536 
987 501 499 3534 
988 2349 2160 4369 
989 2945 1275 3026 
990 1353 1305 3991 
991 1588 2958 2960 
992 1759 1758 3655 
993 493 491 4290 
994 1759 3655 4015 
995 829 3008 3263 
996 1360 1295 4330 
997 1908 1978 4323 
998 729 2981 3492 
999 2937 2543 3633 
1000 2563 4365 4383 
1001 1762 1752 3098 
1002 2947 1271 3055 
1003 1458 4352 4358 
1004 2543 2937 3621 
1005 2950 1353 3991 
1006 1275 1276 3026 
1007 2948 1762 3098 
1008 2938 1352 2994 
1009 2994 4270 4371 
1010 3499 2545 3562 
1011 3074 2169 4308 
1012 1271 1272 3055 
1013 1338 3499 3562 
1014 2545 3306 3562 
1015 497 495 3487 
1016 4352 3200 4358 
1017 4365 2437 4383 
1018 1352 2938 2952 
1019 491 489 3232 
1020 2984 3610 3672 
1021 507 722 2987 
1022 1433 3474 3642 
1023 3474 2940 3642 
1024 3307 2214 3535 
1025 1647 2984 3672 
1026 3610 1372 3672 
1027 1647 2939 2984 
1028 2079 4396 4405 
1029 2943 602 3458 
1030 3474 1433 3475 
1031 2940 1361 3642 
1032 2944 606 3457 
1033 491 3232 4290 
1034 2971 722 3569 
1035 606 2944 3458 
1036 2549 2946 3074 
1037 2956 1440 3135 
1038 2200 2202 3536 
1039 514 729 3492 
1040 1754 1756 4364 
1041 2623 4016 4127 
1042 3850 1707 4213 
1043 1170 516 3492 
1044 1978 3152 4323 
1045 3135 1440 3643 
1046 2937 3633 3695 
1047 1646 2969 3569 
1048 1267 1268 3056 
1049 1271 2947 3056 
1050 1761 3654 3655 
1051 2967 1646 3534 
1052 1344 1352 2953 
1053 1758 1761 3655 
1054 2978 729 4285 
1055 4070 2553 4171 
1056 729 511 4285 
1057 2549 3074 4308 
1058 1280 1283 3023 
1059 3499 1338 4360 
1060 2682 3126 3127 
1061 3968 1759 4015 
1062 2473 4070 4171 
1063 1236 1238 4316 
1064 3567 2548 4334 
1065 1252 1255 2991 
1066 3085 3159 4019 
1067 2682 3127 3190 
1068 590 2951 3079 
1069 2962 716 3487 
1070 2939 1647 3388 
1071 3306 2545 3741 
1072 573 575 3798 
1073 4396 2981 4405 
1074 489 700 3232 
1075 2087 2084 3233 
1076 1343 2953 4370 
1077 3480 4361 4398 
1078 716 2964 3534 
1079 2993 1360 4330 
1080 2392 3914 4244 
1081 1279 2942 3026 
1082 3847 3056 4230 
1083 2759 2473 4193 
1084 1440 2956 3704 
1085 1372 3610 3695 
1086 1707 2988 4213 
1087 3914 2553 4244 
1088 1474 4373 4400 
1089 3475 1433 3571 
1090 2473 4171 4193 
1091 4288 2382 4386 
1092 2214 3307 3741 
1093 700 3231 3232 
1094 1243 2982 2998 
1095 2349 3656 3841 
1096 503 1646 3569 
1097 1240 1243 2998 
1098 722 505 3569 
1099 1584 1537 4232 
1100 2553 4070 4244 
1101 1361 2940 4063 
1102 1275 2945 3055 
1103 2982 1243 2999 
1104 1588 2960 3487 
1105 3199 1458 4346 
1106 3654 1761 3841 
1107 1458 3199 4352 
1108 1238 1240 2998 
1109 2438 4037 4359 
1110 596 598 3460 
1111 602 2943 3460 
1112 2743 3229 4128 
1113 3656 2349 4369 
1114 1342 3085 3158 
1115 2297 3847 4230 
1116 3085 3083 3158 
1117 1646 501 3534 
1118 1268 1271 3056 
1119 3978 2239 4199 
1120 1406 3080 3253 
1121 2342 4348 4390 
1122 1752 1754 3098 
1123 2955 1251 2991 
1124 499 716 3534 
1125 2946 2549 3567 
1126 1444 2983 3798 
1127 3084 1307 3325 
1128 3158 3083 3325 
1129 3997 1584 4232 
1130 1276 1279 3026 
1131 1762 3043 3147 
1132 435 829 2936 
1133 1251 1252 2991 
1134 3083 3084 3325 
1135 453 457 3634 
1136 471 454 4335 
1137 1792 2591 2995 
1138 1762 2948 3043 
1139 1353 4194 4255 
1140 3231 700 3233 
1141 1763 3046 3225 
1142 1272 1275 3055 
1143 3023 1283 4385 
1144 2459 4361 4368 
1145 3656 3654 3841 
1146 1307 3084 3991 
1147 1305 1307 3991 
1148 3000 2088 3694 
1149 1238 2998 4316 
1150 2555 3135 3643 
1151 3633 1372 3695 
1152 2563 3200 4365 
1153 3567 1910 3674 
1154 3228 1764 3599 
1155 3200 2563 4358 
1156 3043 3046 3147 
1157 2175 2459 4368 
1158 2555 2957 3135 
1159 2365 3694 4012 
1160 4194 2561 4255 
1161 569 571 3691 
1162 2656 2089 3695 
1163 716 497 3487 
1164 3307 3306 3741 
1165 495 1588 3487 
1166 3004 1911 4039 
1167 3029 2155 3313 
1168 443 445 4090 
1169 1227 1228 3020 
1170 2951 590 3798 
1171 3229 2743 4127 
1172 2196 2198 3741 
1173 1291 1293 3571 
1174 1703 1700 3857 
1175 4016 1764 4127 
1176 3225 3228 3599 
1177 4255 2561 4297 
1178 2547 2943 3458 
1179 3046 1763 3147 
1180 3090 1382 4317 
1181 1651 2091 3831 
1182 602 603 3458 
1183 2944 2547 3458 
1184 603 606 3458 
1185 2988 1707 3857 
1186 1771 1769 3188 
1187 2993 2438 4359 
1188 1353 2950 4194 
1189 1764 3228 4127 
1190 1227 3020 3021 
1191 1763 3225 3599 
1192 1782 2996 2997 
1193 2561 2985 4297 
1194 3159 4377 4382 
1195 646 2284 3007 
1196 2297 4230 4271 
1197 2957 2555 3978 
1198 1584 3997 4333 
1199 4356 3775 4370 
1200 2088 3000 4021 
1201 1769 2038 3188 
1202 3003 2386 4066 
1203 1978 2297 4271 
1204 2674 3466 4309 
1205 561 563 3557 
1206 590 3079 3691 
1207 1588 493 4290 
1208 1352 1346 2994 
1209 1346 1349 2994 
1210 3508 2090 4289 
1211 1247 1248 4217 
1212 2743 2623 4127 
1213 2800 3850 4213 
1214 2996 1782 3471 
1215 2367 3034 4118 
1216 3152 1978 4271 
1217 565 567 3529 
1218 2956 2087 3233 
1219 2155 3030 3086 
1220 1251 2955 4217 
1221 2155 3029 3030 
1222 582 3222 3223 
1223 2958 1588 4290 
1224 2556 4267 4299 
1225 3001 443 4090 
1226 1406 3253 3529 
1227 2084 3231 3233 
1228 3183 1771 3188 
1229 2166 2165 4063 
1230 2568 3463 4197 
1231 3016 2996 3471 
1232 1375 1552 3388 
1233 4270 1811 4371 
1234 575 1444 3798 
1235 3007 2284 3011 
1236 3098 1754 4364 
1237 590 573 3798 
1238 1222 1224 3788 
1239 1295 1297 4330 
1240 4312 970 4344 
1241 2092 1908 4323 
1242 4178 3143 4321 
1243 1244 1247 2999 
1244 2938 2994 4371 
1245 464 3016 3471 
1246 1041 1767 3187 
1247 3080 1406 3691 
1248 440 443 3001 
1249 2989 1701 3029 
1250 1267 3056 3847 
1251 1352 2952 2953 
1252 1231 2990 3020 
1253 1151 596 3460 
1254 698 704 4059 
1255 1243 1244 2999 
1256 577 3089 3091 
1257 598 602 3460 
1258 1382 3090 3468 
1259 2974 2976 2987 
1260 2995 2591 3831 
1261 1299 3015 3241 
1262 4206 3600 4218 
1263 1360 2993 4359 
1264 2548 2944 4334 
1265 2983 1444 4288 
1266 2995 2239 3978 
1267 1690 3014 3240 
1268 3623 4343 4376 
1269 2552 2991 4277 
1270 1811 4366 4371 
1271 2552 4277 4308 
1272 1228 1231 3020 
1273 2989 3029 3313 
1274 3610 2656 3695 
1275 1701 2989 3857 
1276 2957 3978 4199 
1277 2990 1231 3508 
1278 3182 1771 3183 
1279 4183 1975 4195 
1280 457 1782 3634 
1281 3841 3254 4133 
1282 3010 1347 3104 
1283 1792 2995 3978 
1284 2175 2954 4373 
1285 454 453 3634 
1286 2986 438 3001 
1287 4037 3475 4359 
1288 1339 1343 4360 
1289 3086 3030 3087 
1290 3240 3390 3579 
1291 1911 3004 4066 
1292 2549 1910 3567 
1293 2548 3567 3674 
1294 2975 4311 4313 
1295 1286 1284 3106 
1296 704 3054 4059 
1297 3034 1919 4118 
1298 903 4326 4339 
1299 3182 3180 4263 
1300 1811 2543 4366 
1301 1406 569 3691 
1302 487 485 3704 
1303 1347 1282 3104 
1304 2956 3233 3704 
1305 1347 3010 3105 
1306 2089 2937 3695 
1307 3222 582 3529 
1308 3015 2560 3241 
1309 3012 2367 4118 
1310 2954 2175 4368 
1311 3005 1728 3038 
1312 1433 1291 3571 
1313 3240 3014 3390 
1314 2985 1297 4297 
1315 3094 2567 3967 
1316 2169 2552 4308 
1317 2365 2982 3694 
1318 3007 2565 4052 
1319 704 712 3054 
1320 3437 2568 4197 
1321 3215 4036 4066 
1322 2367 3012 3858 
1323 3636 3714 4274 
1324 438 440 3001 
1325 571 590 3691 
1326 1915 3094 3967 
1327 2103 2104 3664 
1328 2091 2995 3831 
1329 2545 2196 3741 
1330 1700 1701 3857 
1331 2943 2092 4337 
1332 2198 2214 3741 
1333 3031 1983 3142 
1334 2094 2093 3011 
1335 3090 3089 3468 
1336 3967 2567 4031 
1337 1707 1703 3857 
1338 3694 2088 4012 
1339 3004 3003 4066 
1340 3038 1726 3917 
1341 659 662 4235 
1342 1277 3060 3061 
1343 1293 1360 3571 
1344 1912 1651 3831 
1345 2653 4294 4296 
1346 2093 3007 3011 
1347 2560 3087 3241 
1348 1330 3087 3095 
1349 563 582 3557 
1350 870 872 4227 
1351 3762 544 4264 
1352 567 1406 3529 
1353 3009 2809 4183 
1354 1277 3059 3060 
1355 454 3634 4335 
1356 1232 1235 3508 
1357 3342 715 4256 
1358 1282 1281 3104 
1359 2960 2962 3487 
1360 1382 561 3557 
1361 2160 2939 4369 
1362 1767 1771 3187 
1363 2277 3213 4253 
1364 3395 4375 4382 
1365 646 3007 4052 
1366 1227 3021 3788 
1367 2565 3466 4052 
1368 445 800 4090 
1369 1080 1082 3050 
1370 1355 1236 4316 
1371 3000 1247 4217 
1372 1297 2985 4330 
1373 1277 1274 3059 
1374 3332 3915 3994 
1375 1725 1726 3038 
1376 1647 1375 3388 
1377 3395 3536 4375 
1378 582 565 3529 
1379 1552 1844 3388 
1380 1782 2997 3634 
1381 1274 1273 3059 
1382 875 878 3808 
1383 3714 3106 4274 
1384 3003 1355 4319 
1385 1041 3187 3595 
1386 436 438 2986 
1387 3019 782 3377 
1388 3015 1299 3923 
1389 3143 3031 4321 
1390 2999 1247 3000 
1391 2991 1255 4277 
1392 2946 3567 4334 
1393 3019 3031 3142 
1394 3849 3015 3923 
1395 1285 1361 4385 
1396 3455 2291 3608 
1397 1224 1227 3788 
1398 782 3019 3142 
1399 2165 2550 4063 
1400 2940 2166 4063 
1401 2573 3216 3690 
1402 1451 1222 3788 
1403 1382 3557 4317 
1404 4318 2372 4320 
1405 3089 577 3468 
1406 1281 1278 3061 
1407 2909 3065 3066 
1408 1728 1725 3038 
1409 2955 4021 4217 
1410 712 784 3054 
1411 2159 2157 3076 
1412 2969 2971 3569 
1413 1622 3138 4080 
1414 2983 2951 3798 
1415 4092 2277 4253 
1416 4021 3000 4217 
1417 2746 2747 3931 
1418 1284 1347 3106 
1419 2760 3485 3763 
1420 1761 3254 3841 
1421 3739 3249 3842 
1422 1273 3022 3059 
1423 1281 3061 4144 
1424 3628 2270 3870 
1425 1983 3031 3143 
1426 2349 3841 4133 
1427 1355 4316 4319 
1428 3128 1546 3533 
1429 1278 1277 3061 
1430 2347 3032 3057 
1431 3411 4147 4181 
1432 2567 2568 4031 
1433 2386 3215 4066 
1434 3022 1273 3081 
1435 2964 2967 3534 
1436 3004 4039 4289 
1437 3025 4206 4218 
1438 2625 2238 4110 
1439 3089 3088 3091 
1440 2894 3109 3921 
1441 2944 3457 4334 
1442 2270 3664 3870 
1443 1726 3728 3917 
1444 2909 2074 3065 
1445 1596 1080 3050 
1446 1733 3024 3235 
1447 1248 1251 4217 
1448 4267 2609 4299 
1449 3915 1332 3994 
1450 3286 2587 3848 
1451 3624 4053 4151 
1452 2936 3264 3570 
1453 3079 3080 3691 
1454 1673 3707 4098 
1455 3014 1690 3664 
1456 2168 1953 4021 
1457 2983 4288 4386 
1458 3151 3152 3506 
1459 1402 3849 3923 
1460 3390 662 3579 
1461 485 1440 3704 
1462 3216 2570 3690 
1463 3025 3131 3235 
1464 2989 2988 3857 
1465 3357 3355 3746 
1466 3027 784 3216 
1467 1596 3017 3139 
1468 3903 2556 4299 
1469 2568 3437 4031 
1470 3533 1043 3703 
1471 2094 3011 3012 
1472 2560 3086 3087 
1473 3032 2597 3057 
1474 3017 1596 3050 
1475 3527 1622 4080 
1476 1776 1604 3161 
1477 582 3223 3557 
1478 3332 1402 3915 
1479 3485 3483 3763 
1480 1919 3034 4166 
1481 1332 3636 3994 
1482 3021 4237 4279 
1483 3187 3182 4263 
1484 4147 2333 4181 
1485 3056 2947 4230 
1486 3470 3560 4125 
1487 784 3027 3054 
1488 3104 1281 4144 
1489 715 698 4059 
1490 3012 3011 3858 
1491 3463 3018 4197 
1492 3128 3533 3703 
1493 3466 2565 4309 
1494 3292 1923 3356 
1495 3394 3395 4382 
1496 1074 3140 3725 
1497 3087 3030 3095 
1498 2710 2513 4215 
1499 2104 3014 3664 
1500 700 487 3704 
1501 3253 3222 3529 
1502 3667 2080 3958 
1503 2573 3027 3216 
1504 2999 3000 3694 
1505 2205 2232 3088 
1506 2090 3004 4289 
1507 1286 3106 3714 
1508 1402 3332 3849 
1509 4204 3090 4317 
1510 3451 2358 4112 
1511 2982 2999 3694 
1512 2373 1874 3071 
1513 3009 4183 4195 
1514 2119 3093 3793 
1515 896 898 3208 
1516 3024 1733 3435 
1517 3636 1332 3714 
1518 3132 1456 3762 
1519 1814 3099 3628 
1520 2358 3744 4112 
1521 1046 3049 3208 
1522 3093 3060 3793 
1523 1689 3151 3506 
1524 2587 3244 3848 
1525 3087 1330 3241 
1526 2170 3424 3425 
1527 2685 2446 4282 
1528 3812 1790 3973 
1529 2270 2103 3664 
1530 2584 2583 3244 
1531 3121 3113 3192 
1532 2300 3243 3278 
1533 1235 2090 3508 
1534 2593 2592 3144 
1535 3099 2270 3628 
1536 2343 3510 3800 
1537 3320 2045 3583 
1538 1231 1232 3508 
1539 4254 1870 4276 
1540 1649 2358 4167 
1541 3140 3141 3725 
1542 662 3390 4235 
1543 821 3175 3309 
1544 4228 2678 4257 
1545 2587 2584 3244 
1546 2260 3133 3339 
1547 2277 1730 4105 
1548 3064 3728 4045 
1549 672 3413 3702 
1550 3140 1074 3256 
1551 2824 2045 3320 
1552 3344 2624 3612 
1553 3600 1456 4218 
1554 2215 3159 4382 
1555 3109 3108 3921 
1556 2360 4036 4141 
1557 3376 3375 3749 
1558 2266 3341 3995 
1559 577 3091 3277 
1560 2604 3377 3716 
1561 3307 3535 3860 
1562 3706 3874 4079 
1563 4296 2671 4315 
1564 3539 3541 3542 
1565 3210 1949 3315 
1566 3049 1046 3207 
1567 2496 3399 3447 
1568 1716 3108 3430 
1569 3507 4407 4408 
1570 3024 3025 3235 
1571 2813 3455 3608 
1572 2617 3520 3528 
1573 1522 3078 3290 
1574 3018 3050 4115 
1575 3016 464 4177 
1576 1923 3261 3356 
1577 3113 3112 3192 
1578 1597 3041 3069 
1579 902 904 3886 
1580 3792 2635 3902 
1581 2583 3048 3244 
1582 2990 3508 4289 
1583 1777 3932 4160 
1584 2143 2155 3086 
1585 1246 1245 4116 
1586 3300 2263 3488 
1587 3413 3412 3702 
1588 872 875 3808 
1589 3073 1047 3531 
1590 2094 3013 4103 
1591 715 4059 4256 
1592 1269 3075 3081 
1593 3377 782 3716 
1594 3088 2232 3091 
1595 3299 3300 3488 
1596 3786 2601 4109 
1597 3097 2263 3300 
1598 2738 3267 3511 
1599 1233 1230 4064 
1600 3871 604 3969 
1601 3319 2182 3686 
1602 1604 2575 3161 
1603 1920 3097 3876 
1604 3132 3762 4264 
1605 2373 3071 3072 
1606 797 832 3426 
1607 3871 2383 4102 
1608 2579 3207 3209 
1609 3247 3802 3970 
1610 898 1046 3208 
1611 2936 3263 3264 
1612 2738 3669 3971 
1613 3707 3236 4098 
1614 2164 3141 3449 
1615 2052 2585 3102 
1616 2773 4254 4276 
1617 2357 3450 3998 
1618 985 1470 3843 
1619 3046 3047 3225 
1620 3467 3839 4095 
1621 4101 2171 4196 
1622 3141 2164 3725 
1623 1904 3539 3540 
1624 2399 2400 4202 
1625 1207 3308 3734 
1626 2101 2638 3139 
1627 1772 3718 3986 
1628 2611 3210 3315 
1629 2945 2544 3055 
1630 3167 3451 4112 
1631 878 1597 3808 
1632 4318 3002 4325 
1633 2170 3423 3424 
1634 3221 2219 3223 
1635 1982 3157 3385 
1636 3260 2604 3717 
1637 3445 3446 3590 
1638 1676 1623 3112 
1639 1771 3182 3187 
1640 3204 2633 3901 
1641 1100 3206 3611 
1642 3844 1396 3858 
1643 1273 1270 3081 
1644 1971 2629 4030 
1645 3051 721 3906 
1646 790 4081 4126 
1647 2778 2115 3878 
1648 3984 2357 3998 
1649 2544 2947 3055 
1650 1522 3715 4042 
1651 2579 2422 3207 
1652 1864 3482 3721 
1653 3689 3262 4041 
1654 2290 2291 3455 
1655 2092 4323 4337 
1656 3435 1733 3578 
1657 2740 3285 3532 
1658 3312 3107 3811 
1659 1652 1733 3235 
1660 1761 1760 3254 
1661 2604 3716 3717 
1662 1939 2317 3217 
1663 1330 3095 3096 
1664 3167 1952 3451 
1665 3075 1269 3442 
1666 2420 2579 3380 
1667 3041 1597 3103 
1668 3151 1689 3705 
1669 3267 2738 3971 
1670 1691 1986 4093 
1671 3728 1726 4045 
1672 2671 2672 4315 
1673 987 988 3275 
1674 3282 4149 4164 
1675 1304 1302 3096 
1676 2753 3266 3489 
1677 2506 3489 3835 
1678 1582 1524 3538 
1679 1601 1919 4166 
1680 3518 1022 4020 
1681 2169 3074 4167 
1682 3065 2074 3160 
1683 3048 2583 3245 
1684 3085 1342 3159 
1685 2433 2703 3170 
1686 2747 3399 3931 
1687 2238 2605 4110 
1688 1650 1913 3549 
1689 3524 1966 3974 
1690 2300 3278 3959 
1691 715 3342 3840 
1692 3302 1922 4237 
1693 2945 3026 3958 
1694 3308 3099 3734 
1695 1858 3269 3677 
1696 599 4089 4142 
1697 2986 3001 3002 
1698 3598 1955 3854 
1699 2338 4310 4322 
1700 1653 1459 3412 
1701 814 471 4335 
1702 1347 3105 3106 
1703 2186 3019 3377 
1704 3399 3398 3447 
1705 1043 3239 3703 
1706 2594 2595 3627 
1707 3584 2829 3663 
1708 3076 2157 3649 
1709 3796 2287 3873 
1710 3258 2890 3727 
1711 3506 3152 4271 
1712 2645 3877 3953 
1713 3437 3438 4031 
1714 593 3319 3686 
1715 2207 2205 3088 
1716 1871 2498 4097 
1717 2538 2033 3784 
1718 3206 2740 3611 
1719 740 782 3142 
1720 1233 3312 3811 
1721 2596 3264 4086 
1722 4053 2648 4151 
1723 1750 1762 3147 
1724 2483 2910 3382 
1725 1729 3064 4045 
1726 1905 1437 3795 
1727 3894 1783 3925 
1728 2300 1776 3243 
1729 2737 2735 3511 
1730 1418 1736 3236 
1731 2810 2746 3931 
1732 3483 1864 3763 
1733 3018 4115 4197 
1734 3035 2810 3931 
1735 1410 3260 3717 
1736 3228 3229 4127 
1737 1551 1858 3677 
1738 3421 856 4320 
1739 880 882 3103 
1740 2577 3320 3583 
1741 3209 902 3886 
1742 3379 1697 3572 
1743 3082 2216 3083 
1744 2785 3005 3038 
1745 3449 3141 3593 
1746 3264 2596 3570 
1747 3249 3248 3842 
1748 3253 3080 3604 
1749 834 836 3423 
1750 3180 3177 3189 
1751 3213 2277 4105 
1752 2594 3627 3628 
1753 2570 3216 3910 
1754 1874 2075 3071 
1755 2262 3261 3684 
1756 1270 1269 3081 
1757 1756 1759 4364 
1758 1074 1075 3256 
1759 3346 3347 3859 
1760 3078 1522 4042 
1761 3414 2461 3417 
1762 3039 2431 3170 
1763 3489 3265 3835 
1764 3079 2226 3080 
1765 3396 3397 3615 
1766 3017 2101 3139 
1767 1984 1798 3287 
1768 3757 2007 3758 
1769 2263 3097 3583 
1770 3105 3010 4060 
1771 2582 3402 3659 
1772 2386 3003 4319 
1773 3076 1975 4183 
1774 1597 880 3103 
1775 3100 1935 3276 
1776 3051 2570 3910 
1777 3612 2624 3765 
1778 2681 4374 4381 
1779 4192 2661 4211 
1780 2040 1770 3324 
1781 918 1048 3358 
1782 3002 4090 4325 
1783 830 1510 3219 
1784 2383 2402 4102 
1785 3594 3822 3823 
1786 1196 3376 3749 
1787 1676 3112 3113 
1788 1689 1393 3705 
1789 3176 2184 3177 
1790 3347 4139 4236 
1791 3214 916 3358 
1792 2466 3204 3901 
1793 2035 3273 3614 
1794 1095 1115 3592 
1795 2831 2829 3584 
1796 3052 2050 3053 
1797 3225 3047 3226 
1798 1933 2180 3276 
1799 2431 2433 3170 
1800 3355 3356 3746 
1801 1323 1698 3346 
1802 2250 2679 3168 
1803 1935 1933 3276 
1804 2383 3871 3969 
1805 530 3344 3612 
1806 3013 4032 4043 
1807 1937 1935 3100 
1808 2599 2600 3212 
1809 2210 2216 3082 
1810 3255 4357 4363 
1811 1340 3980 4192 
1812 2048 2824 3062 
1813 2252 4258 4272 
1814 1760 1812 3254 
1815 3285 1113 3532 
1816 1471 987 3275 
1817 1425 2356 3349 
1818 3498 3864 3919 
1819 3016 4177 4242 
1820 3050 1082 4115 
1821 1376 1263 3938 
1822 4258 3129 4272 
1823 2685 4282 4312 
1824 2758 2005 3250 
1825 1113 3286 3848 
1826 1916 1652 3235 
1827 3678 452 4004 
1828 4100 2566 4144 
1829 2364 3979 4150 
1830 3144 2592 3675 
1831 2955 2168 4021 
1832 2477 2826 3329 
1833 3293 705 3507 
1834 2617 3527 4080 
1835 2278 3218 3338 
1836 1121 1120 3896 
1837 2357 1805 3450 
1838 1712 1714 3729 
1839 3380 2579 3886 
1840 3312 1233 4064 
1841 2582 3145 3402 
1842 3262 3821 4041 
1843 872 3808 4227 
1844 3413 3812 3973 
1845 1572 3476 3782 
1846 914 916 3214 
1847 738 740 3142 
1848 1734 2262 3684 
1849 521 523 3348 
1850 3630 1783 3894 
1851 2570 2322 3690 
1852 3026 2942 3958 
1853 3175 821 3467 
1854 795 797 3426 
1855 2009 2184 3176 
1856 462 460 3310 
1857 1219 3334 3434 
1858 1904 3538 3539 
1859 2629 3296 4030 
1860 3157 2283 3385 
1861 2233 1153 3697 
1862 2740 3532 3611 
1863 900 902 3209 
1864 1113 3285 3286 
1865 919 917 3922 
1866 4081 3371 4126 
1867 1304 3096 3572 
1868 3133 2259 3339 
1869 721 3051 3910 
1870 1377 2105 3442 
1871 4324 1141 4331 
1872 856 2986 4320 
1873 4310 2439 4322 
1874 3073 3531 3907 
1875 3097 3300 3876 
1876 1674 1672 3257 
1877 897 1509 3419 
1878 2309 2477 3329 
1879 1956 4056 4130 
1880 3208 3435 3578 
1881 2227 2226 3079 
1882 2851 2467 3880 
1883 3755 2007 3757 
1884 703 510 3429 
1885 1927 3392 3393 
1886 2778 3878 3879 
1887 3094 1915 4242 
1888 3920 1544 4013 
1889 2556 1912 4267 
1890 3666 2300 3959 
1891 2603 3745 3833 
1892 1410 3357 3746 
1893 3239 3603 3780 
1894 2037 2431 3039 
1895 3437 3436 3438 
1896 2035 3271 3273 
1897 2422 2424 3207 
1898 3282 1970 3696 
1899 1770 1768 3324 
1900 3560 2391 4125 
1901 1719 1722 3772 
1902 2588 2587 3286 
1903 3266 2753 3511 
1904 2510 2014 3387 
1905 2603 1780 3745 
1906 1307 1308 3325 
1907 1115 1921 3592 
1908 851 852 3649 
1909 2271 3443 4042 
1910 891 4374 4378 
1911 3148 1943 3149 
1912 3434 3598 3854 
1913 2952 2456 3314 
1914 1953 2088 4021 
1915 3099 1814 3734 
1916 4089 2377 4142 
1917 1300 1299 3241 
1918 2617 1950 3520 
1919 3172 1941 3173 
1920 3080 2226 3604 
1921 3296 2629 3875 
1922 3204 3920 4013 
1923 1075 1078 3256 
1924 670 3522 3767 
1925 710 4229 4245 
1926 3526 3373 3863 
1927 1941 1939 3217 
1928 3082 3085 4019 
1929 3057 2597 3238 
1930 1396 2367 3858 
1931 2616 3591 3605 
1932 1201 1813 3304 
1933 4156 3101 4201 
1934 2049 2050 3052 
1935 1405 1952 3167 
1936 3735 2635 3791 
1937 3445 2614 3446 
1938 2404 3834 3862 
1939 3150 3292 3356 
1940 713 705 3293 
1941 3424 3897 3906 
1942 1543 3189 3561 
1943 1057 933 3479 
1944 1357 1197 3493 
1945 1798 2102 3287 
1946 3627 2595 3874 
1947 1949 2188 3315 
1948 3247 811 3327 
1949 3797 2605 3813 
1950 3081 3075 3582 
1951 2343 2345 3510 
1952 3397 2747 3615 
1953 3966 3362 3987 
1954 3338 1951 3339 
1955 605 604 3632 
1956 3097 2577 3583 
1957 2142 2143 3086 
1958 3137 2599 3212 
1959 2735 2738 3511 
1960 1155 766 3407 
1961 3013 4043 4103 
1962 3370 3371 4187 
1963 3153 2515 3154 
1964 953 1505 3398 
1965 3250 2005 3597 
1966 1418 3236 3707 
1967 2674 3418 3466 
1968 3322 2648 3972 
1969 4229 2675 4245 
1970 1384 2252 3890 
1971 3344 2172 4049 
1972 1895 2524 3928 
1973 1698 1702 3346 
1974 1308 1311 3325 
1975 708 521 3348 
1976 1623 2472 3112 
1977 1184 1182 3340 
1978 3631 2233 3697 
1979 462 3310 3718 
1980 1556 862 3290 
1981 1564 1923 3292 
1982 2316 3381 3619 
1983 3626 1772 3986 
1984 1848 2028 3675 
1985 1678 1918 3517 
1986 510 512 3429 
1987 3650 2339 4035 
1988 3243 2273 3278 
1989 3108 1716 3921 
1990 3897 3051 3906 
1991 3022 3081 3582 
1992 3139 2638 3140 
1993 798 811 3247 
1994 1809 2667 4034 
1995 3773 1901 3924 
1996 476 783 3547 
1997 1872 1808 3068 
1998 2293 3162 3171 
1999 3349 2356 3350 
2000 3281 1229 3490 
2001 653 651 3491 
2002 685 686 3558 
2003 3261 1923 3684 
2004 2568 1816 3463 
2005 1996 2686 3255 
2006 1951 2260 3339 
2007 2180 1931 3787 
2008 3171 2178 3224 
2009 3609 2656 3610 
2010 3239 1043 3603 
2011 1560 1943 3148 
2012 2922 2077 3212 
2013 1940 1941 3172 
2014 1818 1854 3462 
2015 3341 3340 3995 
2016 1445 1595 3461 
2017 1643 3944 4010 
2018 2170 834 3423 
2019 1805 1757 3450 
2020 2580 3024 3435 
2021 824 813 3321 
2022 3364 3361 3365 
2023 933 935 3479 
2024 1831 2183 3351 
2025 3378 2164 3449 
2026 2051 2052 3102 
2027 3180 3189 4263 
2028 2268 1155 3407 
2029 1302 1330 3096 
2030 2371 2889 3421 
2031 460 821 3310 
2032 3091 3092 3277 
2033 877 1039 3369 
2034 1257 1254 3146 
2035 2172 870 4227 
2036 1736 1739 3236 
2037 3596 2613 3992 
2038 3402 1249 3659 
2039 3375 3493 3749 
2040 1766 1026 3743 
2041 656 653 3491 
2042 2014 2013 3387 
2043 3550 3486 3766 
2044 1411 2249 3658 
2045 528 3810 4134 
2046 3859 3347 3900 
2047 899 897 3419 
2048 3974 2596 4086 
2049 2182 1466 3686 
2050 2524 3758 3928 
2051 2068 2791 3252 
2052 3802 2280 3970 
2053 805 806 3478 
2054 1879 2056 3472 
2055 1473 1018 3480 
2056 3587 3613 3779 
2057 2257 2255 3338 
2058 3515 726 3936 
2059 3207 1046 3209 
2060 1510 1666 3219 
2061 3175 3172 3309 
2062 473 814 3220 
2063 2725 2588 3286 
2064 2666 1810 3948 
2065 1200 3947 4085 
2066 3107 1784 3134 
2067 692 4205 4221 
2068 787 3247 3970 
2069 2074 1900 3160 
2070 3531 1461 3907 
2071 1383 2366 3868 
2072 3892 3211 4022 
2073 3302 2673 4284 
2074 1106 1114 3456 
2075 2514 2515 3153 
2076 1822 2364 3454 
2077 2155 2145 3313 
2078 2454 1839 3433 
2079 839 805 3478 
2080 3162 2178 3171 
2081 1359 1239 3134 
2082 1927 3391 3392 
2083 2105 3075 3442 
2084 2264 1593 3683 
2085 530 3343 3344 
2086 3520 1004 3528 
2087 691 695 3427 
2088 1136 1134 3965 
2089 2594 3628 3870 
2090 2536 2535 3190 
2091 3305 1334 3306 
2092 1977 1653 3412 
2093 4326 2684 4339 
2094 1641 2263 3583 
2095 3297 3349 3350 
2096 3061 3060 3093 
2097 1524 1680 3538 
2098 3477 839 3478 
2099 2605 3234 3813 
2100 1430 3092 3526 
2101 3834 1450 3862 
2102 3412 1459 3702 
2103 1741 1738 3391 
2104 1819 1879 3472 
2105 2394 3332 3994 
2106 3118 3239 3780 
2107 2961 4137 4154 
2108 3448 3378 3449 
2109 3482 2606 3721 
2110 1059 3378 3448 
2111 1523 839 3477 
2112 1460 1690 3240 
2113 862 1522 3290 
2114 3482 1864 3483 
2115 2203 2201 3760 
2116 1330 1300 3241 
2117 1363 2287 3796 
2118 1047 3073 3380 
2119 2292 3386 3869 
2120 1796 1909 3674 
2121 2597 2311 3238 
2122 3646 764 3726 
2123 2652 3911 3964 
2124 1197 1194 3493 
2125 1984 3287 4252 
2126 4177 3094 4242 
2127 3108 2162 3430 
2128 2296 2956 3135 
2129 670 3521 3522 
2130 641 640 3502 
2131 991 989 3908 
2132 513 2555 3643 
2133 3819 3068 4001 
2134 3510 1245 3800 
2135 731 718 3574 
2136 1191 1719 3772 
2137 916 918 3358 
2138 2752 2753 3789 
2139 535 3892 4022 
2140 1253 3145 3146 
2141 3257 3258 3727 
2142 1130 1679 3420 
2143 3218 1951 3338 
2144 2159 3076 4183 
2145 3715 3219 4042 
2146 904 1047 3886 
2147 589 587 3806 
2148 2642 3524 3974 
2149 1714 1815 3729 
2150 784 719 3910 
2151 1077 1076 3265 
2152 735 731 3574 
2153 4220 3976 4256 
2154 1578 1117 3323 
2155 818 841 3459 
2156 2635 2342 3902 
2157 1595 1961 3461 
2158 836 1172 3423 
2159 1599 1650 3549 
2160 809 807 3311 
2161 1216 1219 3434 
2162 1713 1716 3430 
2163 1018 1020 3480 
2164 1764 1744 3599 
2165 3439 727 3440 
2166 1527 1864 3721 
2167 3535 1333 3860 
2168 3514 3515 3936 
2169 1327 1334 3305 
2170 2757 2121 3284 
2171 2080 2945 3958 
2172 3342 3341 3840 
2173 3815 3211 3845 
2174 1837 3446 3881 
2175 732 3449 3593 
2176 955 953 3398 
2177 2668 2423 4239 
2178 4135 2050 4165 
2179 2128 2124 3453 
2180 1904 1582 3538 
2181 3360 3361 3364 
2182 2307 2306 3818 
2183 3295 4292 4293 
2184 3932 3566 4160 
2185 1806 1971 4030 
2186 1744 1746 3599 
2187 2673 2674 4309 
2188 3321 813 3624 
2189 3141 2638 3593 
2190 869 3296 3875 
2191 2631 3204 4013 
2192 1245 3510 4116 
2193 890 893 3807 
2194 3398 1505 3447 
2195 3251 2197 3596 
2196 437 2936 3570 
2197 1672 2026 3257 
2198 3828 3893 3979 
2199 546 3606 3809 
2200 2054 2840 3724 
2201 1887 2503 3431 
2202 1101 1097 3326 
2203 2633 2817 3901 
2204 1016 1473 3494 
2205 1064 1062 3899 
2206 502 727 3439 
2207 2612 3650 4035 
2208 1600 1116 3234 
2209 1038 3792 3902 
2210 983 1425 3349 
2211 1786 1784 3107 
2212 1094 1092 3768 
2213 3220 2609 4007 
2214 1870 1634 3545 
2215 776 795 3283 
2216 1625 1869 3537 
2217 1729 3976 4220 
2218 3305 3307 3860 
2219 4224 1830 4257 
2220 947 2240 3937 
2221 1260 1262 3568 
2222 1843 1906 3653 
2223 1181 1183 3563 
2224 3011 2284 3858 
2225 3446 1431 3590 
2226 637 636 3817 
2227 2535 2682 3190 
2228 2354 3667 3958 
2229 555 577 3277 
2230 3502 640 3504 
2231 3456 1114 4071 
2232 1046 900 3209 
2233 1890 2483 3382 
2234 4351 975 4355 
2235 1869 2480 3537 
2236 4036 1911 4066 
2237 553 555 3277 
2238 2809 2159 4183 
2239 4243 3777 4251 
2240 2153 2989 3313 
2241 2023 2251 3905 
2242 2271 2499 3443 
2243 1780 1778 3745 
2244 1932 3898 3962 
2245 2682 2681 4381 
2246 4361 2459 4398 
2247 1148 1001 3523 
2248 2734 2736 3712 
2249 496 726 3945 
2250 1048 1691 3358 
2251 2499 3077 3443 
2252 3008 2082 3263 
2253 1718 1184 3340 
2254 1198 1201 3304 
2255 2443 2460 3353 
2256 849 824 3321 
2257 1311 1313 3158 
2258 726 3515 3945 
2259 508 703 3774 
2260 1311 3158 3325 
2261 686 690 3558 
2262 2282 2643 3738 
2263 1901 1169 3924 
2264 3092 1430 3277 
2265 833 818 3459 
2266 1171 3240 3579 
2267 2242 2486 3525 
2268 2414 2416 3907 
2269 3111 3678 4004 
2270 3868 2366 3887 
2271 4311 1585 4313 
2272 1116 1099 3234 
2273 1513 3396 3615 
2274 2651 3748 3961 
2275 1354 1260 3568 
2276 2244 2241 3826 
2277 3954 3856 4114 
2278 2117 2779 3284 
2279 1316 1318 3916 
2280 3780 1528 4051 
2281 1913 2559 3549 
2282 1188 1190 3620 
2283 896 3208 3578 
2284 2335 2391 4088 
2285 723 713 3293 
2286 2609 1791 4007 
2287 2801 2128 3453 
2288 3129 1916 3130 
2289 2058 1876 3614 
2290 1844 1843 3653 
2291 1876 2035 3614 
2292 2648 1898 3972 
2293 2129 2148 4046 
2294 1839 1841 3433 
2295 1190 1356 3620 
2296 703 3679 3774 
2297 3358 1691 4093 
2298 3983 1419 4038 
2299 922 919 3922 
2300 458 455 3467 
2301 1917 1692 3621 
2302 879 877 3369 
2303 3160 1900 4092 
2304 3494 1473 3495 
2305 3267 3266 3511 
2306 2252 3294 3890 
2307 1928 1822 3454 
2308 3210 2611 3845 
2309 728 3274 3693 
2310 2287 2289 3873 
2311 1462 3224 3581 
2312 452 3575 3576 
2313 1987 1831 3351 
2314 1715 1713 3430 
2315 2486 3447 3525 
2316 2305 1578 3323 
2317 3617 3666 3959 
2318 1749 1747 3512 
2319 1963 3730 4139 
2320 3218 2278 3518 
2321 465 462 3718 
2322 1544 1109 3618 
2323 1709 2004 3832 
2324 4036 3215 4141 
2325 1398 1676 3820 
2326 1667 1887 3431 
2327 3371 4081 4187 
2328 893 1455 3807 
2329 1437 1439 3795 
2330 546 547 3606 
2331 1963 3729 3730 
2332 3096 3379 3572 
2333 4149 3429 4164 
2334 3486 2272 3766 
2335 3111 1793 3678 
2336 1783 792 3405 
2337 1918 2372 3517 
2338 3042 4014 4033 
2339 474 476 3547 
2340 608 3631 3697 
2341 2645 3720 3877 
2342 1421 2630 3913 
2343 580 599 3383 
2344 1682 2080 3667 
2345 1153 612 3697 
2346 3078 2489 3290 
2347 2257 3338 3339 
2348 3195 1988 3200 
2349 2094 3012 3013 
2350 3428 1607 3622 
2351 577 557 3468 
2352 2358 1447 3744 
2353 2378 3475 4037 
2354 3275 988 3794 
2355 1132 1130 3420 
2356 3664 1690 3870 
2357 2149 2518 3156 
2358 4139 3730 4236 
2359 3650 2612 4094 
2360 1747 1794 3512 
2361 1790 679 3889 
2362 2753 2737 3511 
2363 2059 2516 3400 
2364 1097 1094 3768 
2365 2033 1538 3784 
2366 1055 1920 3876 
2367 3911 921 3964 
2368 769 3550 3766 
2369 2115 2112 3878 
2370 794 815 3565 
2371 1057 4261 4268 
2372 2311 2582 3238 
2373 3869 3386 3899 
2374 3527 2617 3528 
2375 3843 1470 3867 
2376 3790 2710 4215 
2377 2167 2169 4167 
2378 1927 1741 3391 
2379 790 3288 3722 
2380 705 699 3507 
2381 3424 1924 3897 
2382 2785 3038 3917 
2383 821 3309 3310 
2384 3764 3922 4153 
2385 2643 3646 3726 
2386 3591 2616 3745 
2387 3299 3488 3523 
2388 3082 3083 3085 
2389 647 649 3844 
2390 1858 3268 3269 
2391 1738 1737 3391 
2392 1378 4121 4124 
2393 1239 1237 3134 
2394 3249 3739 4188 
2395 3138 3133 4080 
2396 2333 1181 3563 
2397 3828 1165 3893 
2398 3810 3461 4134 
2399 3285 2725 3286 
2400 2739 2734 3712 
2401 837 760 3699 
2402 1432 3638 3829 
2403 2538 3784 3785 
2404 1674 3257 3727 
2405 2185 2186 3377 
2406 2358 3451 4167 
2407 832 2170 3426 
2408 2284 3844 3858 
2409 2937 1917 3621 
2410 2381 2664 4117 
2411 3265 1076 3835 
2412 861 851 3649 
2413 1878 1818 3462 
2414 769 767 3550 
2415 1775 1773 3245 
2416 821 458 3467 
2417 1866 2701 3202 
2418 3927 4281 4295 
2419 3454 2364 4150 
2420 3497 1749 3512 
2421 1751 1749 3497 
2422 3068 1808 3938 
2423 825 855 3205 
2424 2396 2601 3786 
2425 3839 1793 4095 
2426 2145 2150 3313 
2427 1001 999 3523 
2428 1314 1312 3900 
2429 3497 3514 3935 
2430 3298 3299 3422 
2431 4071 2387 4199 
2432 1370 1529 3333 
2433 847 848 3709 
2434 3351 2183 3352 
2435 3408 1977 3409 
2436 848 860 3709 
2437 2501 1875 3663 
2438 3074 1649 4167 
2439 3211 3210 3845 
2440 2994 1349 4270 
2441 622 3587 3779 
2442 3496 1045 3731 
2443 2607 2606 3482 
2444 557 559 3468 
2445 1557 1895 3928 
2446 2985 2224 4084 
2447 3060 2564 3793 
2448 4082 1439 4143 
2449 1675 1944 4038 
2450 751 790 3722 
2451 1748 1750 3147 
2452 2596 456 3570 
2453 1593 1401 3683 
2454 1324 1331 3657 
2455 3145 1253 3402 
2456 2005 1630 3597 
2457 803 4156 4201 
2458 3706 3304 3874 
2459 1656 1916 3129 
2460 1994 1996 3255 
2461 1896 1556 3290 
2462 3935 3514 3936 
2463 3459 841 3777 
2464 2447 1837 3881 
2465 783 2286 3547 
2466 2656 3609 4082 
2467 3175 3467 4095 
2468 2418 2420 3380 
2469 1825 1988 3195 
2470 2161 1905 3795 
2471 1461 3166 3907 
2472 3297 3350 3908 
2473 2661 3786 4211 
2474 1945 1678 3517 
2475 4301 1457 4303 
2476 1931 1929 3787 
2477 3230 1450 3834 
2478 3376 1196 3891 
2479 838 809 3311 
2480 1808 1376 3938 
2481 3669 3206 3971 
2482 1053 2437 3652 
2483 1514 2369 3770 
2484 2157 1644 3649 
2485 1787 1357 3493 
2486 1912 3831 4267 
2487 2045 1641 3583 
2488 2032 2015 3836 
2489 3276 2180 3370 
2490 1634 1904 3545 
2491 3091 2232 3092 
2492 3042 3103 4014 
2493 3540 3539 3542 
2494 1568 1569 3530 
2495 2042 2040 3985 
2496 1569 1670 3530 
2497 3149 3894 3925 
2498 732 3448 3449 
2499 1699 1697 3379 
2500 2195 2545 3499 
2501 1784 1359 3134 
2502 3226 3047 3227 
2503 2586 2723 3136 
2504 2038 2039 3469 
2505 3348 523 3680 
2506 1608 2642 3201 
2507 3394 1333 3395 
2508 1820 1973 3215 
2509 3238 2582 3659 
2510 945 941 3548 
2511 2805 4243 4251 
2512 2634 3282 3696 
2513 578 580 3383 
2514 3425 3906 3957 
2515 606 607 3457 
2516 3049 2580 3435 
2517 1888 2470 3464 
2518 3373 585 3863 
2519 1973 1590 3662 
2520 1423 1796 3674 
2521 1607 1696 3622 
2522 4071 1114 4077 
2523 773 752 3580 
2524 477 475 4007 
2525 628 3555 3556 
2526 1445 3461 3810 
2527 4373 2954 4400 
2528 1563 1561 3755 
2529 456 439 3570 
2530 752 754 3580 
2531 1011 1014 3882 
2532 651 3374 3491 
2533 766 763 3407 
2534 1721 1729 4045 
2535 3411 3973 4147 
2536 2707 4069 4131 
2537 3406 2268 3407 
2538 1147 3473 3701 
2539 3343 2172 3344 
2540 1970 3282 4164 
2541 3305 3306 3307 
2542 995 1009 3816 
2543 3441 3936 3981 
2544 1120 2302 3896 
2545 2301 3373 3526 
2546 3710 965 4078 
2547 1264 1267 4287 
2548 630 3445 3590 
2549 3205 855 3883 
2550 2199 2197 3251 
2551 1320 1333 3394 
2552 1450 3230 3833 
2553 530 527 3343 
2554 3139 3140 3256 
2555 1117 1111 3323 
2556 3877 929 3953 
2557 482 2316 3619 
2558 1374 1370 3333 
2559 2575 3160 3161 
2560 3574 718 3934 
2561 1909 2548 3674 
2562 2027 1673 4098 
2563 1443 2343 3800 
2564 1299 1296 3923 
2565 3222 3221 3223 
2566 3456 2625 4110 
2567 1036 1031 3561 
2568 2674 3389 3418 
2569 3989 1992 4073 
2570 2685 4312 4344 
2571 2086 1684 3814 
2572 2579 3209 3886 
2573 3218 3518 4020 
2574 3552 3237 4058 
2575 3389 638 3418 
2576 868 2172 3343 
2577 2571 2326 3589 
2578 852 3076 3649 
2579 3216 784 3910 
2580 1857 3237 3552 
2581 1973 3662 4028 
2582 3242 838 3311 
2583 3381 1412 3619 
2584 2232 2203 3760 
2585 1119 1101 3326 
2586 581 579 3648 
2587 2470 2864 3464 
2588 1904 3540 3545 
2589 949 1658 3830 
2590 2727 2725 3285 
2591 3393 3804 3805 
2592 3521 2179 3522 
2593 1976 1977 3408 
2594 1152 945 3548 
2595 1856 2012 3822 
2596 3280 1848 3675 
2597 1432 1685 3638 
2598 3245 1773 3326 
2599 651 650 3374 
2600 1265 1377 3442 
2601 3224 2176 3581 
2602 1540 1788 4000 
2603 2652 1964 3911 
2604 2178 2176 3224 
2605 1842 1551 3677 
2606 1891 1890 3382 
2607 3179 3177 3180 
2608 681 2173 3500 
2609 1068 1462 3581 
2610 3439 3441 3981 
2611 1250 1249 3402 
2612 3431 2503 3432 
2613 534 3612 3765 
2614 1456 3132 4218 
2615 1954 1600 3234 
2616 748 750 3357 
2617 4284 2673 4309 
2618 3140 2638 3141 
2619 636 1469 3817 
2620 3418 642 3466 
2621 3333 1529 3551 
2622 2075 2818 3071 
2623 1755 1753 3736 
2624 466 1424 3769 
2625 3166 1461 3496 
2626 2619 3742 3926 
2627 3268 1858 3333 
2628 3279 3281 3490 
2629 3744 616 4112 
2630 3177 2184 3189 
2631 883 881 3603 
2632 2140 2370 3331 
2633 3206 1100 3971 
2634 986 984 3297 
2635 2190 2192 3775 
2636 1393 1391 3705 
2637 1921 3438 3592 
2638 3178 3177 3179 
2639 792 804 3405 
2640 3864 3392 3919 
2641 1180 685 3558 
2642 2228 3221 3222 
2643 1430 3526 3863 
2644 841 1520 3777 
2645 3370 2180 3371 
2646 1203 1204 3734 
2647 3818 2306 3819 
2648 2666 4101 4196 
2649 3409 1977 3410 
2650 558 556 3761 
2651 1043 883 3603 
2652 2066 2068 3252 
2653 2472 2913 3112 
2654 587 1449 3806 
2655 3898 2650 3962 
2656 639 642 3418 
2657 1687 2094 4103 
2658 3791 2635 3792 
2659 3864 1154 4065 
2660 3632 604 3871 
2661 1039 1398 3820 
2662 2320 2319 3262 
2663 3575 3444 3576 
2664 3718 3310 3986 
2665 3246 708 3348 
2666 2599 3137 3622 
2667 2555 1792 3978 
2668 3173 1941 3174 
2669 658 659 4235 
2670 3693 3274 4011 
2671 2620 3428 3622 
2672 1834 1611 3668 
2673 3064 2572 3728 
2674 815 3205 3565 
2675 1936 1938 4120 
2676 1410 748 3357 
2677 3422 3299 3523 
2678 3447 1505 3525 
2679 999 996 3422 
2680 666 1171 3579 
2681 1472 2179 3521 
2682 840 1525 3327 
2683 1147 981 3473 
2684 3365 3366 3367 
2685 3757 3758 3759 
2686 3138 1622 3861 
2687 1862 3966 3987 
2688 3237 2833 4058 
2689 2025 1867 3946 
2690 1122 1432 3829 
2691 628 3554 3555 
2692 3644 3983 4038 
2693 2483 2852 2910 
2694 1328 1427 3616 
2695 737 735 3573 
2696 1561 2007 3755 
2697 3771 3772 4107 
2698 3591 1386 3605 
2699 3399 2496 3931 
2700 850 2294 3856 
2701 1031 1543 3561 
2702 1730 3242 4105 
2703 817 796 3303 
2704 1306 1304 3572 
2705 4294 2671 4296 
2706 3354 773 3580 
2707 1033 991 3908 
2708 2283 2281 3385 
2709 3804 1794 3805 
2710 3093 4100 4144 
2711 1329 1328 3616 
2712 3269 3271 3677 
2713 2228 2218 3221 
2714 1175 1173 3676 
2715 3234 1099 3813 
2716 3470 3559 3560 
2717 3874 2595 4079 
2718 1513 959 3396 
2719 846 838 3242 
2720 2241 1152 3826 
2721 1373 3786 4109 
2722 3383 599 4142 
2723 1955 3598 4043 
2724 2306 3068 3819 
2725 1124 1121 3896 
2726 3573 735 3574 
2727 1966 2596 3974 
2728 3989 3503 4172 
2729 1735 1416 3939 
2730 823 850 3856 
2731 3416 3414 3417 
2732 2187 1385 3509 
2733 2747 3397 3399 
2734 1255 1256 3895 
2735 3251 3596 3992 
2736 3617 1161 3666 
2737 1886 3202 3203 
2738 1395 3444 3575 
2739 1156 1158 3617 
2740 1230 1229 4064 
2741 1350 1373 3708 
2742 4159 802 4186 
2743 3384 1942 3385 
2744 3832 2705 3921 
2745 811 840 3327 
2746 1546 887 3533 
2747 2071 2745 3193 
2748 1003 3735 3791 
2749 2502 2839 2870 
2750 2829 2501 3663 
2751 490 1154 3498 
2752 1386 1223 3605 
2753 1662 1036 3561 
2754 3326 1097 3768 
2755 3149 3150 3354 
2756 1545 1070 3581 
2757 3304 1813 3874 
2758 2124 2122 3453 
2759 3609 3795 4082 
2760 1229 1226 3490 
2761 2424 3049 3207 
2762 2102 3041 3042 
2763 2258 2512 3164 
2764 1226 1225 3490 
2765 449 3739 3842 
2766 3137 2620 3622 
2767 584 588 3660 
2768 887 885 3533 
2769 1464 950 3585 
2770 1385 541 3509 
2771 1183 1186 3563 
2772 994 3298 3422 
2773 607 610 3457 
2774 1178 1163 3602 
2775 3204 2466 3920 
2776 3359 1877 3360 
2777 1570 2006 3476 
2778 1684 1142 3814 
2779 2391 3560 4088 
2780 2575 3065 3160 
2781 3363 3360 3364 
2782 3058 3238 3659 
2783 2040 3324 3985 
2784 2807 2048 3062 
2785 2176 1545 3581 
2786 638 3389 3682 
2787 1083 1100 3611 
2788 2004 2705 3832 
2789 2658 2283 3157 
2790 2268 3406 3979 
2791 2794 2011 3577 
2792 2153 2988 2989 
2793 1027 1041 3595 
2794 4034 2667 4107 
2795 2665 1656 3129 
2796 455 450 3839 
2797 2843 2806 2844 
2798 1693 3815 3845 
2799 3321 3624 4151 
2800 4056 3350 4130 
2801 2707 2379 4069 
2802 2724 2726 3670 
2803 3149 1943 3150 
2804 1734 2185 2262 
2805 2705 2894 3921 
2806 3352 2183 4231 
2807 2193 2191 3596 
2808 1526 1147 3701 
2809 2090 3003 3004 
2810 1942 3384 3801 
2811 1812 2634 3254 
2812 2231 2207 3088 
2813 1138 1877 3359 
2814 1263 1261 3938 
2815 2039 2044 3469 
2816 2046 1708 3850 
2817 3446 2614 3881 
2818 586 581 3648 
2819 994 992 3298 
2820 3498 1154 3864 
2821 2620 1178 3602 
2822 2037 2430 2431 
2823 1852 1507 3733 
2824 1893 2461 3414 
2825 2118 2117 3284 
2826 2384 3679 4149 
2827 1435 708 3246 
2828 2050 1859 4165 
2829 1468 958 3688 
2830 1269 1266 3442 
2831 632 1400 3554 
2832 1886 1851 3202 
2833 1323 3346 3859 
2834 2289 2476 3873 
2835 3176 3177 3178 
2836 915 928 3681 
2837 1836 3470 4125 
2838 4348 2689 4390 
2839 2700 2051 3102 
2840 3371 2180 3787 
2841 452 3576 4004 
2842 1781 1156 3617 
2843 3906 721 3957 
2844 3230 2603 3833 
2845 1217 1450 3833 
2846 728 3498 3919 
2847 3428 2620 3602 
2848 3245 3326 3768 
2849 2249 3445 3658 
2850 2322 2324 3690 
2851 1090 1093 3301 
2852 2439 1464 3585 
2853 2191 2613 3596 
2854 1108 1110 3639 
2855 853 1547 3552 
2856 3130 1916 3131 
2857 790 749 4081 
2858 1022 1015 4020 
2859 3311 807 3723 
2860 2213 2219 3221 
2861 2306 1872 3068 
2862 2355 3773 3924 
2863 3166 3496 3731 
2864 3103 882 4014 
2865 796 794 3565 
2866 2732 2739 3336 
2867 3719 701 3776 
2868 3515 3516 3945 
2869 3359 3362 3966 
2870 3436 3301 3438 
2871 1026 1021 3743 
2872 2028 3144 3675 
2873 2189 2187 3809 
2874 2026 2782 3257 
2875 993 995 3816 
2876 2800 2046 3850 
2877 2187 3509 3809 
2878 3900 3347 4236 
2879 3020 2557 3021 
2880 1963 1712 3729 
2881 481 513 3643 
2882 2583 1775 3245 
2883 2613 3606 3992 
2884 592 595 3838 
2885 3096 3095 3379 
2886 1085 1083 3611 
2887 3161 4092 4253 
2888 4083 3174 4186 
2889 2872 2514 3153 
2890 1815 2381 3729 
2891 2566 3010 3104 
2892 2483 2850 2852 
2893 3360 1877 3361 
2894 1047 3380 3886 
2895 2939 2161 2984 
2896 2026 2781 2782 
2897 2230 2227 2951 
2898 3306 1334 3562 
2899 2834 2831 3584 
2900 1219 1221 3334 
2901 2475 2290 2487 
2902 1815 2380 2381 
2903 2075 2711 2818 
2904 3748 1434 3961 
2905 736 1983 4209 
2906 1739 2621 3236 
2907 2427 2426 2557 
2908 583 584 3660 
2909 2671 2497 2672 
2910 3979 3406 4150 
2911 1062 1065 3899 
2912 3756 3755 3757 
2913 2578 2049 3052 
2914 3283 795 3426 
2915 3116 3118 3780 
2916 2424 2580 3049 
2917 678 572 3345 
2918 2472 2473 2759 
2919 1745 1743 3805 
2920 971 969 3781 
2921 3075 2107 3582 
2922 1877 1136 3965 
2923 1860 1715 3430 
2924 2044 3318 3469 
2925 1695 1606 3201 
2926 2137 2135 3607 
2927 1632 1620 3951 
2928 1640 2299 3888 
2929 2476 2762 3551 
2930 2788 2948 3098 
2931 2713 2712 2714 
2932 2345 3058 3510 
2933 1857 1856 3822 
2934 2426 3302 4237 
2935 2284 647 3844 
2936 1093 1095 3592 
2937 2158 2157 2159 
2938 1079 1420 3982 
2939 2138 2140 3331 
2940 3323 1544 3920 
2941 3208 3049 3435 
2942 1942 1982 3385 
2943 1903 2620 3137 
2944 910 912 3496 
2945 1688 2365 4012 
2946 3393 3864 4065 
2947 2467 1635 3880 
2948 1474 677 3500 
2949 2776 2464 4054 
2950 629 632 3554 
2951 2589 1151 2590 
2952 3662 3661 4028 
2953 1428 1426 3328 
2954 2102 3042 3287 
2955 2694 2537 2780 
2956 2335 2336 2391 
2957 1841 3196 3197 
2958 2273 2272 3278 
2959 2644 3070 4223 
2960 2476 2761 2762 
2961 3439 3440 3441 
2962 3709 860 3855 
2963 2567 1816 2568 
2964 1687 2093 2094 
2965 2642 1804 3963 
2966 912 1045 3496 
2967 1768 2619 3324 
2968 1658 2362 3830 
2969 2628 1928 3454 
2970 2296 2087 2956 
2971 2251 1786 3107 
2972 3773 2355 4024 
2973 3512 1794 3513 
2974 1828 2375 4099 
2975 1841 3197 3433 
2976 1088 3301 3436 
2977 1983 3143 4209 
2978 2560 2142 3086 
2979 2037 2388 2430 
2980 2591 1791 2609 
2981 3505 3885 4008 
2982 2770 2597 3032 
2983 2143 2145 2155 
2984 3584 1777 4160 
2985 1828 2166 2375 
2986 1676 3113 3114 
2987 2541 2066 3252 
2988 2488 1896 2489 
2989 2539 2077 2922 
2990 608 605 3632 
2991 2292 3171 3386 
2992 4136 3409 4179 
2993 1469 1838 2389 
2994 2269 1816 2567 
2995 1529 3796 3873 
2996 1058 4067 4188 
2997 807 799 3723 
2998 2612 1471 3275 
2999 2729 2727 2740 
3000 2418 2417 2419 
3001 2592 2023 3905 
3002 3608 2291 4109 
3003 830 3219 3715 
3004 973 1383 3868 
3005 2344 2346 3586 
3006 1257 3819 4001 
3007 1666 2271 3219 
3008 1962 2635 3735 
3009 3362 3360 3363 
3010 676 1790 3812 
3011 1400 2360 3554 
3012 3172 3173 3309 
3013 2521 1897 3952 
3014 1961 2654 2655 
3015 961 1514 3770 
3016 2275 3709 3855 
3017 2345 3057 3058 
3018 1680 2030 2181 
3019 3503 3502 4172 
3020 1402 1292 3915 
3021 1777 3584 3663 
3022 2706 2379 2707 
3023 2150 2153 3313 
3024 3580 3630 3894 
3025 488 490 3498 
3026 2102 2247 3041 
3027 1078 1596 3256 
3028 996 994 3422 
3029 2487 2290 3455 
3030 2077 3137 3212 
3031 2679 1834 3668 
3032 3118 3119 3120 
3033 1742 1764 4016 
3034 2337 3747 4009 
3035 1630 1177 3597 
3036 2957 2296 3135 
3037 3174 1941 3217 
3038 2147 2137 3607 
3039 719 721 3910 
3040 2229 2227 2230 
3041 3107 3134 3811 
3042 4061 2469 4140 
3043 2490 2051 2700 
3044 2209 2207 2231 
3045 3308 1207 4124 
3046 1114 1108 3639 
3047 2260 1950 2617 
3048 858 857 4055 
3049 2705 2704 2893 
3050 2323 3262 3689 
3051 2569 2403 3291 
3052 1927 3393 3805 
3053 767 774 3550 
3054 2201 2199 2301 
3055 1249 1246 4116 
3056 1586 1682 3667 
3057 2619 1766 3743 
3058 1814 1203 3734 
3059 2309 2310 2311 
3060 3181 3180 3182 
3061 2029 1896 2488 
3062 2740 2727 3285 
3063 2310 2307 3818 
3064 512 2651 3429 
3065 2314 2244 3826 
3066 2075 2298 2711 
3067 786 2341 3778 
3068 2575 2576 3065 
3069 1631 1850 3821 
3070 3114 3115 3116 
3071 3825 3335 3827 
3072 1696 2082 2599 
3073 1676 3114 3820 
3074 1670 2019 2020 
3075 3565 3205 3566 
3076 1225 1387 3490 
3077 855 853 3552 
3078 940 3825 3827 
3079 1670 2021 3530 
3080 2481 2258 3164 
3081 1173 1176 3676 
3082 2550 2354 2942 
3083 1876 1842 2035 
3084 3105 4060 4123 
3085 536 534 3765 
3086 2145 2149 2150 
3087 1939 1937 2317 
3088 3922 3681 4153 
3089 2292 2293 3171 
3090 1829 723 3293 
3091 1554 1540 4000 
3092 1004 1002 3528 
3093 1884 1872 1885 
3094 2021 2514 2771 
3095 1697 1309 3572 
3096 2367 2099 3034 
3097 2633 2632 2798 
3098 934 931 3720 
3099 1528 3369 4051 
3100 1613 2233 2234 
3101 3327 1525 3801 
3102 463 466 3769 
3103 3783 2027 4098 
3104 1569 861 1644 
3105 1384 1984 2252 
3106 1596 3139 3256 
3107 2047 1644 2157 
3108 3395 1333 3535 
3109 1983 738 3142 
3110 1612 1466 1831 
3111 1334 1335 3562 
3112 3225 3226 3228 
3113 2582 2310 3145 
3114 1938 1937 1939 
3115 2387 2296 2957 
3116 2533 2532 2534 
3117 2408 2409 2410 
3118 626 1411 3658 
3119 988 990 3794 
3120 1441 909 3740 
3121 1594 1453 1922 
3122 690 2266 3558 
3123 1685 2085 3638 
3124 2540 2032 3836 
3125 2017 2009 2494 
3126 1858 1374 3333 
3127 2614 2250 2615 
3128 799 788 3723 
3129 2601 3608 4109 
3130 2808 2159 2809 
3131 2456 2611 3314 
3132 779 2282 3738 
3133 527 526 3343 
3134 779 2280 2281 
3135 2505 2011 2794 
3136 959 956 3396 
3137 3947 2660 4085 
3138 2098 3017 3018 
3139 3410 1977 3412 
3140 2967 2965 2968 
3141 1984 4252 4258 
3142 1996 2445 2686 
3143 2085 2084 2087 
3144 2026 2027 2781 
3145 1403 3167 3641 
3146 1849 1630 2005 
3147 2254 1718 3340 
3148 3213 2273 3243 
3149 3440 3984 3998 
3150 2201 2301 3760 
3151 2370 2142 2560 
3152 4137 1587 4154 
3153 982 985 3843 
3154 2186 2279 2436 
3155 520 1434 3748 
3156 2641 1945 3517 
3157 2012 2693 2756 
3158 2013 2463 3387 
3159 593 589 3806 
3160 3606 2613 3809 
3161 1620 1785 3951 
3162 2731 2730 2732 
3163 1831 1466 2182 
3164 2274 2273 3213 
3165 2012 2003 2692 
3166 1779 1778 1780 
3167 1560 1562 1943 
3168 1773 1119 3326 
3169 3404 3494 3495 
3170 2221 2228 3604 
3171 2332 2636 2708 
3172 3118 3120 3239 
3173 2312 1940 2313 
3174 2832 2831 2833 
3175 1067 2164 3378 
3176 2598 2489 3078 
3177 1677 1674 3727 
3178 764 765 3726 
3179 1696 2078 2082 
3180 2121 2118 3284 
3181 1657 1830 4224 
3182 2003 1617 2563 
3183 2265 2103 2270 
3184 2938 2456 2952 
3185 1952 1953 2167 
3186 2340 2457 3481 
3187 1659 1471 1660 
3188 2091 2239 2995 
3189 1885 1872 2306 
3190 1958 934 3720 
3191 2148 2900 4046 
3192 2508 2315 3564 
3193 3269 3270 3271 
3194 2577 2049 2578 
3195 2828 2829 2830 
3196 2013 2363 2463 
3197 2107 2109 3582 
3198 2660 1819 3472 
3199 2774 2464 2775 
3200 825 853 855 
3201 450 448 3839 
3202 2210 2212 2216 
3203 1206 1205 3601 
3204 2194 2190 3775 
3205 2316 3693 4011 
3206 1965 1964 2405 
3207 2611 2097 3845 
3208 3279 1848 3280 
3209 1391 591 3838 
3210 2542 2541 2821 
3211 2359 1852 3733 
3212 1045 914 3214 
3213 1861 1132 3420 
3214 2586 2587 2588 
3215 2605 1954 3234 
3216 2076 1903 2077 
3217 1072 1640 3888 
3218 1806 1807 1971 
3219 1841 1825 3195 
3220 3083 2216 3084 
3221 2077 1903 3137 
3222 3558 2266 3995 
3223 2083 2086 2546 
3224 1961 2089 2654 
3225 2971 2970 2972 
3226 1737 2261 2334 
3227 2339 2340 2451 
3228 2170 3425 3426 
3229 2255 2278 3338 
3230 3030 2163 3095 
3231 958 960 3688 
3232 2206 2205 2207 
3233 1898 1897 2521 
3234 1952 2167 3451 
3235 1420 1077 3265 
3236 1586 1393 1682 
3237 2833 2831 2834 
3238 1986 2408 4093 
3239 1734 1824 2185 
3240 2109 2111 2112 
3241 3519 3771 4107 
3242 1579 846 1580 
3243 681 1619 1661 
3244 1823 1928 1929 
3245 2630 2631 4013 
3246 3654 2551 3655 
3247 526 868 3343 
3248 876 873 3559 
3249 1650 1912 1913 
3250 2210 2211 2212 
3251 1817 1554 1818 
3252 1437 1435 1439 
3253 2608 2607 2718 
3254 1815 1979 2380 
3255 2416 3073 3907 
3256 2739 3712 3713 
3257 3403 1145 3404 
3258 1421 1639 2630 
3259 1387 3279 3490 
3260 2350 1891 2351 
3261 1668 1667 3431 
3262 2009 1662 2184 
3263 1611 2338 3668 
3264 2143 2144 2145 
3265 2670 1987 3351 
3266 1951 1950 2260 
3267 874 3875 4088 
3268 3573 4083 4186 
3269 2186 2436 3019 
3270 2561 2224 2985 
3271 2188 2189 2190 
3272 2890 2069 3727 
3273 2298 1969 4101 
3274 3588 618 3640 
3275 2217 2213 2218 
3276 2290 2288 2291 
3277 538 1384 3890 
3278 3545 3540 3546 
3279 2023 1786 2251 
3280 2113 2112 2114 
3281 2513 2259 3133 
3282 1640 2011 2299 
3283 2322 2320 2323 
3284 4121 3308 4124 
3285 2452 1994 3255 
3286 1971 2335 2629 
3287 3092 2232 3760 
3288 2317 1937 3100 
3289 2188 2190 2194 
3290 3298 1926 3299 
3291 1174 858 4055 
3292 2589 3151 3705 
3293 1687 1914 2093 
3294 2471 2275 3855 
3295 1788 1787 1789 
3296 2604 2185 3377 
3297 2612 3275 4094 
3298 2258 2259 2512 
3299 2601 2602 3608 
3300 1110 2618 3639 
3301 2248 3250 3597 
3302 1618 1840 3647 
3303 3043 2949 3044 
3304 2586 2588 2723 
3305 1472 1615 1616 
3306 1452 2626 3334 
3307 2197 2193 3596 
3308 2041 2043 3316 
3309 1443 1359 1620 
3310 1906 2551 3653 
3311 2469 3193 3194 
3312 2402 1987 2670 
3313 2431 2432 2433 
3314 1640 1889 2011 
3315 2371 2888 2889 
3316 1906 2058 2081 
3317 1667 1056 1801 
3318 1693 1446 3815 
3319 1078 1080 1596 
3320 1736 1737 1738 
3321 1055 1859 1920 
3322 2109 2112 2113 
3323 2472 2759 2913 
3324 3739 470 4188 
3325 1739 1765 2621 
3326 1959 3335 3825 
3327 999 3422 3523 
3328 579 1465 3648 
3329 2469 2071 3193 
3330 1425 1527 2356 
3331 2236 2434 3295 
3332 3269 2796 3270 
3333 1560 1561 1562 
3334 1873 2048 2060 
3335 2602 2811 2812 
3336 2965 2963 2966 
3337 2445 2446 2685 
3338 3912 3585 3941 
3339 2036 2037 3039 
3340 1531 1674 1675 
3341 815 825 3205 
3342 1873 2045 2048 
3343 1922 3302 4284 
3344 2323 2320 3262 
3345 1724 1809 4034 
3346 2715 2471 2716 
3347 492 494 3872 
3348 604 601 3969 
3349 1629 2013 2014 
3350 935 938 3479 
3351 2136 2138 2394 
3352 2798 2632 4234 
3353 2368 2283 2658 
3354 1059 1061 3378 
3355 2302 1578 2303 
3356 2661 2396 3786 
3357 3131 1916 3235 
3358 2394 3331 3332 
3359 570 1448 3345 
3360 1888 2275 2470 
3361 1999 1146 2002 
3362 1020 1051 3480 
3363 1550 1538 2033 
3364 1701 1699 2163 
3365 2481 3164 3165 
3366 1604 1169 1901 
3367 1537 1538 1539 
3368 1845 1715 1860 
3369 1717 1715 1845 
3370 2600 2082 3008 
3371 2815 2721 2816 
3372 2052 2584 2585 
3373 2281 2280 3384 
3374 2908 2074 2909 
3375 1179 633 3682 
3376 1691 1657 1985 
3377 2404 1209 2669 
3378 2221 2218 2228 
3379 1380 1601 1602 
3380 2113 3022 3582 
3381 2525 2526 2527 
3382 2613 2189 3809 
3383 1515 899 3419 
3384 2008 1888 3464 
3385 1920 2049 2577 
3386 2135 2146 3607 
3387 2976 2977 2978 
3388 2324 2326 2327 
3389 670 667 3521 
3390 2107 2106 2108 
3391 2331 2783 2784 
3392 610 1447 1648 
3393 1389 1847 1848 
3394 1688 1820 2095 
3395 1255 1254 1256 
3396 1198 1199 1200 
3397 1580 846 1730 
3398 3396 955 3397 
3399 798 805 811 
3400 3093 2119 4100 
3401 2140 2142 2370 
3402 901 899 1515 
3403 3125 3119 3452 
3404 468 465 3718 
3405 1430 553 3277 
3406 3514 3513 3515 
3407 1720 1718 2254 
3408 1326 1324 3657 
3409 2066 1860 2068 
3410 1395 2650 3444 
3411 2292 2070 2293 
3412 3804 3393 4065 
3413 2790 2162 3108 
3414 1925 2319 2320 
3415 1792 1791 2591 
3416 1669 1644 2047 
3417 947 1152 2240 
3418 2202 2201 2203 
3419 2962 2963 2964 
3420 2051 1775 2052 
3421 1826 1586 1827 
3422 881 879 1528 
3423 1364 1363 1365 
3424 1666 2015 2032 
3425 1692 1446 1693 
3426 3443 3078 4042 
3427 1162 1166 3428 
3428 3488 1148 3523 
3429 1602 2265 4121 
3430 2573 2574 3027 
3431 3303 796 3565 
3432 3278 3486 3959 
3433 2497 2063 2837 
3434 1023 1146 1962 
3435 1377 1664 1681 
3436 2103 1821 2104 
3437 1256 1254 1257 
3438 2125 2121 2757 
3439 3043 3044 3046 
3440 1908 1797 1978 
3441 3467 455 3839 
3442 1925 2320 2321 
3443 2171 3375 3376 
3444 1540 1357 1787 
3445 2559 2996 3016 
3446 2309 2311 2477 
3447 2097 1693 3845 
3448 1196 3519 3891 
3449 1414 1412 3381 
3450 2749 2058 3614 
3451 2256 2255 2257 
3452 1733 1044 3578 
3453 1702 1703 1704 
3454 3554 2360 3555 
3455 2084 2083 3231 
3456 665 1472 3521 
3457 2313 1940 3172 
3458 2119 2118 2120 
3459 2744 2742 2820 
3460 2341 770 3505 
3461 1439 1435 3246 
3462 4292 938 4293 
3463 3237 1857 3594 
3464 1510 831 1511 
3465 3515 3513 3516 
3466 835 833 1533 
3467 2442 2443 2458 
3468 2167 2168 2169 
3469 1126 1124 1637 
3470 650 1408 3374 
3471 2455 2456 2938 
3472 814 3903 4299 
3473 2383 1987 2402 
3474 1408 1990 1993 
3475 2122 2121 2125 
3476 1204 1207 3734 
3477 1423 1354 1795 
3478 1343 1341 1344 
3479 1520 1625 1627 
3480 2022 1786 2023 
3481 1427 1428 1429 
3482 2091 1954 2238 
3483 1670 2020 2021 
3484 2705 2893 2894 
3485 1566 1428 3328 
3486 2069 1677 3727 
3487 841 817 842 
3488 1625 1626 1869 
3489 1843 1842 1876 
3490 2659 4017 4099 
3491 2044 3316 3317 
3492 2730 2729 3669 
3493 1644 861 3649 
3494 973 1056 1383 
3495 1574 1572 3782 
3496 2012 2756 3822 
3497 804 828 3405 
3498 1851 1507 1852 
3499 1405 1683 1952 
3500 1547 854 1617 
3501 2494 2009 3176 
3502 2060 2048 2807 
3503 2585 2586 3136 
3504 987 986 988 
3505 929 1037 1040 
3506 2291 3708 4109 
3507 1158 1160 1161 
3508 3231 2546 3232 
3509 1405 1589 1683 
3510 1976 1653 1977 
3511 3278 2272 3486 
3512 1090 1091 1092 
3513 1812 2384 2634 
3514 1267 1266 1268 
3515 2208 2207 2209 
3516 3027 3028 3054 
3517 2785 2784 3005 
3518 2440 2441 2442 
3519 1265 1376 1377 
3520 1527 1863 1864 
3521 1389 1848 3279 
3522 1327 1328 1329 
3523 3631 608 3632 
3524 3233 700 3704 
3525 776 794 795 
3526 1225 1223 1386 
3527 3116 3115 3117 
3528 943 941 944 
3529 1390 591 1391 
3530 1048 1657 1691 
3531 2248 2492 3250 
3532 1469 1431 1837 
3533 1818 1554 1854 
3534 1890 1635 2467 
3535 1444 578 3383 
3536 1633 1574 2018 
3537 1565 1428 1566 
3538 2386 1820 3215 
3539 2493 2592 2593 
3540 1059 1060 1061 
3541 1839 1825 1841 
3542 2643 3726 3738 
3543 1039 1397 1398 
3544 2599 2082 2600 
3545 2639 1945 2640 
3546 2114 2112 2115 
3547 1608 1804 2642 
3548 1989 2253 3737 
3549 1675 1674 1677 
3550 2959 2086 3814 
3551 3029 2163 3030 
3552 1533 833 3459 
3553 2136 2135 2137 
3554 2637 3719 3776 
3555 1240 1241 1242 
3556 880 879 881 
3557 3288 2628 3289 
3558 1944 1678 1945 
3559 836 857 858 
3560 1949 2187 2188 
3561 1760 1757 1805 
3562 2127 2124 2128 
3563 2302 2303 2304 
3564 1268 1266 1269 
3565 1968 1526 3701 
3566 3946 4025 4145 
3567 2054 1878 2504 
3568 2377 2378 2382 
3569 1667 1801 1887 
3570 2327 2572 2573 
3571 1198 1200 1201 
3572 1007 1926 3298 
3573 2960 2961 2962 
3574 1702 2361 3346 
3575 2352 1891 3382 
3576 2695 2058 2749 
3577 2295 2087 2296 
3578 1309 1306 3572 
3579 1223 1220 3605 
3580 944 941 945 
3581 1774 1773 1775 
3582 1158 1159 1160 
3583 677 675 3500 
3584 1599 1600 1650 
3585 2117 2778 2779 
3586 1078 1077 1079 
3587 1767 1768 1769 
3588 717 732 3776 
3589 2015 2016 2519 
3590 2638 2637 3593 
3591 2008 3464 3465 
3592 1327 1329 1334 
3593 2301 2199 3251 
3594 1134 1861 3965 
3595 1227 1226 1228 
3596 1173 1174 1176 
3597 1948 1385 1949 
3598 1558 1557 1559 
3599 2533 2534 2535 
3600 1422 1354 1423 
3601 1636 1635 1890 
3602 1364 1366 1811 
3603 1994 1995 1996 
3604 3369 1039 3820 
3605 3123 3126 3128 
3606 1664 1808 1871 
3607 1548 1880 1881 
3608 1157 1155 2268 
3609 1996 1997 2445 
3610 1449 586 2276 
3611 2195 2193 2196 
3612 2412 2411 2413 
3613 1172 1173 1175 
3614 1411 1611 1834 
3615 3613 1833 3779 
3616 2967 2968 2969 
3617 2640 1945 2641 
3618 2100 2264 2673 
3619 2071 2072 2745 
3620 2198 2197 2199 
3621 1758 1757 1760 
3622 2951 2227 3079 
3623 2731 2732 3336 
3624 904 903 905 
3625 918 920 1048 
3626 1603 1169 1604 
3627 3566 3205 3883 
3628 1070 1068 3581 
3629 2632 1639 4129 
3630 1881 1880 2053 
3631 717 730 732 
3632 3066 2576 3067 
3633 1323 1309 1697 
3634 1088 1090 3301 
3635 1431 634 3590 
3636 1737 2334 3391 
3637 890 889 891 
3638 2138 2139 2140 
3639 1899 2318 3501 
3640 1144 3436 3437 
3641 1166 1165 1167 
3642 2150 2149 2151 
3643 1055 1624 1859 
3644 2234 2233 2235 
3645 1106 1108 1114 
3646 775 723 1829 
3647 762 760 837 
3648 2477 2597 2770 
3649 2289 2288 2290 
3650 1909 2547 2548 
3651 3580 754 3630 
3652 2222 2221 2223 
3653 3341 2266 3840 
3654 2657 2368 4148 
3655 1335 1338 3562 
3656 2332 2329 2636 
3657 750 773 3357 
3658 1293 1295 1360 
3659 1828 2165 2166 
3660 1344 1341 1345 
3661 1144 1086 3436 
3662 1335 1329 1336 
3663 1455 1044 1652 
3664 1710 1709 1711 
3665 2634 3696 4133 
3666 1133 1132 1134 
3667 992 1007 3298 
3668 1469 1837 1838 
3669 1678 1677 1918 
3670 823 824 847 
3671 1602 1601 1821 
3672 776 793 794 
3673 1940 1939 1941 
3674 1631 1630 1849 
3675 1106 1107 1108 
3676 3484 3483 3485 
3677 1724 1727 1809 
3678 1730 846 3242 
3679 1211 1213 1378 
3680 1065 1066 1548 
3681 3279 3280 3281 
3682 863 862 1556 
3683 1130 1128 1679 
3684 1531 1672 1674 
3685 1313 1315 1342 
3686 840 839 1523 
3687 2512 2259 2513 
3688 2123 2122 2124 
3689 1167 1165 3828 
3690 681 1661 2173 
3691 988 986 989 
3692 3627 1814 3628 
3693 894 892 895 
3694 2443 2444 2460 
3695 1866 2024 2701 
3696 2631 1639 2632 
3697 1349 1350 1351 
3698 2242 2241 2243 
3699 2544 1907 2562 
3700 1851 1866 3202 
3701 1742 1744 1764 
3702 1460 1654 1690 
3703 2453 2340 3481 
3704 2173 2174 2175 
3705 815 816 825 
3706 2396 2397 2601 
3707 990 992 993 
3708 1660 1471 2612 
3709 2059 1875 2500 
3710 935 936 937 
3711 1236 1237 1238 
3712 2488 2489 2511 
3713 3059 2564 3060 
3714 3271 3272 3273 
3715 1411 1834 2249 
3716 2056 2055 2057 
3717 1228 1226 1229 
3718 1191 1184 1718 
3719 1103 1101 1119 
3720 1141 1516 1517 
3721 1303 1305 1353 
3722 2372 2371 3421 
3723 1974 849 3321 
3724 4169 2658 4216 
3725 2321 2320 2322 
3726 1032 1031 1036 
3727 1510 1665 1666 
3728 2736 2841 3712 
3729 2399 2031 2400 
3730 1209 1206 3601 
3731 957 956 958 
3732 1083 1081 1100 
3733 845 838 846 
3734 2140 2141 2142 
3735 1177 1174 1628 
3736 2442 2458 2954 
3737 1443 1632 2343 
3738 2377 2376 2378 
3739 2064 2063 2497 
3740 900 899 901 
3741 1297 1296 1298 
3742 764 763 765 
3743 2067 2066 2541 
3744 1572 1570 3476 
3745 2153 2154 2988 
3746 851 849 852 
3747 1724 1725 1727 
3748 2324 2323 2325 
3749 1421 1119 1638 
3750 1240 1242 1243 
3751 1016 1015 1017 
3752 2248 2491 2492 
3753 2044 2041 3316 
3754 1685 2083 2084 
3755 911 1441 3553 
3756 1072 1070 1545 
3757 1702 1704 2361 
3758 2659 583 3660 
3759 914 915 916 
3760 1700 1699 1701 
3761 1906 1876 2058 
3762 1011 1013 1014 
3763 757 759 3505 
3764 1110 1109 1111 
3765 825 826 853 
3766 693 696 3840 
3767 795 796 797 
3768 3348 3680 4180 
3769 2230 2951 2983 
3770 2132 2131 2133 
3771 2220 2218 2221 
3772 836 858 1172 
3773 1307 1306 1308 
3774 1753 1751 1802 
3775 1449 2276 2678 
3776 1311 1312 1313 
3777 1460 1653 1654 
3778 2881 2504 2882 
3779 1946 1052 1947 
3780 1454 1453 1594 
3781 2772 2520 2773 
3782 2776 4054 4132 
3783 2030 2662 2663 
3784 771 769 772 
3785 1769 1768 1770 
3786 1216 1217 1218 
3787 1090 1092 1093 
3788 2419 2417 2675 
3789 1595 1446 1692 
3790 3513 1794 3804 
3791 2736 2751 2841 
3792 1375 1551 1552 
3793 614 612 1153 
3794 2196 2193 2197 
3795 1134 1132 1861 
3796 1082 1081 1083 
3797 1358 1357 1540 
3798 1462 1064 3899 
3799 2062 1893 3414 
3800 1575 1574 1633 
3801 818 817 841 
3802 1687 1594 1914 
3803 2971 2972 2974 
3804 1819 1878 1879 
3805 467 701 3719 
3806 2324 2325 2326 
3807 1380 1381 1601 
3808 2736 2735 2737 
3809 1906 2081 2551 
3810 1866 1867 2024 
3811 1756 1757 1758 
3812 3112 2913 3192 
3813 972 973 974 
3814 1287 1286 1288 
3815 1748 1749 1750 
3816 828 862 863 
3817 847 824 848 
3818 778 781 787 
3819 2041 2040 2042 
3820 2345 2347 3057 
3821 1510 1511 1665 
3822 1221 1452 3334 
3823 1061 1064 1067 
3824 1682 1393 1689 
3825 2113 2564 3022 
3826 2246 2314 2315 
3827 1425 1526 1527 
3828 2455 2097 2456 
3829 1325 1324 1326 
3830 968 969 970 
3831 804 827 828 
3832 937 936 3825 
3833 958 956 959 
3834 834 833 835 
3835 1025 1021 1026 
3836 1122 1142 1432 
3837 1118 1121 1122 
3838 1989 1732 2253 
3839 2465 2466 2895 
3840 868 869 870 
3841 860 861 1568 
3842 1208 1209 1210 
3843 896 897 898 
3844 2010 2379 2706 
3845 728 488 3498 
3846 2192 2193 2195 
3847 2246 2315 2507 
3848 941 940 3548 
3849 2011 1889 3577 
3850 2351 1891 2352 
3851 1356 1193 3706 
3852 1851 1852 1866 
3853 1455 1652 1656 
3854 2552 2955 2991 
3855 2150 2152 2153 
3856 1098 1097 1101 
3857 1120 1117 1578 
3858 1592 1401 1593 
3859 507 505 722 
3860 918 919 920 
3861 1118 1117 1120 
3862 3705 1391 3838 
3863 2418 2419 2420 
3864 1627 1625 3537 
3865 592 593 594 
3866 1978 1797 2297 
3867 2242 2243 2485 
3868 1265 1263 1376 
3869 2732 2734 2739 
3870 2500 1875 2501 
3871 1067 1068 1069 
3872 1562 1563 1564 
3873 1909 1908 2092 
3874 842 817 3303 
3875 1315 1316 1317 
3876 1903 1178 2620 
3877 789 2272 2273 
3878 2496 2495 3035 
3879 518 516 1170 
3880 1395 1966 2650 
3881 2728 2727 2729 
3882 1680 1523 1967 
3883 2243 2244 2245 
3884 1293 1292 1294 
3885 2742 2623 2743 
3886 1400 1401 1591 
3887 2228 3253 3604 
3888 1387 1389 3279 
3889 889 887 1546 
3890 1424 1816 2269 
3891 1742 1741 1743 
3892 935 937 938 
3893 860 851 861 
3894 1746 1748 1763 
3895 2362 1989 2680 
3896 774 1155 1156 
3897 690 691 693 
3898 2240 3525 3937 
3899 1086 1085 1087 
3900 508 509 510 
3901 1020 1021 1024 
3902 2546 2086 2958 
3903 1874 1789 1969 
3904 2486 2495 2496 
3905 1176 1630 1631 
3906 950 948 951 
3907 2394 2138 3331 
3908 2337 1958 2645 
3909 3409 3410 3411 
3910 2098 2101 3017 
3911 1027 1026 1041 
3912 538 536 707 
3913 1191 1718 1719 
3914 1961 2655 3461 
3915 2073 1900 2074 
3916 676 675 677 
3917 1959 1958 2337 
3918 3257 2782 3258 
3919 2424 2425 2580 
3920 765 763 766 
3921 2489 1896 3290 
3922 2978 2977 2979 
3923 547 548 549 
3924 750 749 751 
3925 2615 2250 3168 
3926 1188 1189 1190 
3927 2410 2411 2412 
3928 467 465 468 
3929 1061 1062 1064 
3930 982 981 983 
3931 2095 1820 2386 
3932 1371 1370 1374 
3933 2378 3474 3475 
3934 474 473 475 
3935 1528 879 3369 
3936 547 549 585 
3937 1415 1417 1419 
3938 3944 2816 4010 
3939 1641 1150 2263 
3940 1069 1068 1070 
3941 1139 1138 1140 
3942 1415 1414 1416 
3943 1405 1404 1589 
3944 655 656 657 
3945 1247 1246 1248 
3946 1308 1306 1309 
3947 675 681 3500 
3948 1216 1218 1219 
3949 1186 1188 1394 
3950 882 881 883 
3951 1455 1656 2649 
3952 724 723 775 
3953 745 743 803 
3954 1053 1036 1662 
3955 1071 1074 3725 
3956 1948 1949 3210 
3957 1794 1745 3805 
3958 500 499 501 
3959 1135 1136 1137 
3960 1362 1350 3708 
3961 720 713 723 
3962 1031 1029 1543 
3963 733 791 1059 
3964 502 503 504 
3965 2132 2134 2156 
3966 1266 1265 3442 
3967 798 799 805 
3968 461 463 464 
3969 2630 3618 3913 
3970 1377 1681 2105 
3971 1436 1435 1437 
3972 1460 1459 1653 
3973 1139 1140 1141 
3974 488 489 490 
3975 2708 2636 3651 
3976 502 504 727 
3977 736 735 737 
3978 1724 1723 1725 
3979 1856 1617 2003 
3980 2726 2725 2727 
3981 2308 2309 3329 
3982 1040 1507 1642 
3983 2389 1838 2390 
3984 778 772 780 
3985 1313 1314 1315 
3986 1096 1097 1098 
3987 2282 2281 2283 
3988 976 977 978 
3989 761 760 762 
3990 998 996 999 
3991 2150 2151 2152 
3992 852 1975 3076 
3993 2636 3689 4041 
3994 2091 2238 2239 
3995 792 801 804 
3996 3268 2796 3269 
3997 1028 1027 1029 
3998 2408 2407 2409 
3999 956 955 3396 
4000 2643 2657 3646 
4001 2052 2583 2584 
4002 2123 2124 2126 
4003 1164 1169 1603 
4004 512 514 515 
4005 1832 3912 3941 
4006 610 1648 3457 
4007 512 515 2651 
4008 566 564 684 
4009 1962 1146 1999 
4010 496 495 497 
4011 2278 2042 3985 
4012 2978 2979 2981 
4013 946 947 948 
4014 1819 1818 1878 
4015 1580 1899 3501 
4016 904 906 1047 
4017 2218 2213 3221 
4018 2405 1964 2652 
4019 802 737 3573 
4020 1193 1194 1195 
4021 1185 1184 1191 
4022 1053 1662 1663 
4023 921 922 923 
4024 885 1043 3533 
4025 2987 2976 4285 
4026 1620 1359 1784 
4027 1731 1730 2277 
4028 1616 1615 2688 
4029 1894 2603 2653 
4030 1871 1808 1872 
4031 547 585 3606 
4032 2015 2519 3836 
4033 1915 1599 3549 
4034 738 739 740 
4035 574 678 3665 
4036 1981 1980 2385 
4037 1196 1189 3519 
4038 2376 2166 2940 
4039 3411 3410 3973 
4040 1823 1929 1930 
4041 2649 1656 2665 
4042 3101 3100 4201 
4043 2519 2520 2772 
4044 2544 2562 2947 
4045 2529 2528 2530 
4046 640 637 3817 
4047 1971 1972 2335 
4048 1007 1033 1034 
4049 624 622 3779 
4050 1746 1747 1748 
4051 744 743 745 
4052 1709 1708 2004 
4053 932 933 1057 
4054 1016 1018 1473 
4055 526 725 868 
4056 886 885 887 
4057 1125 1124 1126 
4058 1999 2002 2690 
4059 1418 1735 1736 
4060 567 569 1406 
4061 989 986 3297 
4062 1712 1711 1713 
4063 1162 3428 3602 
4064 1351 1350 1362 
4065 1335 1337 1338 
4066 1570 1563 2006 
4067 1608 1803 1804 
4068 1548 1549 1880 
4069 694 691 3427 
4070 1754 1753 1755 
4071 2533 2535 2536 
4072 921 923 3964 
4073 1403 1404 1405 
4074 960 959 961 
4075 929 924 1037 
4076 1651 1600 1954 
4077 598 600 601 
4078 643 641 644 
4079 2123 2126 2566 
4080 1970 1438 3696 
4081 1413 1412 1414 
4082 1517 1537 1584 
4083 2732 2733 2734 
4084 3067 3773 4024 
4085 1050 1036 1053 
4086 852 849 1974 
4087 906 907 908 
4088 686 688 689 
4089 1640 1545 1889 
4090 1599 1116 1600 
4091 3415 3414 3416 
4092 1003 1002 1004 
4093 2098 1800 2101 
4094 1020 1024 1051 
4095 804 820 827 
4096 650 1407 1408 
4097 1222 1223 1224 
4098 719 713 720 
4099 2506 2505 2754 
4100 1746 1745 1747 
4101 1929 1928 2627 
4102 463 465 466 
4103 1011 1012 1013 
4104 699 714 3507 
4105 1531 1675 4038 
4106 1158 1161 3617 
4107 1156 1155 1157 
4108 3122 3119 3125 
4109 754 753 755 
4110 574 572 678 
4111 948 947 3937 
4112 1960 2160 2349 
4113 2319 1175 3676 
4114 1666 2032 2271 
4115 1168 1163 1178 
4116 1195 1198 3304 
4117 3778 2341 4029 
4118 598 601 602 
4119 872 873 875 
4120 990 993 3794 
4121 885 883 1043 
4122 1744 1745 1746 
4123 1517 1536 1537 
4124 746 748 1410 
4125 1408 1409 1990 
4126 659 660 661 
4127 1122 1121 1123 
4128 704 699 705 
4129 1980 1801 2646 
4130 1007 1034 1926 
4131 1606 1608 3201 
4132 441 439 456 
4133 1692 1693 2096 
4134 1736 1738 1739 
4135 850 847 1576 
4136 1934 1935 1936 
4137 1111 1109 1544 
4138 2068 1860 2162 
4139 1932 1933 1934 
4140 1874 1969 2075 
4141 1181 1182 1183 
4142 1003 1004 1005 
4143 2594 1976 2595 
4144 2646 3710 4078 
4145 1434 708 1435 
4146 504 505 506 
4147 1552 1842 1843 
4148 2720 2508 2721 
4149 3679 703 4149 
4150 1423 1795 1796 
4151 1893 1894 2461 
4152 725 524 4062 
4153 1568 861 1569 
4154 785 792 1783 
4155 2177 2765 2769 
4156 2735 2733 2738 
4157 1262 1261 1263 
4158 935 934 936 
4159 1078 1079 1080 
4160 2690 2002 2691 
4161 1177 1629 3597 
4162 1445 709 1446 
4163 1378 1379 1380 
4164 1016 1017 1018 
4165 980 978 981 
4166 923 922 924 
4167 571 570 572 
4168 2026 1673 2027 
4169 1524 1523 1680 
4170 1192 1189 1196 
4171 2343 2344 2345 
4172 2160 2161 2939 
4173 1591 1401 1592 
4174 1442 1012 1950 
4175 1176 1174 1177 
4176 2498 1884 2699 
4177 2200 2199 2201 
4178 666 668 1171 
4179 3771 1191 3772 
4180 1298 1296 1299 
4181 3228 3226 3229 
4182 482 484 2316 
4183 1936 1935 1937 
4184 1310 1309 1323 
4185 2840 2504 2881 
4186 3130 3131 3132 
4187 1040 1642 1643 
4188 2236 2237 2434 
4189 1607 1606 1695 
4190 1253 1250 3402 
4191 649 650 651 
4192 1611 1833 2338 
4193 2217 2218 2220 
4194 2332 2708 2717 
4195 1346 1345 1348 
4196 1201 1203 1813 
4197 466 465 467 
4198 1235 1236 1355 
4199 750 752 773 
4200 798 788 799 
4201 1320 1322 1333 
4202 1320 1321 1322 
4203 1010 1006 1011 
4204 592 594 595 
4205 1131 1132 1133 
4206 504 506 3977 
4207 1387 1386 1388 
4208 517 516 518 
4209 1088 1089 1090 
4210 557 558 559 
4211 2414 2415 2416 
4212 1539 1538 1550 
4213 1712 1713 1714 
4214 765 767 768 
4215 3821 1850 4041 
4216 1047 906 3531 
4217 1967 1523 3477 
4218 1558 1560 3148 
4219 1472 1616 2179 
4220 1201 1202 1203 
4221 1285 1286 1287 
4222 1996 1995 1997 
4223 1106 1104 1107 
4224 1692 2096 3621 
4225 1888 1576 2275 
4226 2736 2737 2751 
4227 1260 1258 1261 
4228 2531 2530 2532 
4229 1650 1600 1651 
4230 541 539 542 
4231 658 3291 4212 
4232 1164 1163 1168 
4233 1918 1677 2069 
4234 902 901 903 
4235 1443 1620 1632 
4236 2480 2059 3400 
4237 461 464 3471 
4238 701 717 3776 
4239 2315 3335 3564 
4240 1211 1212 1213 
4241 676 679 1790 
4242 2424 2423 2425 
4243 470 454 471 
4244 1613 1153 2233 
4245 868 870 2172 
4246 912 911 913 
4247 2281 3384 3385 
4248 2299 2011 2505 
4249 701 468 702 
4250 1131 1130 1132 
4251 808 807 809 
4252 449 448 450 
4253 2762 2796 3268 
4254 482 481 483 
4255 2002 1146 3403 
4256 777 772 778 
4257 930 932 942 
4258 746 747 748 
4259 1208 1210 1211 
4260 613 612 614 
4261 655 658 4212 
4262 2028 2767 3144 
4263 1785 1786 2022 
4264 2171 1789 3375 
4265 623 622 624 
4266 2043 2255 2256 
4267 1084 1085 1086 
4268 1879 2055 2056 
4269 1704 1705 1706 
4270 1743 1741 1927 
4271 1392 1391 1393 
4272 2396 2353 2397 
4273 2057 2055 2063 
4274 778 780 781 
4275 626 624 706 
4276 644 641 3502 
4277 1618 1825 1839 
4278 523 524 525 
4279 642 641 643 
4280 2136 2137 2138 
4281 610 611 1447 
4282 717 718 730 
4283 3024 2581 3025 
4284 1023 1010 1145 
4285 990 991 992 
4286 2589 2590 3151 
4287 1002 1008 3528 
4288 449 450 451 
4289 1195 1194 1197 
4290 567 568 569 
4291 2573 2572 2574 
4292 1873 1641 2045 
4293 666 665 667 
4294 1172 1175 1924 
4295 528 527 529 
4296 2405 3352 4231 
4297 529 527 530 
4298 1855 1853 2071 
4299 1053 1663 2437 
4300 961 1513 1514 
4301 1335 1336 1337 
4302 2830 2829 2831 
4303 4067 1058 4068 
4304 602 601 603 
4305 910 911 912 
4306 785 770 786 
4307 2420 2422 2579 
4308 960 961 962 
4309 580 583 599 
4310 2715 2716 2722 
4311 1638 1119 1773 
4312 957 1468 1832 
4313 1754 1755 1756 
4314 4261 1057 4291 
4315 1889 2177 3577 
4316 655 657 658 
4317 2775 2464 2776 
4318 643 645 646 
4319 2731 3336 3337 
4320 878 877 879 
4321 730 731 733 
4322 1186 1187 1188 
4323 696 697 698 
4324 3048 3245 3768 
4325 1899 1900 2073 
4326 1932 1934 3898 
4327 982 983 984 
4328 1957 1956 2606 
4329 1303 1304 1305 
4330 1795 1354 3568 
4331 926 927 930 
4332 738 737 739 
4333 553 552 554 
4334 676 677 679 
4335 666 667 668 
4336 2765 3162 3163 
4337 950 952 3585 
4338 1698 1699 1700 
4339 1293 1294 1295 
4340 1071 1070 1072 
4341 1823 1822 1928 
4342 1248 1250 1251 
4343 520 519 521 
4344 541 543 3509 
4345 1598 1116 1599 
4346 629 630 631 
4347 2006 1563 3755 
4348 2240 1152 2241 
4349 1122 1123 1142 
4350 3260 1410 3746 
4351 476 477 478 
4352 1815 1717 1979 
4353 445 447 800 
4354 682 685 687 
4355 588 591 1390 
4356 2429 2236 3295 
4357 635 637 638 
4358 453 455 457 
4359 690 693 2266 
4360 804 801 820 
4361 892 891 3625 
4362 508 510 703 
4363 2041 2042 2043 
4364 1055 1054 1624 
4365 663 665 666 
4366 565 564 566 
4367 1221 1222 1451 
4368 1649 1447 2358 
4369 459 460 461 
4370 1369 1368 1370 
4371 596 597 598 
4372 659 661 662 
4373 553 554 555 
4374 1256 1257 1258 
4375 1181 1180 1182 
4376 2162 1860 3430 
4377 571 572 573 
4378 476 478 783 
4379 1336 1329 3616 
4380 831 822 1609 
4381 533 534 535 
4382 1256 1258 1259 
4383 2704 2046 2799 
4384 1248 1249 1250 
4385 1429 1428 1565 
4386 1023 1145 1146 
4387 535 536 537 
4388 949 948 950 
4389 3154 2515 3155 
4390 1318 1314 3900 
4391 848 824 849 
4392 1291 1290 1292 
4393 440 439 441 
4394 680 677 1474 
4395 633 634 635 
4396 1581 1579 1897 
4397 1583 1655 1942 
4398 540 539 541 
4399 649 651 652 
4400 811 839 840 
4401 923 925 926 
4402 2972 2970 2973 
4403 750 751 752 
4404 1947 1052 2000 
4405 578 579 580 
4406 1030 1029 1031 
4407 1648 1447 1649 
4408 603 601 604 
4409 535 534 536 
4410 1571 1570 1572 
4411 1216 1215 1217 
4412 2071 1853 2072 
4413 1577 1576 1888 
4414 1317 1316 1319 
4415 1301 1300 1302 
4416 1942 1655 1982 
4417 2350 2351 3645 
4418 1161 1160 1163 
4419 1048 1049 1657 
4420 2537 2033 2538 
4421 549 550 551 
4422 1303 1302 1304 
4423 543 544 545 
4424 1812 2285 2384 
4425 649 648 650 
4426 461 462 463 
4427 2507 2508 2720 
4428 646 647 2284 
4429 1183 1182 1184 
4430 1418 1416 1735 
4431 475 473 3220 
4432 1224 1223 1225 
4433 578 576 579 
4434 2213 2211 2219 
4435 1093 1094 1095 
4436 490 492 1154 
4437 2427 2557 2990 
4438 2068 2789 2791 
4439 1272 1273 1274 
4440 1163 1160 3602 
4441 1520 1521 1625 
4442 890 891 892 
4443 1898 2521 2522 
4444 1452 1453 1454 
4445 1071 1073 1074 
4446 2974 2972 2975 
4447 914 913 915 
4448 1415 1416 1417 
4449 2303 2305 2465 
4450 515 516 517 
4451 461 460 462 
4452 1324 1321 1331 
4453 950 951 952 
4454 1826 1827 1828 
4455 3366 1861 3949 
4456 1760 1805 1812 
4457 1421 1638 1639 
4458 1086 1088 3436 
4459 2422 2423 2424 
4460 2061 2005 2758 
4461 1750 1749 1751 
4462 895 892 3625 
4463 1659 1660 2687 
4464 2258 2257 2259 
4465 2470 2471 2715 
4466 520 521 708 
4467 1264 1263 1265 
4468 2136 2394 3635 
4469 443 442 444 
4470 1658 1732 1989 
4471 2250 1834 2679 
4472 1079 1077 1420 
4473 2420 2419 2421 
4474 806 807 808 
4475 639 637 640 
4476 1370 1368 1529 
4477 1816 1694 3463 
4478 1041 1026 1766 
4479 3123 3124 3126 
4480 481 480 513 
4481 1301 1302 1303 
4482 474 475 476 
4483 486 488 728 
4484 786 770 2341 
4485 466 469 1424 
4486 701 702 717 
4487 733 734 791 
4488 1334 1329 1335 
4489 836 835 857 
4490 620 711 1403 
4491 759 760 761 
4492 2376 2940 3474 
4493 470 471 472 
4494 1835 1399 1836 
4495 448 446 1793 
4496 954 953 955 
4497 629 631 632 
4498 557 556 558 
4499 933 934 935 
4500 520 708 1434 
4501 1633 2031 2399 
4502 479 480 481 
4503 639 640 641 
4504 1207 1206 1208 
4505 1232 1230 1233 
4506 751 749 790 
4507 1149 1621 1622 
4508 1531 1530 1672 
4509 2449 2448 2450 
4510 2205 2203 2232 
4511 1438 1437 1905 
4512 1000 999 1001 
4513 1688 2095 2365 
4514 1115 1116 1598 
4515 1802 1751 3497 
4516 1618 1614 1825 
4517 587 586 1449 
4518 1930 1929 1931 
4519 993 994 995 
4520 1313 1342 3158 
4521 672 671 673 
4522 3573 3574 4083 
4523 541 542 543 
4524 510 509 511 
4525 571 573 590 
4526 693 691 694 
4527 1002 1001 1008 
4528 1102 1101 1103 
4529 2198 2199 2200 
4530 2698 2697 2786 
4531 1110 1112 2618 
4532 1075 1077 1078 
4533 1783 3405 3925 
4534 2191 2189 2613 
4535 652 654 1396 
4536 506 505 507 
4537 633 635 3682 
4538 872 871 873 
4539 1294 1292 1402 
4540 1375 1374 1551 
4541 1248 1246 1249 
4542 982 984 985 
4543 561 560 562 
4544 688 683 3687 
4545 1918 2371 2372 
4546 2522 2901 2903 
4547 698 697 699 
4548 444 442 452 
4549 1011 1006 1012 
4550 1166 1606 1607 
4551 881 1528 3603 
4552 2675 2417 4249 
4553 2238 1954 2605 
4554 669 667 670 
4555 1893 1780 1894 
4556 3271 3270 3272 
4557 486 485 487 
4558 496 498 726 
4559 521 522 523 
4560 1283 1282 1284 
4561 2627 1928 2628 
4562 976 978 979 
4563 1424 1694 1816 
4564 983 1147 1425 
4565 575 576 578 
4566 2969 2970 2971 
4567 1129 1128 1130 
4568 1520 842 1521 
4569 908 910 1461 
4570 1924 1925 3897 
4571 2535 2534 2681 
4572 2127 2129 2130 
4573 967 968 1035 
4574 1280 1282 1283 
4575 620 619 621 
4576 1557 1556 1895 
4577 1210 1209 2404 
4578 1358 1554 1817 
4579 812 810 813 
4580 2081 2058 2695 
4581 1913 2556 2558 
4582 1325 1327 3305 
4583 663 664 665 
4584 983 981 1147 
4585 485 483 1440 
4586 532 533 709 
4587 490 489 491 
4588 972 974 975 
4589 1086 1087 1088 
4590 898 899 900 
4591 768 769 771 
4592 1564 1563 1570 
4593 559 560 561 
4594 2732 2730 2733 
4595 499 497 716 
4596 632 633 1179 
4597 445 444 446 
4598 756 770 785 
4599 635 636 637 
4600 870 869 871 
4601 563 564 565 
4602 2948 2949 3043 
4603 523 522 524 
4604 2234 2236 2429 
4605 740 742 782 
4606 682 680 683 
4607 453 450 455 
4608 2962 2961 2963 
4609 2622 2623 2742 
4610 712 705 713 
4611 580 581 583 
4612 787 781 788 
4613 1384 1798 1984 
4614 1056 971 3781 
4615 1629 2014 2248 
4616 1137 1138 1139 
4617 1925 1175 2319 
4618 607 609 610 
4619 490 491 492 
4620 1742 1743 1744 
4621 960 962 963 
4622 537 536 538 
4623 1075 1076 1077 
4624 1706 1708 1709 
4625 2673 2264 2674 
4626 696 698 715 
4627 1289 1290 1291 
4628 921 919 922 
4629 732 730 3448 
4630 2202 2203 2204 
4631 979 978 980 
4632 492 493 494 
4633 3116 3117 3118 
4634 1841 3195 3196 
4635 444 452 3678 
4636 877 876 1039 
4637 997 996 998 
4638 3365 3361 3366 
4639 797 817 818 
4640 1658 1464 1732 
4641 2224 2223 2225 
4642 1073 1072 3888 
4643 2904 2903 2905 
4644 1146 1145 3403 
4645 1284 1282 1347 
4646 639 641 642 
4647 628 629 3554 
4648 1231 1230 1232 
4649 1017 1015 1022 
4650 621 619 622 
4651 567 566 568 
4652 972 971 973 
4653 1623 1399 1835 
4654 813 810 3624 
4655 699 697 714 
4656 812 813 823 
4657 702 468 1772 
4658 1389 1553 1847 
4659 2116 2117 2118 
4660 445 446 447 
4661 993 992 994 
4662 698 699 704 
4663 1889 2176 2177 
4664 561 562 563 
4665 1149 1148 1150 
4666 2741 2724 3670 
4667 759 758 760 
4668 625 624 626 
4669 1162 1165 1166 
4670 2012 2692 2693 
4671 1930 1931 1932 
4672 1573 1572 1574 
4673 584 586 587 
4674 888 887 889 
4675 525 526 527 
4676 616 615 617 
4677 1283 1284 1285 
4678 1573 1574 1575 
4679 1686 2100 2426 
4680 620 621 711 
4681 2745 2746 2748 
4682 3729 2381 3730 
4683 635 634 636 
4684 908 909 910 
4685 1105 1104 1106 
4686 573 572 574 
4687 1739 1740 1765 
4688 724 776 3283 
4689 538 707 1384 
4690 2559 2558 2996 
4691 785 786 792 
4692 1680 1967 2030 
4693 1115 1099 1116 
4694 717 702 718 
4695 1110 1111 1112 
4696 2068 2162 2789 
4697 1008 1148 1149 
4698 652 651 653 
4699 3173 3174 3626 
4700 1244 1242 1245 
4701 607 608 609 
4702 1127 1126 1128 
4703 617 618 619 
4704 532 531 533 
4705 1268 1270 1271 
4706 443 444 445 
4707 1259 1354 1422 
4708 2412 2414 3166 
4709 1663 1662 2009 
4710 599 583 2659 
4711 1562 1564 3292 
4712 1204 1202 1205 
4713 1634 1582 1904 
4714 988 989 990 
4715 1467 1035 2683 
4716 952 953 954 
4717 2130 2131 2132 
4718 551 552 553 
4719 572 570 3345 
4720 1018 1019 1020 
4721 823 813 824 
4722 754 755 756 
4723 1123 1121 1124 
4724 1470 987 1471 
4725 990 989 991 
4726 2334 2261 3274 
4727 1065 1063 1066 
4728 1994 1992 1995 
4729 783 478 1412 
4730 939 940 941 
4731 1589 1590 1688 
4732 559 558 560 
4733 521 519 522 
4734 473 471 814 
4735 740 741 742 
4736 1369 1370 1371 
4737 1228 1230 1231 
4738 2511 2489 2598 
4739 611 612 613 
4740 626 706 1411 
4741 486 487 488 
4742 961 959 1513 
4743 675 674 681 
4744 638 637 639 
4745 1752 1751 1753 
4746 2616 1217 3833 
4747 596 594 597 
4748 2504 1878 3462 
4749 1427 1426 1428 
4750 1636 1891 2350 
4751 1302 1300 1330 
4752 2311 2310 2582 
4753 1400 1591 2360 
4754 575 574 576 
4755 1020 1019 1021 
4756 457 459 1782 
4757 2134 2135 2136 
4758 1855 2071 2469 
4759 1367 1368 1369 
4760 636 634 1431 
4761 841 842 1520 
4762 967 966 968 
4763 1364 1365 1366 
4764 2724 2725 2726 
4765 1221 1220 1222 
4766 2724 2588 2725 
4767 1949 1385 2187 
4768 1295 1296 1297 
4769 1520 1627 3777 
4770 2151 2149 3156 
4771 1190 1189 1192 
4772 588 589 591 
4773 643 644 645 
4774 559 561 1382 
4775 687 685 1180 
4776 746 745 747 
4777 953 951 1505 
4778 3397 955 3398 
4779 495 493 1588 
4780 533 531 534 
4781 742 743 744 
4782 1514 1513 1853 
4783 2330 2329 2332 
4784 742 741 743 
4785 910 909 911 
4786 560 558 710 
4787 1475 1614 1618 
4788 1161 1163 1164 
4789 682 683 685 
4790 774 766 1155 
4791 882 883 884 
4792 995 994 996 
4793 748 749 750 
4794 970 971 972 
4795 2109 2108 2111 
4796 441 456 1395 
4797 570 568 1448 
4798 635 638 3682 
4799 479 481 482 
4800 2345 2344 2347 
4801 508 507 509 
4802 2120 2118 2121 
4803 1062 1063 1065 
4804 1228 1229 1230 
4805 1969 1789 2171 
4806 1642 1507 1851 
4807 655 653 656 
4808 1909 2092 2547 
4809 3189 2184 3561 
4810 1193 1192 1194 
4811 2017 2494 2755 
4812 629 627 630 
4813 1127 1128 1129 
4814 2410 2409 2411 
4815 632 631 633 
4816 569 570 571 
4817 1219 1220 1221 
4818 554 552 692 
4819 478 477 479 
4820 502 501 503 
4821 3114 3113 3115 
4822 989 3297 3908 
4823 1039 876 1397 
4824 687 1180 1181 
4825 968 966 969 
4826 1475 1050 1614 
4827 893 892 894 
4828 526 524 725 
4829 479 477 480 
4830 2775 2777 2803 
4831 633 631 634 
4832 621 622 623 
4833 659 657 660 
4834 584 587 588 
4835 774 1156 1781 
4836 1208 1206 1209 
4837 1112 1111 1117 
4838 1713 1711 1716 
4839 1280 1281 1282 
4840 1241 1359 1443 
4841 2406 1985 2644 
4842 1005 1006 1010 
4843 579 576 1465 
4844 1383 1056 1667 
4845 757 758 759 
4846 1623 1835 2472 
4847 1219 1218 1220 
4848 1356 3706 4079 
4849 667 665 3521 
4850 1024 1021 1025 
4851 995 997 1009 
4852 451 453 454 
4853 936 1958 1959 
4854 1986 2406 2407 
4855 1719 1718 1720 
4856 1158 1157 1159 
4857 1387 1388 1389 
4858 686 689 690 
4859 1190 1193 1356 
4860 1305 1306 1307 
4861 628 627 629 
4862 1238 1237 1239 
4863 1254 1253 3146 
4864 1648 1649 2946 
4865 1290 1288 1332 
4866 2677 2195 3499 
4867 1088 1087 1089 
4868 1392 1393 1586 
4869 2096 1693 2097 
4870 2618 3637 3639 
4871 494 495 496 
4872 669 670 671 
4873 517 519 520 
4874 2130 2129 2131 
4875 1199 1357 1358 
4876 1732 1464 2439 
4877 500 502 3439 
4878 543 545 546 
4879 451 450 453 
4880 575 578 1444 
4881 482 483 484 
4882 757 755 758 
4883 623 3556 3661 
4884 532 709 1445 
4885 756 757 770 
4886 890 892 893 
4887 704 705 712 
4888 1276 1277 1278 
4889 795 794 796 
4890 1457 1153 1613 
4891 606 605 607 
4892 492 491 493 
4893 1475 1618 3647 
4894 551 550 552 
4895 580 579 581 
4896 1275 1274 1276 
4897 1736 1735 1737 
4898 2222 2224 2561 
4899 853 854 1547 
4900 819 838 845 
4901 1704 1703 1705 
4902 488 487 489 
4903 1746 1763 3599 
4904 2548 2547 2944 
4905 819 809 838 
4906 1108 1109 1110 
4907 457 455 458 
4908 498 499 500 
4909 459 458 460 
4910 878 879 880 
4911 2327 2326 2571 
4912 1616 2688 2689 
4913 952 951 953 
4914 525 527 528 
4915 1869 1875 2059 
4916 584 581 586 
4917 1289 1288 1290 
4918 1934 1936 2267 
4919 1947 2000 2001 
4920 840 1523 1524 
4921 995 996 997 
4922 1525 1524 1582 
4923 1547 1617 1856 
4924 1603 1776 2300 
4925 1034 1033 1054 
4926 2789 2162 2790 
4927 2756 2693 2825 
4928 686 683 688 
4929 930 931 932 
4930 525 524 526 
4931 617 619 620 
4932 513 480 1791 
4933 2148 2128 2801 
4934 673 671 674 
4935 625 627 628 
4936 1103 1119 1421 
4937 1322 1321 1324 
4938 610 609 611 
4939 1875 1626 3663 
4940 2126 2124 2127 
4941 2374 1910 2549 
4942 1051 2393 2440 
4943 1796 1797 1908 
4944 1419 1530 1531 
4945 1092 1091 3048 
4946 810 809 819 
4947 1606 1167 1608 
4948 1289 1291 1433 
4949 1328 1426 1427 
4950 3497 3512 3514 
4951 1235 1234 1236 
4952 1320 1319 1321 
4953 1115 1598 1921 
4954 1798 707 1799 
4955 598 597 600 
4956 1291 1292 1293 
4957 665 664 1472 
4958 916 917 918 
4959 543 542 544 
4960 1166 1167 1606 
4961 555 554 556 
4962 563 565 582 
4963 2696 2695 2697 
4964 1238 1239 1240 
4965 1203 1202 1204 
4966 588 587 589 
4967 2458 2443 3353 
4968 679 677 680 
4969 1812 1805 2285 
4970 1822 1803 2364 
4971 498 497 499 
4972 1580 1730 1731 
4973 1096 1094 1097 
4974 1251 1250 1252 
4975 808 810 812 
4976 595 596 1151 
4977 2580 2581 3024 
4978 1740 1738 1741 
4979 2038 1770 2039 
4980 1218 1217 2616 
4981 1095 1096 1099 
4982 734 735 736 
4983 1221 1451 1452 
4984 1195 1197 1198 
4985 2028 2478 2767 
4986 2723 2724 2741 
4987 1186 1185 1187 
4988 2192 2677 3775 
4989 1225 1386 1387 
4990 2979 2977 2980 
4991 447 446 448 
4992 547 545 548 
4993 2093 2565 3007 
4994 1583 1634 1655 
4995 1171 1459 1460 
4996 1008 1001 1148 
4997 1193 1195 3706 
4998 646 645 647 
4999 902 903 904 
5000 2433 2432 2448 
5001 540 541 1385 
5002 1621 1150 1641 
5003 632 1179 1400 
5004 783 1412 1413 
5005 1363 1362 2287 
5006 1825 1614 1988 
5007 1149 1150 1621 
5008 447 448 449 
5009 673 675 676 
5010 2222 2223 2224 
5011 1670 1669 2019 
5012 1577 1888 2008 
5013 1537 1536 1538 
5014 654 653 655 
5015 1656 1652 1916 
5016 583 581 584 
5017 1652 1044 1733 
5018 613 615 616 
5019 1991 1994 2452 
5020 1367 1369 1372 
5021 873 874 3559 
5022 1268 1269 1270 
5023 440 442 443 
5024 496 497 498 
5025 1059 791 1060 
5026 2243 2241 2244 
5027 1222 1220 1223 
5028 1322 1324 1325 
5029 1244 1245 1246 
5030 2177 2176 2178 
5031 1767 1769 1771 
5032 2059 2500 2516 
5033 970 969 971 
5034 668 667 669 
5035 2100 1593 2264 
5036 551 553 1430 
5037 1779 1893 2062 
5038 752 751 753 
5039 555 557 577 
5040 591 589 592 
5041 687 1181 2333 
5042 1804 1822 1823 
5043 512 511 514 
5044 1722 1721 1723 
5045 1067 1069 2164 
5046 1244 1246 1247 
5047 1164 1168 1169 
5048 2195 2196 2545 
5049 472 473 474 
5050 685 683 686 
5051 1317 1320 3394 
5052 515 514 516 
5053 2132 2133 2134 
5054 1817 1818 1819 
5055 1734 1575 1824 
5056 748 747 749 
5057 2752 2737 2753 
5058 1140 1138 3359 
5059 1747 1745 1794 
5060 720 723 724 
5061 555 556 557 
5062 544 542 3294 
5063 1384 707 1798 
5064 2312 2313 3111 
5065 2113 2114 2564 
5066 2285 1805 2357 
5067 650 648 1407 
5068 504 503 505 
5069 625 626 627 
5070 484 485 486 
5071 652 653 654 
5072 1650 1651 1912 
5073 1470 1471 1659 
5074 823 847 850 
5075 3381 2316 4011 
5076 1214 1215 1216 
5077 647 648 649 
5078 647 645 648 
5079 830 822 831 
5080 904 905 906 
5081 1018 1017 1019 
5082 820 822 830 
5083 1721 1720 1729 
5084 559 1382 3468 
5085 1694 469 1800 
5086 884 883 885 
5087 1714 1713 1715 
5088 2217 2950 3904 
5089 603 605 606 
5090 460 458 821 
5091 1395 456 1966 
5092 679 680 682 
5093 985 986 987 
5094 946 948 949 
5095 736 737 738 
5096 549 548 550 
5097 787 788 798 
5098 1429 1635 1636 
5099 911 909 1441 
5100 1032 1036 1050 
5101 957 958 1468 
5102 855 3552 4058 
5103 930 927 931 
5104 746 1410 3717 
5105 765 766 767 
5106 2135 2133 2146 
5107 1311 1310 1312 
5108 1133 1134 1135 
5109 1655 1634 1870 
5110 451 454 470 
5111 939 937 940 
5112 440 441 442 
5113 946 945 947 
5114 806 799 807 
5115 1750 1752 1762 
5116 2360 1591 4036 
5117 1232 1234 1235 
5118 585 549 3863 
5119 1014 1015 1016 
5120 2242 2485 2486 
5121 1166 1607 3428 
5122 2198 2200 2214 
5123 1598 1599 1915 
5124 752 753 754 
5125 820 801 822 
5126 550 548 1456 
5127 2303 1578 2305 
5128 2116 2118 2119 
5129 845 846 1579 
5130 1344 1345 1346 
5131 1105 1106 3456 
5132 1214 1216 3434 
5133 550 1456 3600 
5134 569 568 570 
5135 510 511 512 
5136 1141 1140 1516 
5137 607 605 608 
5138 669 671 672 
5139 1445 1446 1595 
5140 1214 1212 1215 
5141 1400 1179 1401 
5142 776 775 793 
5143 1396 2099 2367 
5144 623 624 625 
5145 1779 1780 1893 
5146 1111 1544 3323 
5147 2052 1775 2583 
5148 2102 1799 2247 
5149 2696 2697 2698 
5150 617 615 618 
5151 832 818 833 
5152 2391 2336 2392 
5153 2315 2314 3335 
5154 976 974 977 
5155 600 1466 1612 
5156 744 745 746 
5157 1432 1684 1685 
5158 830 831 1510 
5159 2261 1735 3939 
5160 1000 1002 1003 
5161 2486 2496 3447 
5162 546 545 547 
5163 1894 1780 2603 
5164 563 562 564 
5165 1118 1120 1121 
5166 1932 1931 1933 
5167 1285 1284 1286 
5168 4223 1465 4275 
5169 1092 3048 3768 
5170 1252 1250 1253 
5171 1080 1081 1082 
5172 611 609 612 
5173 719 720 721 
5174 1705 1703 1707 
5175 1287 1288 1289 
5176 979 980 2348 
5177 3355 3150 3356 
5178 2328 2330 2331 
5179 873 871 874 
5180 439 437 3570 
5181 3478 3954 4114 
5182 894 895 896 
5183 1327 1326 1328 
5184 1243 1242 1244 
5185 1396 654 2099 
5186 2361 1704 3824 
5187 1403 1405 3167 
5188 739 737 802 
5189 3018 3017 3050 
5190 1160 1162 3602 
5191 1183 1184 1185 
5192 1093 1092 1094 
5193 761 763 764 
5194 932 931 933 
5195 2308 2307 2309 
5196 1553 1388 1778 
5197 494 493 495 
5198 2331 2784 2785 
5199 1272 1274 1275 
5200 736 738 1983 
5201 2208 2210 3082 
5202 1434 1435 1436 
5203 603 604 605 
5204 779 2281 2282 
5205 792 786 801 
5206 779 777 2280 
5207 1240 1239 1241 
5208 2129 2128 2148 
5209 1123 1124 1125 
5210 2767 2478 2884 
5211 1005 1010 1023 
5212 457 458 459 
5213 1023 1962 3735 
5214 1034 1054 1055 
5215 658 657 659 
5216 693 694 696 
5217 1089 1087 1113 
5218 1739 1738 1740 
5219 1564 1571 1923 
5220 2392 2336 2941 
5221 1190 1192 1193 
5222 1698 1697 1699 
5223 1748 1747 1749 
5224 1084 1083 1085 
5225 1138 1136 1877 
5226 1788 1789 1874 
5227 2101 1800 2637 
5228 2803 2777 2804 
5229 2771 2514 2872 
5230 1722 1723 1724 
5231 781 789 3884 
5232 3665 4273 4275 
5233 2039 2040 2041 
5234 4322 3912 4332 
5235 1371 1375 1647 
5236 1961 1917 2089 
5237 565 566 567 
5238 2371 2069 2888 
5239 875 877 878 
5240 573 574 575 
5241 1424 469 1694 
5242 1420 3266 3267 
5243 1252 1254 1255 
5244 696 694 697 
5245 2152 2151 2842 
5246 870 871 872 
5247 2177 2178 2765 
5248 1696 1695 2078 
5249 2248 2014 2491 
5250 2117 2115 2778 
5251 1564 1570 1571 
5252 484 483 485 
5253 1235 1355 2090 
5254 898 897 899 
5255 466 467 469 
5256 1236 1234 1237 
5257 1719 1721 1722 
5258 2719 3483 3484 
5259 1986 1985 2406 
5260 2531 2532 2533 
5261 467 468 701 
5262 1902 1178 1903 
5263 592 589 593 
5264 537 539 540 
5265 1710 1711 1712 
5266 2104 1821 2403 
5267 1879 1878 2054 
5268 500 501 502 
5269 925 924 929 
5270 886 887 888 
5271 771 772 777 
5272 1706 1709 1710 
5273 1082 1083 1084 
5274 2387 2957 4199 
5275 840 1524 1525 
5276 2804 2806 2843 
5277 912 914 1045 
5278 2734 2733 2735 
5279 768 767 769 
5280 1272 1270 1273 
5281 896 895 897 
5282 1398 1623 1676 
5283 1188 1187 1189 
5284 1583 1582 1634 
5285 1276 1278 1279 
5286 2034 2537 2694 
5287 2249 2250 2614 
5288 2425 2423 2668 
5289 1279 1278 1280 
5290 791 4209 4250 
5291 595 594 596 
5292 3504 2389 4111 
5293 1686 1593 2100 
5294 1271 1270 1272 
5295 2669 1209 3601 
5296 1010 1011 3882 
5297 463 462 465 
5298 1030 1031 1032 
5299 1367 1365 1368 
5300 734 731 735 
5301 1394 1188 3620 
5302 2262 3260 3261 
5303 1654 1653 1976 
5304 964 966 967 
5305 2718 2607 2719 
5306 767 766 774 
5307 2964 2963 2965 
5308 2762 2761 2795 
5309 1845 1860 2066 
5310 787 798 3247 
5311 1259 1258 1260 
5312 875 873 876 
5313 517 518 519 
5314 3440 727 3984 
5315 1608 1167 1803 
5316 1084 1086 1144 
5317 3587 3588 3613 
5318 1000 1001 1002 
5319 2070 2053 2502 
5320 1074 1073 1075 
5321 2414 2413 2415 
5322 2351 2353 2395 
5323 1727 1725 1728 
5324 1398 1397 1399 
5325 964 965 966 
5326 1899 2073 2318 
5327 663 661 664 
5328 1108 1107 1109 
5329 3213 3243 4253 
5330 3044 2949 3045 
5331 998 999 1000 
5332 2720 2721 2815 
5333 2024 1867 2025 
5334 1591 1592 1911 
5335 1276 1274 1277 
5336 1125 1127 1587 
5337 923 924 925 
5338 2190 2191 2192 
5339 4174 4175 4176 
5340 771 777 779 
5341 1344 1346 1352 
5342 1417 1416 1418 
5343 753 751 3722 
5344 1009 1038 1052 
5345 1349 1348 1350 
5346 1198 1197 1199 
5347 2031 2018 2462 
5348 1813 1203 1814 
5349 3410 3412 3413 
5350 1866 1852 1867 
5351 1991 1992 1994 
5352 1694 1800 2098 
5353 662 661 663 
5354 949 950 1464 
5355 803 743 4156 
5356 600 597 1466 
5357 673 674 675 
5358 1351 1363 1364 
5359 1438 1905 1960 
5360 2723 2588 2724 
5361 1028 1030 1463 
5362 756 755 757 
5363 1986 2407 2408 
5364 1552 1551 1842 
5365 690 689 691 
5366 1725 1723 1726 
5367 2472 1835 2473 
5368 1550 2034 2553 
5369 1411 706 1611 
5370 783 1413 2286 
5371 1339 1341 1343 
5372 884 885 886 
5373 529 531 532 
5374 1848 1847 2028 
5375 2184 1662 3561 
5376 2449 2450 2525 
5377 1280 1278 1281 
5378 3375 1787 3493 
5379 712 713 719 
5380 3303 3566 3932 
5381 2375 2166 2376 
5382 1259 1260 1354 
5383 908 907 909 
5384 1137 1139 1585 
5385 2416 2417 2418 
5386 588 1390 3660 
5387 1806 1170 1807 
5388 1102 1104 1105 
5389 964 962 965 
5390 2034 2033 2537 
5391 1933 1931 2180 
5392 1828 1827 2165 
5393 472 471 473 
5394 1285 1287 1361 
5395 1032 1050 1475 
5396 1013 1012 1442 
5397 3048 1091 3244 
5398 1298 1300 1301 
5399 1758 1760 1761 
5400 452 442 3575 
5401 1403 711 1404 
5402 3247 3327 3802 
5403 2946 1649 3074 
5404 1580 1731 1899 
5405 781 780 789 
5406 918 917 919 
5407 2765 2178 3162 
5408 2804 2805 2806 
5409 912 913 914 
5410 1624 1956 1957 
5411 1844 3653 3656 
5412 537 538 539 
5413 2004 1708 2046 
5414 681 674 1619 
5415 2751 2737 2752 
5416 2188 2187 2189 
5417 980 981 982 
5418 2217 2220 2950 
5419 1264 1265 1266 
5420 1612 1987 2383 
5421 1325 1326 1327 
5422 2734 2735 2736 
5423 1706 1705 1708 
5424 2645 1958 3720 
5425 2463 2464 2774 
5426 1112 1117 1118 
5427 1558 1559 1560 
5428 503 501 1646 
5429 1685 1684 2083 
5430 1785 1784 1786 
5431 529 530 531 
5432 613 614 615 
5433 2085 2087 2295 
5434 718 702 3934 
5435 1315 1314 1316 
5436 832 833 834 
5437 1756 1758 1759 
5438 1135 1134 1136 
5439 916 915 917 
5440 2431 2430 2432 
5441 852 1974 1975 
5442 1378 1213 1379 
5443 2206 2207 2208 
5444 2236 2235 2237 
5445 2622 2742 2744 
5446 489 487 700 
5447 1005 1004 1006 
5448 740 739 741 
5449 1547 1856 1857 
5450 1560 1559 1561 
5451 1581 1897 1898 
5452 854 826 1458 
5453 1881 2070 2292 
5454 1636 1890 1891 
5455 920 919 921 
5456 2210 2209 2211 
5457 1658 1989 2362 
5458 1176 1177 1630 
5459 1260 1261 1262 
5460 2249 1834 2250 
5461 506 507 508 
5462 2127 2128 2129 
5463 1371 1374 1375 
5464 888 889 890 
5465 1817 1819 2660 
5466 2080 1907 2544 
5467 3653 3654 3656 
5468 2106 1681 2110 
5469 1211 1210 1212 
5470 514 511 729 
5471 906 905 907 
5472 1918 2069 2371 
5473 1098 1101 1102 
5474 1095 1099 1115 
5475 933 931 934 
5476 1419 1417 1530 
5477 2192 2195 2677 
5478 1565 1566 1846 
5479 1869 1626 1875 
5480 3893 2268 3979 
5481 724 775 776 
5482 863 1557 1558 
5483 2378 2376 3474 
5484 2044 3317 3318 
5485 649 652 3844 
5486 2083 2546 3231 
5487 1160 1159 1162 
5488 1171 1460 3240 
5489 936 934 1958 
5490 947 945 1152 
5491 2237 2235 2610 
5492 2171 3376 4196 
5493 3022 2564 3059 
5494 2173 1661 2174 
5495 1217 1215 1450 
5496 1698 1700 1702 
5497 1710 1712 1963 
5498 761 762 763 
5499 1069 1070 1071 
5500 2527 2526 2528 
5501 1028 1029 1030 
5502 797 796 817 
5503 1071 1072 1073 
5504 1183 1185 1186 
5505 2527 2528 2529 
5506 2630 1639 2631 
5507 2212 2213 2217 
5508 928 913 3553 
5509 3123 3122 3124 
5510 1830 1964 1965 
5511 1672 1673 2026 
5512 1232 1233 1234 
5513 1750 1751 1752 
5514 1339 1337 1340 
5515 1452 1454 2626 
5516 733 731 734 
5517 2134 2133 2135 
5518 2322 2323 2324 
5519 1621 1641 1873 
5520 1339 1340 1341 
5521 712 719 784 
5522 3120 3119 3122 
5523 1711 1709 3832 
5524 2410 2412 3731 
5525 1389 1388 1553 
5526 2535 2681 2682 
5527 794 793 815 
5528 967 1035 1467 
5529 1075 1073 1076 
5530 1040 1037 1507 
5531 939 941 943 
5532 2192 2191 2193 
5533 2351 2352 2353 
5534 1551 1374 1858 
5535 1338 1337 1339 
5536 2365 2095 2554 
5537 915 913 928 
5538 1137 1136 1138 
5539 1109 1107 3618 
5540 1897 1579 3501 
5541 1305 1304 1306 
5542 476 475 477 
5543 992 991 1007 
5544 1571 1572 1573 
5545 472 474 1058 
5546 973 971 1056 
5547 893 1044 1455 
5548 1204 1206 1207 
5549 1425 1147 1526 
5550 2062 3414 3415 
5551 797 818 832 
5552 2309 2307 2310 
5553 2746 2072 2747 
5554 1422 1423 1910 
5555 3181 3183 3184 
5556 1948 3210 3211 
5557 2828 2501 2829 
5558 1947 2001 2339 
5559 884 886 1605 
5560 1308 1310 1311 
5561 1213 1212 1214 
5562 808 809 810 
5563 2255 2042 2278 
5564 623 625 3556 
5565 2262 2185 2604 
5566 762 837 3406 
5567 1573 1575 1734 
5568 1131 1133 1143 
5569 2595 1976 3408 
5570 585 3373 3992 
5571 2365 2554 2982 
5572 2492 2491 2763 
5573 907 905 1042 
5574 1061 1067 3378 
5575 2762 2795 2796 
5576 1224 1226 1227 
5577 2375 2376 2377 
5578 1308 1309 1310 
5579 875 876 877 
5580 3120 3122 3123 
5581 2347 2344 3586 
5582 1442 1950 1951 
5583 2440 2393 2441 
5584 448 1793 3839 
5585 1863 1968 2010 
5586 1702 1700 1703 
5587 1809 1810 2666 
5588 1620 1784 1785 
5589 2433 2449 2703 
5590 913 911 3553 
5591 1095 1094 1096 
5592 898 900 1046 
5593 2904 2905 3009 
5594 2048 2045 2824 
5595 1102 1103 1104 
5596 1397 876 3559 
5597 975 974 976 
5598 1840 1839 2454 
5599 917 3681 3922 
5600 1880 1549 1882 
5601 1752 1753 1754 
5602 815 793 816 
5603 1041 1766 1767 
5604 1090 1089 1091 
5605 1966 456 2596 
5606 1981 2385 2523 
5607 2116 2115 2117 
5608 880 881 882 
5609 1633 2018 2031 
5610 1156 1157 1158 
5611 1899 1731 1900 
5612 1295 1294 1296 
5613 2105 2106 2107 
5614 2832 2833 2835 
5615 1968 3701 3955 
5616 2190 2189 2191 
5617 1313 1312 1314 
5618 1168 1178 1902 
5619 1262 1263 1264 
5620 1452 1451 1453 
5621 1525 1583 3801 
5622 1788 1874 2373 
5623 2204 2205 2206 
5624 3470 1397 3559 
5625 1682 1907 2080 
5626 811 805 839 
5627 730 718 731 
5628 1672 1530 1673 
5629 2331 2330 2783 
5630 638 639 3418 
5631 2422 2421 2423 
5632 2529 2530 2531 
5633 2328 2325 2329 
5634 2167 1953 2168 
5635 770 757 3505 
5636 1579 1580 3501 
5637 828 827 862 
5638 1744 1743 1745 
5639 1975 1974 3322 
5640 692 552 3600 
5641 696 715 3840 
5642 1624 1054 1956 
5643 1997 1995 1998 
5644 1129 1130 1131 
5645 1436 1438 1970 
5646 2328 2329 2330 
5647 1398 1399 1623 
5648 1264 1266 1267 
5649 2287 2288 2289 
5650 595 2589 3838 
5651 1934 2267 3898 
5652 1944 1945 2639 
5653 3559 874 3560 
5654 1317 1319 1320 
5655 3758 2007 3928 
5656 940 937 3825 
5657 1902 1903 2076 
5658 1201 1200 1202 
5659 958 959 960 
5660 1887 1980 1981 
5661 963 962 964 
5662 3885 3646 4008 
5663 1025 1026 1027 
5664 1804 1803 1822 
5665 1589 1404 1590 
5666 2625 3456 4071 
5667 954 955 956 
5668 2456 2097 2611 
5669 2109 2113 3582 
5670 1507 1037 3733 
5671 1811 1366 2543 
5672 2602 2812 2813 
5673 2101 2637 2638 
5674 789 780 2272 
5675 691 689 695 
5676 834 835 836 
5677 1380 1379 1381 
5678 1767 1766 1768 
5679 2379 1968 3955 
5680 1323 1697 1698 
5681 2043 2042 2255 
5682 2064 2497 2671 
5683 893 894 1044 
5684 1686 2426 2427 
5685 631 630 3590 
5686 1887 1981 2503 
5687 2301 3251 3373 
5688 1612 1831 1987 
5689 897 895 1509 
5690 1358 1540 1554 
5691 3161 3160 4092 
5692 2076 2077 2539 
5693 1804 1823 3963 
5694 2245 2244 2246 
5695 1869 2059 2480 
5696 2039 2041 2044 
5697 1475 3647 3799 
5698 3042 3041 3103 
5699 926 925 927 
5700 1629 1628 2013 
5701 3661 3556 4028 
5702 1714 1715 1717 
5703 2282 2283 2368 
5704 1061 1060 1062 
5705 3126 3124 3127 
5706 1607 1695 1696 
5707 2726 2727 2728 
5708 2398 1979 2401 
5709 2111 2702 2880 
5710 1420 3267 3982 
5711 438 439 440 
5712 801 786 3778 
5713 1595 1692 1917 
5714 1887 1801 1980 
5715 1316 1314 1318 
5716 1214 3434 3854 
5717 2010 2760 3763 
5718 2055 2054 3724 
5719 900 901 902 
5720 954 956 957 
5721 1009 997 1038 
5722 2142 2141 2143 
5723 2285 2357 2647 
5724 1696 2599 3622 
5725 2960 2959 2961 
5726 543 546 3509 
5727 2547 2092 2943 
5728 636 1431 1469 
5729 1618 1839 1840 
5730 3711 2008 4108 
5731 1298 1299 1300 
5732 2976 2975 2977 
5733 2339 2001 2340 
5734 3035 2495 3036 
5735 1867 1852 2359 
5736 2160 1905 2161 
5737 2462 2764 2854 
5738 1685 2084 2085 
5739 1603 1604 1776 
5740 2513 3138 4215 
5741 2412 2413 2414 
5742 2491 2014 2510 
5743 2662 3711 4108 
5744 2442 2441 2443 
5745 1346 1348 1349 
5746 2225 2223 2226 
5747 1014 1013 1015 
5748 832 834 2170 
5749 2010 1968 2379 
5750 1125 1126 1127 
5751 2081 2695 2696 
5752 595 1151 2589 
5753 944 945 946 
5754 2451 2340 2453 
5755 1552 1843 1844 
5756 1162 1159 1165 
5757 2246 2244 2314 
5758 1547 1857 3552 
5759 2713 2714 2898 
5760 1429 1565 1635 
5761 2650 1966 3524 
5762 1809 1727 1810 
5763 2212 2211 2213 
5764 1408 1407 1409 
5765 2395 2396 2661 
5766 3340 1182 3995 
5767 1366 1365 1367 
5768 1990 1409 1991 
5769 1890 2467 2483 
5770 1429 1636 3933 
5771 2326 2325 2328 
5772 441 1395 3575 
5773 1025 1027 1028 
5774 1204 1205 1206 
5775 1688 1590 1820 
5776 518 1806 3685 
5777 1252 1253 1254 
5778 2476 2475 2761 
5779 1657 1049 1830 
5780 1813 1814 3627 
5781 2729 2740 3206 
5782 1597 3069 3808 
5783 2220 2221 2222 
5784 2321 2570 3051 
5785 1224 1225 1226 
5786 1062 1060 1063 
5787 1895 1896 2029 
5788 1067 1064 1068 
5789 1413 1414 1415 
5790 1601 1381 1919 
5791 2748 2746 2810 
5792 2022 2023 2493 
5793 1785 2022 2468 
5794 2036 2025 2037 
5795 2463 2363 2464 
5796 946 949 3830 
5797 2083 1684 2086 
5798 850 1577 2294 
5799 1789 1787 3375 
5800 1849 2005 2061 
5801 2158 2159 2808 
5802 2575 1901 2576 
5803 1536 1516 1862 
5804 2631 2632 2633 
5805 805 799 806 
5806 2004 2704 2705 
5807 825 816 826 
5808 1350 1348 1373 
5809 2525 2450 2526 
5810 1831 2182 2183 
5811 1424 2269 3769 
5812 2073 2074 2908 
5813 949 1464 1658 
5814 2234 2235 2236 
5815 2251 3107 3312 
5816 1509 895 3625 
5817 2622 1765 2623 
5818 3198 3196 3199 
5819 862 827 1522 
5820 4190 3601 4203 
5821 1625 1521 1626 
5822 878 880 1597 
5823 2420 2421 2422 
5824 1960 1905 2160 
5825 2762 3268 3551 
5826 1740 1741 1742 
5827 1058 474 3547 
5828 2024 2025 2036 
5829 1040 1643 3953 
5830 2674 2264 3389 
5831 2265 2270 3099 
5832 863 1556 1557 
5833 2036 3039 3040 
5834 2080 2544 2945 
5835 2174 1661 2435 
5836 1172 1924 3423 
5837 1381 1379 1955 
5838 2574 2572 3064 
5839 985 984 986 
5840 1525 1582 1583 
5841 1068 1064 1462 
5842 938 937 939 
5843 1048 920 1049 
5844 1527 1526 1863 
5845 518 1170 1806 
5846 2344 1632 2346 
5847 2165 1827 2354 
5848 1690 1654 3870 
5849 1895 1556 1896 
5850 2766 2501 2828 
5851 1522 827 3715 
5852 1769 1770 2038 
5853 2289 2290 2475 
5854 1642 1851 1886 
5855 1962 1999 2342 
5856 2506 2754 3789 
5857 1920 2577 3097 
5858 2256 2258 2481 
5859 1938 1939 1940 
5860 2512 2513 2710 
5861 1438 1960 3696 
5862 625 628 3556 
5863 2196 2197 2198 
5864 1628 1174 4055 
5865 1549 1066 1610 
5866 1553 1778 1779 
5867 2183 2182 2428 
5868 1189 1187 3519 
5869 2500 2501 2766 
5870 1611 706 1833 
5871 1007 991 1033 
5872 2321 2322 2570 
5873 1562 1561 1563 
5874 2493 2023 2592 
5875 1241 1239 1359 
5876 1879 2054 2055 
5877 2462 2018 2764 
5878 1051 1024 2393 
5879 1377 1376 1664 
5880 1991 1409 1992 
5881 2731 3337 4002 
5882 1220 1218 3605 
5883 1948 3211 3892 
5884 614 1153 1457 
5885 2602 2397 2811 
5886 2061 2758 2874 
5887 1171 668 1459 
5888 2996 2558 2997 
5889 2729 3206 3669 
5890 1514 1855 2369 
5891 1103 1421 3913 
5892 2856 2598 3077 
5893 3335 2314 3827 
5894 3359 3360 3362 
5895 1965 2405 4231 
5896 2520 2016 2676 
5897 1972 1807 2079 
5898 540 1385 1948 
5899 985 987 1470 
5900 2637 1800 3719 
5901 1328 1326 1426 
5902 634 631 3590 
5903 1540 1787 1788 
5904 2719 2607 3482 
5905 2728 2730 2731 
5906 2433 2448 2449 
5907 2990 2557 3020 
5908 931 927 3720 
5909 1390 1391 1392 
5910 3262 2319 3821 
5911 2085 2295 3637 
5912 2096 2097 2455 
5913 2114 2115 2116 
5914 2148 2801 2802 
5915 1924 1175 1925 
5916 2680 1989 3737 
5917 1743 1927 3805 
5918 1756 1755 1757 
5919 2389 3504 3817 
5920 2138 2137 2139 
5921 1889 1545 2176 
5922 1412 478 3619 
5923 2107 2108 2109 
5924 1796 1908 1909 
5925 908 1461 3531 
5926 1666 1665 2015 
5927 1080 1079 1081 
5928 1472 664 1615 
5929 1432 1142 1684 
5930 1654 1976 2594 
5931 1517 1516 1536 
5932 1796 1795 1797 
5933 2305 3323 3920 
5934 2788 2787 2948 
5935 3197 3196 3198 
5936 1719 1720 1721 
5937 1757 1755 3450 
5938 1072 1545 1640 
5939 917 915 3681 
5940 2082 2078 3263 
5941 2204 2203 2205 
5942 2585 2584 2586 
5943 2698 2786 2787 
5944 2335 1972 2336 
5945 2958 2086 2959 
5946 2745 2072 2746 
5947 4025 928 4145 
5948 3522 4392 4393 
5949 3184 3183 3185 
5950 2470 2715 2864 
5951 848 849 851 
5952 1177 1628 1629 
5953 869 725 3296 
5954 2225 2226 2227 
5955 2901 2521 2902 
5956 1675 1677 1678 
5957 3993 1336 4075 
5958 2265 3099 3308 
5959 1436 1437 1438 
5960 1871 1872 1884 
5961 1351 1362 1363 
5962 1768 1766 2619 
5963 3503 3989 4073 
5964 2039 1770 2040 
5965 1099 1096 3813 
5966 3242 3311 4057 
5967 2486 2485 2495 
5968 2395 2353 2396 
5969 1938 1940 2312 
5970 2982 2554 2998 
5971 3151 2590 3152 
5972 3504 4111 4172 
5973 2351 2395 3645 
5974 2385 4061 4140 
5975 2830 2831 2832 
5976 848 851 860 
5977 1408 1993 3374 
5978 868 725 869 
5979 853 826 854 
5980 827 820 3715 
5981 3425 3424 3906 
5982 2640 2641 3248 
5983 2259 2257 3339 
5984 1604 1901 2575 
5985 1936 1937 1938 
5986 552 550 3600 
5987 1845 2066 2067 
5988 1592 1593 1686 
5989 2385 1980 3999 
5990 2140 2139 2141 
5991 2445 1997 2446 
5992 1548 1066 1549 
5993 3179 3180 3181 
5994 1885 2308 4074 
5995 3389 2264 3683 
5996 2240 2241 2242 
5997 2177 2769 3577 
5998 1415 1419 3983 
5999 3299 1926 3300 
6000 2075 1969 2298 
6001 1675 1678 1944 
6002 2139 2137 2147 
6003 1383 1667 1668 
6004 2269 2567 3094 
6005 1022 3518 3926 
6006 1199 1197 1357 
6007 2029 2488 2793 
6008 1737 1735 2261 
6009 2499 2032 2540 
6010 1172 858 1173 
6011 3638 2618 3829 
6012 1631 1849 1850 
6013 2327 2571 2572 
6014 1595 1917 1961 
6015 1682 1689 1907 
6016 480 477 4007 
6017 2061 2874 2875 
6018 2601 2397 2602 
6019 2343 1632 2344 
6020 1680 2181 3538 
6021 2728 2731 4002 
6022 2519 2016 2520 
6023 3806 1449 3956 
6024 3271 2035 3677 
6025 2502 2053 2839 
6026 1774 1775 2051 
6027 1971 1807 1972 
6028 2239 2238 2625 
6029 2470 2275 2471 
6030 3441 3440 3629 
6031 3116 3780 4051 
6032 1120 1578 2302 
6033 1176 1631 3676 
6034 1663 2009 2017 
6035 1856 2003 2012 
6036 1014 1016 3494 
6037 1422 1910 2374 
6038 2775 2776 2777 
6039 2443 2441 2444 
6040 2711 2712 2713 
6041 1863 1526 1968 
6042 1569 1644 1669 
6043 513 1791 1792 
6044 3673 2652 3964 
6045 1843 1876 1906 
6046 1701 2163 3029 
6047 1626 1521 1777 
6048 2964 2965 2967 
6049 1289 1433 3642 
6050 4266 2968 4269 
6051 2888 2069 2890 
6052 2021 2020 2514 
6053 3524 2642 3963 
6054 1038 997 3792 
6055 1957 2606 2607 
6056 2381 2380 2664 
6057 2105 2107 3075 
6058 4033 1605 4170 
6059 1173 858 1174 
6060 2687 1660 3623 
6061 2004 2046 2704 
6062 2654 2089 2656 
6063 2782 2781 2845 
6064 2057 2064 2065 
6065 850 1576 1577 
6066 1469 2389 3817 
6067 2589 3705 3838 
6068 1407 4047 4073 
6069 2111 2108 2702 
6070 3822 2756 3823 
6071 1454 1594 1687 
6072 2175 2174 2459 
6073 1218 2616 3605 
6074 2507 2315 2508 
6075 1561 1559 2007 
6076 3512 3513 3514 
6077 1840 4247 4262 
6078 2678 2276 3070 
6079 1798 1799 2102 
6080 3384 2280 3802 
6081 1392 1586 1826 
6082 2387 4071 4077 
6083 2483 2467 2850 
6084 2586 2584 2587 
6085 1885 2307 2308 
6086 1867 2359 3946 
6087 2370 2560 3015 
6088 1638 1773 1774 
6089 2070 2502 3368 
6090 1820 1590 1973 
6091 2165 2354 2550 
6092 1009 1052 1946 
6093 2835 2833 3237 
6094 2602 2813 3608 
6095 1934 1933 1935 
6096 1913 1912 2556 
6097 2028 1847 2478 
6098 1714 1717 1815 
6099 845 1579 1581 
6100 1664 1376 1808 
6101 2225 2227 2229 
6102 3391 2334 3392 
6103 1920 1859 2049 
6104 1576 847 3709 
6105 2282 2368 2643 
6106 4205 2668 4221 
6107 2098 3018 3463 
6108 981 978 3473 
6109 2013 1628 2363 
6110 1009 1946 3816 
6111 2526 2450 2684 
6112 2208 2209 2210 
6113 2262 2604 3260 
6114 2299 2505 2506 
6115 1602 1821 2103 
6116 2015 1665 2016 
6117 2511 2598 2856 
6118 2057 2063 2064 
6119 1962 2342 2635 
6120 3319 593 3806 
6121 2120 2121 2122 
6122 3014 2569 3390 
6123 2089 1917 2937 
6124 2104 2403 2569 
6125 2145 2144 2149 
6126 3201 2642 3974 
6127 2037 2025 2388 
6128 1873 2060 3861 
6129 1514 1853 1855 
6130 1417 1418 3707 
6131 906 908 3531 
6132 1442 1951 3218 
6133 3794 993 3816 
6134 2276 586 3648 
6135 4032 1955 4043 
6136 965 3770 4078 
6137 1581 1898 2648 
6138 3224 1462 3386 
6139 2539 2922 2931 
6140 2711 2298 2712 
6141 1651 1954 2091 
6142 2229 2230 2438 
6143 1913 2558 2559 
6144 1774 2051 2490 
6145 2256 2257 2258 
6146 1241 1443 3800 
6147 2465 2305 2466 
6148 1550 2033 2034 
6149 1569 1669 1670 
6150 513 1792 2555 
6151 3657 1331 4138 
6152 1881 2053 2070 
6153 3283 3425 3957 
6154 2958 2959 2960 
6155 2204 2206 2215 
6156 1449 2678 3956 
6157 1952 1683 1953 
6158 2093 1914 2565 
6159 1915 3549 4242 
6160 2120 2122 2123 
6161 3171 3224 3386 
6162 2974 2975 2976 
6163 591 592 3838 
6164 4032 3013 4118 
6165 2223 2221 3604 
6166 2054 2504 2840 
6167 1312 3859 3900 
6168 1902 2076 2355 
6169 1052 1038 3372 
6170 1602 2103 2265 
6171 2169 2168 2552 
6172 2200 2201 2202 
6173 2340 2001 2457 
6174 446 444 3678 
6175 479 482 3619 
6176 1643 1642 3944 
6177 2416 2415 2417 
6178 3644 2639 4068 
6179 2090 1355 3003 
6180 2010 2706 2760 
6181 2643 2368 2657 
6182 2153 2152 2154 
6183 1006 1004 3520 
6184 2577 2578 3320 
6185 2542 2821 2822 
6186 2902 2521 3952 
6187 1629 2248 3597 
6188 3268 3333 3551 
6189 3980 2661 4192 
6190 2049 1859 2050 
6191 3761 2668 4239 
6192 2666 3948 4101 
6193 3393 3392 3864 
6194 2566 2126 3010 
6195 1014 3494 3882 
6196 2249 2614 3445 
6197 1838 1837 2447 
6198 442 441 3575 
6199 789 2274 3884 
6200 936 1959 3825 
6201 871 869 3875 
6202 2339 2451 4035 
6203 2477 2770 2826 
6204 1861 3420 3949 
6205 3115 3113 3121 
6206 2143 2141 2144 
6207 3395 3535 3536 
6208 3539 2181 3541 
6209 2156 3635 3636 
6210 2295 2296 2387 
6211 2047 2157 2158 
6212 960 963 3688 
6213 2226 2223 3604 
6214 2067 2541 2542 
6215 3118 3117 3119 
6216 1691 1985 1986 
6217 2728 2729 2730 
6218 2741 3670 3671 
6219 2380 1979 2398 
6220 1383 1668 2366 
6221 2240 2242 3525 
6222 2490 2700 2897 
6223 4357 2348 4363 
6224 2698 2787 2788 
6225 1257 3146 3819 
6226 2134 2136 3635 
6227 2738 2733 3669 
6228 3335 1959 3564 
6229 1799 707 3765 
6230 929 1040 3953 
6231 2286 3644 4068 
6232 1830 1049 1964 
6233 2621 1765 2622 
6234 2271 2032 2499 
6235 494 496 3945 
6236 464 463 3769 
6237 576 574 3665 
6238 438 437 439 
6239 2266 693 3840 
6240 2308 3329 3330 
6241 2640 3248 3249 
6242 3742 2619 3743 
6243 2375 2377 4089 
6244 2633 2798 2817 
6245 1081 1079 3982 
6246 564 562 4087 
6247 2624 3344 4049 
6248 1885 2306 2307 
6249 3289 3698 3722 
6250 2969 2968 2970 
6251 1118 1122 3829 
6252 2156 2134 3635 
6253 3731 1045 4106 
6254 1938 2312 4120 
6255 2186 1824 2279 
6256 2030 1967 2662 
6257 1793 3111 4095 
6258 2163 1699 3379 
6259 3745 2616 3833 
6260 1626 1777 3663 
6261 3185 3183 3188 
6262 2522 2521 2901 
6263 3166 2414 3907 
6264 2830 2832 2836 
6265 3019 2436 3031 
6266 4067 3249 4188 
6267 2254 3340 3341 
6268 544 3294 4264 
6269 789 2273 2274 
6270 469 467 3719 
6271 2631 2633 3204 
6272 2247 1799 2624 
6273 2388 2025 3946 
6274 2522 2903 2904 
6275 2105 1681 2106 
6276 2287 1362 2288 
6277 1965 4228 4257 
6278 1853 1513 3615 
6279 2477 2311 2597 
6280 3551 1529 3873 
6281 1439 3246 4143 
6282 2428 2182 3319 
6283 984 983 3349 
6284 1416 1414 3939 
6285 1980 2646 3999 
6286 2480 3400 3401 
6287 2085 3637 3638 
6288 3742 1022 3926 
6289 706 624 3779 
6290 2627 2628 3288 
6291 2513 3133 3138 
6292 2719 3482 3483 
6293 1895 2029 2524 
6294 863 1558 3909 
6295 3653 2551 3654 
6296 2580 2425 2581 
6297 2426 2100 3302 
6298 1399 1397 3470 
6299 2799 2046 2800 
6300 2254 3341 3342 
6301 4017 1826 4099 
6302 3532 1085 3611 
6303 1871 1884 2498 
6304 2835 3237 3594 
6305 3478 806 3954 
6306 1953 1683 2088 
6307 2624 1799 3765 
6308 2375 4089 4099 
6309 1930 1932 3962 
6310 888 890 3807 
6311 2416 2418 3073 
6312 683 680 3687 
6313 3814 1142 3846 
6314 1969 2171 4101 
6315 3041 2247 3069 
6316 3065 2576 3066 
6317 1781 3486 3550 
6318 2123 2566 4100 
6319 1907 1689 3506 
6320 2804 2777 2805 
6321 1069 1071 3725 
6322 874 871 3875 
6323 3623 1660 4035 
6324 3676 1631 3821 
6325 2514 2020 2515 
6326 3444 2267 3576 
6327 2185 1824 2186 
6328 1145 1010 3882 
6329 1098 1102 3797 
6330 764 3646 3885 
6331 2299 2506 3835 
6332 923 926 3964 
6333 2984 2161 3609 
6334 2552 2168 2955 
6335 2006 3755 3756 
6336 1957 2607 2608 
6337 2229 2438 2993 
6338 3698 753 3722 
6339 1202 1200 4085 
6340 2653 2603 3230 
6341 2755 2494 2792 
6342 3770 2369 4078 
6343 1029 1027 3595 
6344 2149 2144 2518 
6345 1944 3644 4038 
6346 1154 492 3872 
6347 3504 640 3817 
6348 532 1445 3810 
6349 1521 842 3932 
6350 1944 2639 3644 
6351 671 670 3767 
6352 2790 3109 3110 
6353 3046 3044 3047 
6354 2313 3172 3175 
6355 3181 3182 3183 
6356 1455 2649 3807 
6357 2615 3169 4076 
6358 2833 2834 4058 
6359 1210 2404 3862 
6360 3916 1318 4117 
6361 3926 3518 3985 
6362 2634 2384 3282 
6363 2333 3563 4181 
6364 478 479 3619 
6365 1778 3591 3745 
6366 785 1783 3630 
6367 3328 1426 3657 
6368 4054 857 4132 
6369 475 3220 4007 
6370 1995 1992 3989 
6371 1450 1215 3862 
6372 2104 2569 3014 
6373 1195 3304 3706 
6374 1407 648 4047 
6375 1427 1429 3933 
6376 1420 3265 3266 
6377 765 768 3726 
6378 2341 4008 4029 
6379 3637 2618 3638 
6380 2288 1362 3708 
6381 1544 3618 4013 
6382 774 1781 3550 
6383 620 1403 3641 
6384 2562 1907 3506 
6385 3651 1850 4091 
6386 3732 684 4248 
6387 3370 803 4201 
6388 1836 1399 3470 
6389 2261 3939 4011 
6390 3764 922 3922 
6391 3119 3117 3452 
6392 1161 1164 3666 
6393 3373 3251 3992 
6394 2122 2125 3453 
6395 3761 556 4221 
6396 2412 3166 3731 
6397 1802 3497 3935 
6398 1609 4148 4169 
6399 3027 2574 3028 
6400 566 684 3732 
6401 2228 3222 3253 
6402 3148 3149 3925 
6403 3830 2362 3927 
6404 707 536 3765 
6405 1753 1802 3736 
6406 674 671 3767 
6407 3585 952 3941 
6408 1028 1463 3866 
6409 523 525 3680 
6410 2540 3836 3837 
6411 2267 3444 3898 
6412 3303 3565 3566 
6413 1113 1087 3532 
6414 2733 2730 3669 
6415 2658 3157 4216 
6416 3505 759 3885 
6417 837 3699 3975 
6418 1017 1022 3742 
6419 1809 2666 2667 
6420 2301 3526 3760 
6421 1149 1622 3527 
6422 1319 1316 3916 
6423 2948 2787 2949 
6424 909 907 3740 
6425 2331 2785 3589 
6426 2119 2120 4100 
6427 3861 2060 4215 
6428 3636 3635 3994 
6429 2289 2475 2476 
6430 773 3355 3357 
6431 519 518 3685 
6432 1112 1118 3829 
6433 1098 3797 3813 
6434 2476 3551 3873 
6435 1785 2468 3951 
6436 810 819 3624 
6437 1929 2627 3787 
6438 3603 1528 3780 
6439 539 538 3890 
6440 1801 1056 3781 
6441 3509 546 3809 
6442 2462 2854 2917 
6443 1636 2350 3933 
6444 778 787 3970 
6445 2408 2410 4106 
6446 1793 446 3678 
6447 3865 4302 4307 
6448 542 539 3890 
6449 3875 2629 4088 
6450 732 3593 3776 
6451 2337 2645 3747 
6452 1461 910 3496 
6453 3263 2078 3264 
6454 3314 2611 3315 
6455 2326 2328 3589 
6456 1803 1167 3828 
6457 1850 1849 4091 
6458 1065 3869 3899 
6459 3288 3289 3722 
6460 522 519 3685 
6461 1008 3527 3528 
6462 694 3427 3990 
6463 643 646 4052 
6464 3936 726 3981 
6465 3211 3815 4022 
6466 3450 1755 3736 
6467 3516 3872 3945 
6468 2272 780 3766 
6469 3501 2318 3952 
6470 1619 674 3767 
6471 3918 3312 4064 
6472 3397 3398 3399 
6473 1465 576 3665 
6474 2984 3609 3610 
6475 3710 2646 3781 
6476 2188 2194 3315 
6477 2850 2467 2851 
6478 969 3710 3781 
6479 486 728 3693 
6480 3594 1857 3822 
6481 2047 2158 2823 
6482 2608 4135 4165 
6483 1590 1404 3662 
6484 697 694 3990 
6485 3856 2294 4114 
6486 2317 3100 3101 
6487 1058 3547 4068 
6488 2231 3088 3089 
6489 2212 2217 3904 
6490 3070 2644 4224 
6491 2571 3589 3917 
6492 1050 1053 3652 
6493 886 888 4050 
6494 2550 2942 3023 
6495 2263 1150 3488 
6496 2251 3312 3918 
6497 2434 2237 3692 
6498 1788 2373 4000 
6499 2628 3454 3975 
6500 1881 2292 3869 
6501 812 823 3856 
6502 2325 2323 3689 
6503 2148 2802 2900 
6504 3095 2163 3379 
6505 3438 1921 4031 
6506 1182 1180 3995 
6507 2606 1956 4130 
6508 1211 1378 4124 
6509 3445 630 3658 
6510 1583 1942 3801 
6511 1290 1332 3915 
6512 3242 4057 4105 
6513 3324 2619 3926 
6514 2131 2129 4046 
6515 4069 1668 4131 
6516 2496 3035 3931 
6517 1779 2062 4040 
6518 3346 2361 3347 
6519 966 965 3710 
6520 1025 1028 3866 
6521 3555 2360 4141 
6522 1837 1431 3446 
6523 2659 3660 4017 
6524 1019 1017 3742 
6525 3659 1249 4116 
6526 2164 1069 3725 
6527 3354 3150 3355 
6528 2428 3319 3956 
6529 773 3354 3355 
6530 2291 2288 3708 
6531 680 1474 3687 
6532 1654 2594 3870 
6533 2963 2961 4154 
6534 3254 2634 4133 
6535 3846 1587 4137 
6536 1154 3872 4065 
6537 721 720 3957 
6538 1800 469 3719 
6539 1947 2339 3650 
6540 3518 2278 3985 
6541 1897 3501 3952 
6542 2726 2728 4002 
6543 2882 2504 3462 
6544 2790 3108 3109 
6545 3266 3265 3489 
6546 1846 1566 4018 
6547 2664 3916 4117 
6548 2312 3111 4004 
6549 1446 709 3815 
6550 1573 1734 3684 
6551 1921 3967 4031 
6552 828 863 3909 
6553 1589 1688 4012 
6554 3431 3432 4131 
6555 3297 984 3349 
6556 1463 1030 3799 
6557 1777 1521 3932 
6558 2646 1801 3781 
6559 1242 1241 3800 
6560 644 3502 3503 
6561 2132 2156 4123 
6562 1910 1423 3674 
6563 1729 1720 3976 
6564 1694 2098 3463 
6565 1024 1025 3866 
6566 2618 1112 3829 
6567 977 3868 3887 
6568 1087 1085 3532 
6569 2942 2354 3958 
6570 1772 3626 3934 
6571 2451 3623 4035 
6572 788 781 3884 
6573 978 977 3473 
6574 524 522 4062 
6575 669 672 3702 
6576 3423 1924 3424 
6577 1089 1113 3848 
6578 4286 3568 4287 
6579 2346 1632 3951 
6580 2615 3168 3169 
6581 2747 2072 3615 
6582 1426 1326 3657 
6583 3881 2615 4076 
6584 1609 3778 4029 
6585 2384 2285 3679 
6586 2669 4208 4241 
6587 3410 3413 3973 
6588 1185 1191 3771 
6589 2235 2233 3631 
6590 3002 3001 4090 
6591 1543 1029 3595 
6592 3274 2261 4011 
6593 3589 2785 3917 
6594 1142 1123 3846 
6595 1665 1511 4072 
6596 772 769 3766 
6597 967 1467 3700 
6598 2285 2647 3679 
6599 842 3303 3932 
6600 1791 480 4007 
6601 1310 1323 3859 
6602 2194 3314 3315 
6603 1813 3627 3874 
6604 3616 1427 3933 
6605 3904 2950 3991 
6606 894 896 3578 
6607 2572 2571 3728 
6608 2610 3632 3871 
6609 2712 2298 3948 
6610 2265 3308 4121 
6611 3425 3283 3426 
6612 1044 894 3578 
6613 3905 2251 3918 
6614 2341 3505 4008 
6615 3367 3949 3950 
6616 1401 1179 3683 
6617 3145 2310 3818 
6618 2000 1052 3372 
6619 1959 2337 3564 
6620 1683 1589 4012 
6621 1720 2254 3976 
6622 2662 1967 4119 
6623 1723 1721 4045 
6624 2895 2466 3901 
6625 1371 1647 3672 
6626 614 1457 3640 
6627 3146 3145 3818 
6628 1372 1369 3672 
6629 1104 1103 3913 
6630 831 1609 4169 
6631 2610 3871 4102 
6632 3174 3217 4186 
6633 2024 2036 3851 
6634 533 535 4022 
6635 3067 2576 3773 
6636 621 623 3661 
6637 1365 1363 3796 
6638 1292 1290 3915 
6639 1833 3613 4044 
6640 2036 3040 3851 
6641 2941 2336 3996 
6642 3404 1145 3882 
6643 3493 1194 3749 
6644 3645 3993 4075 
6645 1988 1614 3652 
6646 1782 459 3471 
6647 1823 1930 3963 
6648 3526 3092 3760 
6649 1643 3747 3953 
6650 754 756 3630 
6651 3548 940 3827 
6652 1716 1711 3832 
6653 1673 1530 3707 
6654 3942 3203 3943 
6655 506 508 3774 
6656 2466 2305 3920 
6657 4210 3834 4241 
6658 1833 706 3779 
6659 2126 2127 4060 
6660 733 1059 3448 
6661 1102 1105 3797 
6662 618 615 3640 
6663 1045 3214 4106 
6664 951 948 3937 
6665 771 779 3738 
6666 2295 2387 4077 
6667 1140 3359 3966 
6668 1152 3548 3826 
6669 1261 1258 4001 
6670 1854 1554 4000 
6671 3701 3473 3887 
6672 3635 2394 3994 
6673 2231 3089 3090 
6674 3723 788 3884 
6675 822 801 3778 
6676 1100 1081 3982 
6677 3772 4034 4107 
6678 1180 3558 3995 
6679 4155 3530 4185 
6680 755 753 3698 
6681 3525 1505 3937 
6682 2701 2024 3851 
6683 710 558 3761 
6684 1021 1019 3743 
6685 3814 3846 4137 
6686 661 660 3803 
6687 2953 4356 4370 
6688 1664 1871 4097 
6689 1186 1394 3563 
6690 1341 1340 4192 
6691 1367 1372 3633 
6692 1884 1885 4074 
6693 1708 1705 3850 
6694 2382 2378 4037 
6695 627 626 3658 
6696 3361 1877 3965 
6697 1817 2660 3947 
6698 3217 4159 4186 
6699 3444 2650 3898 
6700 3679 2647 3774 
6701 1505 951 3937 
6702 3131 3025 4218 
6703 2354 1827 3667 
6704 2293 2070 3368 
6705 1827 1586 3667 
6706 3276 3370 4201 
6707 2629 2335 4088 
6708 1772 468 3718 
6709 2543 1366 3633 
6710 3538 2181 3539 
6711 3785 1862 3987 
6712 711 621 3661 
6713 1530 1417 3707 
6714 1821 1601 4166 
6715 594 593 3686 
6716 926 3673 3964 
6717 2060 2807 3790 
6718 1361 1287 3642 
6719 2328 2331 3589 
6720 3556 3555 4028 
6721 2254 3342 3976 
6722 506 3774 3977 
6723 3287 3042 4033 
6724 3068 3938 4001 
6725 1245 1242 3800 
6726 1614 1050 3652 
6727 4246 3732 4248 
6728 4047 3503 4073 
6729 2439 3585 3912 
6730 3054 3028 4059 
6731 888 3807 4050 
6732 3587 618 3588 
6733 1336 3616 4075 
6734 997 998 3792 
6735 1568 3530 4155 
6736 4043 2626 4103 
6737 3593 2637 3776 
6738 3975 3454 4150 
6739 517 520 3748 
6740 679 682 3889 
6741 820 830 3715 
6742 545 544 3762 
6743 1107 1104 3913 
6744 3801 3384 3802 
6745 2100 2673 3302 
6746 1065 1548 3869 
6747 3675 2592 3905 
6748 1200 1199 3947 
6749 522 3685 4062 
6750 780 772 3766 
6751 3971 1100 3982 
6752 1717 1845 4003 
6753 3157 1982 4207 
6754 1212 1210 3862 
6755 1096 1098 3813 
6756 2008 3465 4108 
6757 1956 1054 4056 
6758 1882 1549 3865 
6759 3494 3404 3882 
6760 1076 1073 3888 
6761 1207 1208 4124 
6762 2393 1024 3866 
6763 1380 1602 4121 
6764 1150 1148 3488 
6765 3884 2274 4057 
6766 3367 3366 3949 
6767 703 3429 4149 
6768 1340 1337 3993 
6769 782 742 3716 
6770 2647 2357 3984 
6771 3785 3987 3988 
6772 2654 4082 4143 
6773 1179 3682 3683 
6774 727 504 3977 
6775 1008 1149 3527 
6776 1456 548 3762 
6777 857 835 4132 
6778 1710 1963 3824 
6779 2299 3835 3888 
6780 549 551 3863 
6781 920 921 3911 
6782 3073 2418 3380 
6783 763 762 3407 
6784 3629 1802 3935 
6785 3872 494 3945 
6786 3681 928 4025 
6787 1256 1259 3895 
6788 1637 1124 3896 
6789 3294 542 3890 
6790 1548 1881 3869 
6791 1369 1371 3672 
6792 652 1396 3844 
6793 3872 3516 4065 
6794 616 617 3641 
6795 1459 668 3702 
6796 3061 3093 4144 
6797 3134 1237 3811 
6798 2120 2123 4100 
6799 2073 2908 4027 
6800 4273 2406 4275 
6801 1032 1475 3799 
6802 2216 2212 3904 
6803 1967 3477 4119 
6804 3933 2350 4075 
6805 1581 2648 4053 
6806 2336 1972 3996 
6807 3244 1091 3848 
6808 1609 822 3778 
6809 1331 4096 4138 
6810 2364 1803 3828 
6811 1287 1289 3642 
6812 1998 1995 3989 
6813 1979 1717 4003 
6814 762 3406 3407 
6815 969 966 3710 
6816 4009 3747 4010 
6817 3372 1038 3902 
6818 1558 3148 3909 
6819 3246 3348 4180 
6820 3644 2286 3983 
6821 963 964 3700 
6822 2419 2675 4229 
6823 3010 2126 4060 
6824 720 724 3957 
6825 1845 2067 4003 
6826 1704 1706 3824 
6827 2267 1936 4120 
6828 1165 1159 3893 
6829 2356 1527 3721 
6830 3392 2334 3919 
6831 2256 2481 3960 
6832 2072 1853 3615 
6833 535 537 3892 
6834 1716 3832 3921 
6835 630 627 3658 
6836 1312 1310 3859 
6837 2650 3524 3962 
6838 924 922 3764 
6839 1057 3479 4291 
6840 4096 1331 4173 
6841 2576 1901 3773 
6842 3938 1261 4001 
6843 459 461 3471 
6844 2551 2081 4015 
6845 3296 725 4062 
6846 1603 2300 3666 
6847 1946 1947 3650 
6848 3327 3801 3802 
6849 3280 3675 3905 
6850 1972 2079 3996 
6851 3996 2079 3997 
6852 816 793 3940 
6853 1660 2612 4035 
6854 3807 2649 4050 
6855 525 528 3680 
6856 3564 2337 4009 
6857 907 1042 3740 
6858 622 619 3587 
6859 2370 3015 3849 
6860 1550 2553 3914 
6861 3267 3971 3982 
6862 3473 977 3887 
6863 3815 709 4022 
6864 3434 3334 3598 
6865 3939 3381 4011 
6866 730 733 3448 
6867 645 644 4047 
6868 1553 1779 4040 
6869 2564 2114 3793 
6870 882 884 4014 
6871 1114 3639 4077 
6872 4166 3034 4219 
6873 2314 3826 3827 
6874 2252 1984 4258 
6875 1082 1084 4115 
6876 3058 3659 4116 
6877 3747 1643 4010 
6878 3516 3513 3804 
6879 1950 1012 3520 
6880 2308 3330 4074 
6881 1215 1212 3862 
6882 1539 1550 3914 
6883 793 775 3940 
6884 3701 3887 3955 
6885 952 954 3941 
6886 3264 2078 4086 
6887 1213 1214 3854 
6888 856 436 2986 
6889 1686 2427 4039 
6890 1975 3322 4195 
6891 3574 3934 4083 
6892 1930 3962 3963 
6893 943 944 3927 
6894 1923 1571 3684 
6895 1861 3366 3965 
6896 568 566 3732 
6897 702 1772 3934 
6898 3795 1439 4082 
6899 2403 4166 4219 
6900 3356 3261 3746 
6901 2636 2329 3689 
6902 3324 3926 3985 
6903 3730 2381 4117 
6904 2319 3676 3821 
6905 1849 2061 4091 
6906 3618 1107 3913 
6907 3620 4136 4179 
6908 3058 3057 3238 
6909 775 1829 3940 
6910 2224 2225 4084 
6911 1169 1168 3924 
6912 3123 3128 3703 
6913 484 486 3693 
6914 1229 3281 4064 
6915 2081 2696 4015 
6916 3217 2317 4159 
6917 3655 2551 4015 
6918 1366 1367 3633 
6919 1642 1886 3944 
6920 3737 2253 4314 
6921 3733 3764 4153 
6922 1414 3381 3939 
6923 1992 1409 4073 
6924 3595 3187 4263 
6925 2651 515 3748 
6926 3946 2359 4025 
6927 2598 3078 3443 
6928 500 3439 3981 
6929 2016 1665 4072 
6930 1447 611 3744 
6931 1529 1368 3796 
6932 3405 828 3909 
6933 3616 3933 4075 
6934 1559 1557 3928 
6935 768 771 3738 
6936 436 437 438 
6937 1237 1234 3811 
6938 944 946 3830 
6939 1003 1005 3735 
6940 1234 1233 3811 
6941 3708 1373 4109 
6942 3609 2161 3795 
6943 3728 2571 3917 
6944 3248 800 3842 
6945 615 614 3640 
6946 756 785 3630 
6947 2614 2615 3881 
6948 2444 4122 4168 
6949 4222 1129 4240 
6950 4014 1605 4033 
6951 3516 3804 4065 
6952 3637 2295 4077 
6953 612 609 3697 
6954 3133 2260 4080 
6955 1448 568 3732 
6956 2209 2231 4204 
6957 3560 874 4088 
6958 2146 3929 3930 
6959 2363 1628 4055 
6960 4237 1922 4279 
6961 3386 1462 3899 
6962 2275 1576 3709 
6963 2021 2771 4185 
6964 464 3769 4177 
6965 2029 2793 4048 
6966 3519 1187 3771 
6967 3685 1806 4030 
6968 1863 2010 3763 
6969 4261 2670 4268 
6970 1337 1336 3993 
6971 1019 3742 3743 
6972 4096 2398 4138 
6973 1705 1707 3850 
6974 2329 2325 3689 
6975 2401 1979 4003 
6976 3316 2043 3960 
6977 3726 768 3738 
6978 1778 1388 3591 
6979 4008 2657 4029 
6980 1288 1286 3714 
6981 3281 3280 3918 
6982 962 961 3770 
6983 957 1832 3941 
6984 3413 672 3812 
6985 644 3503 4047 
6986 1543 3595 4263 
6987 3510 3058 4116 
6988 2088 1683 4012 
6989 741 739 4104 
6990 1633 2399 4113 
6991 1331 1321 4173 
6992 668 669 3702 
6993 437 435 2936 
6994 2368 2658 4148 
6995 3301 1093 3592 
6996 1091 1089 3848 
6997 3319 3806 3956 
6998 3084 3904 3991 
6999 3077 2598 3443 
7000 3670 2726 4002 
7001 3289 2628 3975 
7002 4114 2294 4119 
7003 860 1568 3855 
7004 2035 1842 3677 
7005 3441 3935 3936 
7006 3723 3884 4057 
7007 2696 3968 4015 
7008 1000 1003 3791 
7009 2350 3645 4075 
7010 761 764 3885 
7011 3747 2645 3953 
7012 3601 1205 4203 
7013 2338 1833 4044 
7014 3887 2366 3955 
7015 1886 3203 3942 
7016 1015 1013 4020 
7017 2610 2235 3631 
7018 648 645 4047 
7019 3646 2657 4008 
7020 760 758 3699 
7021 4018 1566 4182 
7022 3408 3409 4136 
7023 3331 2370 3849 
7024 1587 1127 4222 
7025 3275 3794 4094 
7026 3553 1441 4146 
7027 3908 3350 4056 
7028 1030 1032 3799 
7029 2324 2327 3690 
7030 515 517 3748 
7031 1826 1828 4099 
7032 845 1581 4053 
7033 2144 2141 4163 
7034 812 3856 3954 
7035 3282 2384 4149 
7036 3450 3736 3998 
7037 3784 1862 3785 
7038 560 710 4245 
7039 3618 2630 4013 
7040 2380 2398 4096 
7041 3489 2506 3789 
7042 4057 2274 4105 
7043 3680 528 4134 
7044 3934 3626 4083 
7045 2668 3761 4221 
7046 4093 2408 4106 
7047 551 1430 3863 
7048 498 500 3981 
7049 2558 2556 3903 
7050 3219 2271 4042 
7051 1303 1353 4255 
7052 803 3370 4187 
7053 1388 1386 3591 
7054 3215 1973 4141 
7055 2837 2063 3724 
7056 3865 1610 4302 
7057 2622 2744 3783 
7058 1258 1257 4001 
7059 2127 2130 4060 
7060 2524 2029 4048 
7061 684 564 4087 
7062 2316 484 3693 
7063 663 666 3579 
7064 3774 2647 3977 
7065 3138 3861 4215 
7066 2566 3104 4144 
7067 4228 1965 4231 
7068 3371 3787 4126 
7069 3903 814 4335 
7070 3794 3816 4094 
7071 1855 2469 4061 
7072 3201 3974 4086 
7073 1205 1202 4085 
7074 1802 3629 3736 
7075 4005 2523 4006 
7076 2716 4155 4185 
7077 709 533 4022 
7078 3651 4091 4152 
7079 1655 1870 4214 
7080 4104 802 4159 
7081 619 618 3587 
7082 1448 4246 4259 
7083 1005 1023 3735 
7084 1034 1055 3876 
7085 1706 1710 3824 
7086 1921 1598 3967 
7087 3682 3389 3683 
7088 2063 2055 3724 
7089 1054 1033 4056 
7090 3980 1340 3993 
7091 1571 1573 3684 
7092 724 3283 3957 
7093 1763 1748 3147 
7094 3084 2216 3904 
7095 2078 1695 4086 
7096 1847 1553 4040 
7097 528 529 3810 
7098 714 697 3990 
7099 1960 2349 4133 
7100 1164 1603 3666 
7101 1470 1659 3867 
7102 2610 3631 3632 
7103 1345 4192 4211 
7104 2043 2256 3960 
7105 2976 2978 4285 
7106 1392 1826 4017 
7107 3598 2626 4043 
7108 1610 4178 4321 
7109 954 957 3941 
7110 1902 2355 3924 
7111 1898 2522 3972 
7112 2402 3692 4102 
7113 3606 585 3992 
7114 944 3830 3927 
7115 2116 2119 3793 
7116 4111 1998 4172 
7117 1358 1817 3947 
7118 3891 3519 4107 
7119 2355 4023 4024 
7120 3681 4025 4153 
7121 4260 942 4283 
7122 3733 1037 3764 
7123 2508 3564 4009 
7124 1740 1742 4016 
7125 2099 4212 4219 
7126 4209 3143 4250 
7127 1318 3900 4236 
7128 808 812 3954 
7129 749 747 4081 
7130 2410 3731 4106 
7131 4138 2398 4182 
7132 1466 597 3686 
7133 741 4104 4156 
7134 3665 678 4273 
7135 3620 1356 4136 
7136 3999 2646 4078 
7137 2447 3881 4076 
7138 3239 3120 3703 
7139 964 967 3700 
7140 4039 2427 4289 
7141 758 755 3698 
7142 806 808 3954 
7143 1453 1451 4279 
7144 662 663 3579 
7145 1422 2374 3895 
7146 2369 1855 4061 
7147 2391 2392 4125 
7148 2231 3090 4204 
7149 759 761 3885 
7150 3274 728 3919 
7151 726 498 3981 
7152 2644 4223 4275 
7153 2823 2158 3750 
7154 1549 1610 3865 
7155 1368 1365 3796 
7156 1451 3788 4279 
7157 599 2659 4089 
7158 2721 2508 4009 
7159 664 661 3803 
7160 2274 3213 4105 
7161 2366 1668 4069 
7162 1187 1185 3771 
7163 930 942 3673 
7164 1605 886 4050 
7165 1419 1531 4038 
7166 3962 3524 3963 
7167 529 532 3810 
7168 1612 2383 3969 
7169 1864 1863 3763 
7170 613 616 3744 
7171 1726 1723 4045 
7172 3114 3116 4051 
7173 1824 1575 4113 
7174 2348 3843 3867 
7175 3214 3358 4093 
7176 3696 1960 4133 
7177 2215 2206 4019 
7178 3173 3626 3986 
7179 3866 1463 4122 
7180 1012 1006 3520 
7181 3720 927 3877 
7182 2318 2073 4027 
7183 483 481 3643 
7184 2902 3952 4026 
7185 3120 3123 3703 
7186 2327 2573 3690 
7187 617 620 3641 
7188 2279 1824 4113 
7189 1781 3617 3959 
7190 3438 3301 3592 
7191 2605 3797 4110 
7192 2543 3621 4366 
7193 4148 2658 4169 
7194 447 449 3842 
7195 2670 3351 4283 
7196 1900 1731 4092 
7197 2398 2401 4182 
7198 2444 2441 4122 
7199 4202 3865 4307 
7200 548 545 3762 
7201 1615 664 3803 
7202 3334 2626 3598 
7203 2648 3322 4151 
7204 1964 1049 3911 
7205 449 451 3739 
7206 2222 2561 4194 
7207 1125 1587 3846 
7208 3486 1781 3959 
7209 2773 2520 4254 
7210 3281 3918 4064 
7211 1592 1686 4039 
7212 2625 4071 4199 
7213 3472 4190 4203 
7214 1332 1288 3714 
7215 3680 4134 4180 
7216 965 962 3770 
7217 3624 819 4053 
7218 3948 2298 4101 
7219 2464 2363 4054 
7220 2816 2721 4010 
7221 998 3791 3792 
7222 3530 2021 4185 
7223 1296 1294 3923 
7224 1267 3847 4287 
7225 451 470 3739 
7226 835 1533 4132 
7227 2654 2656 4082 
7228 3366 3361 3965 
7229 3288 790 4126 
7230 540 1948 3892 
7231 1194 1192 3749 
7232 2699 1884 4074 
7233 2065 4210 4241 
7234 1168 1902 3924 
7235 1731 2277 4092 
7236 2764 2018 3782 
7237 1033 3908 4056 
7238 3311 3723 4057 
7239 3332 3331 3849 
7240 1199 1358 3947 
7241 1668 3431 4131 
7242 3150 1943 3292 
7243 3883 855 4058 
7244 3300 1926 3876 
7245 1364 1811 4270 
7246 3405 3909 3925 
7247 2208 3082 4019 
7248 1049 920 3911 
7249 2247 2624 4049 
7250 2698 2788 3968 
7251 1325 3305 3860 
7252 3064 1729 4220 
7253 3070 4224 4257 
7254 2312 4004 4120 
7255 3129 3130 4272 
7256 1409 1407 4073 
7257 2385 3999 4061 
7258 1870 3545 4276 
7259 2018 1574 3782 
7260 3409 3411 4179 
7261 742 744 3716 
7262 3909 3148 3925 
7263 2294 1577 3711 
7264 2478 1847 4040 
7265 2062 3415 4200 
7266 1955 1379 3854 
7267 1577 2008 3711 
7268 4343 1993 4376 
7269 2752 3789 4191 
7270 1894 2653 4296 
7271 1157 2268 3893 
7272 1123 1125 3846 
7273 3977 2647 3984 
7274 3441 3629 3935 
7275 2623 1765 4016 
7276 4125 2392 4244 
7277 1591 1911 4036 
7278 2389 2390 4111 
7279 4004 3576 4120 
7280 4029 2657 4148 
7281 2523 2385 4140 
7282 2655 2654 4143 
7283 4392 2691 4393 
7284 3477 4114 4119 
7285 998 1000 3791 
7286 554 692 4221 
7287 2997 2558 3903 
7288 2114 2116 3793 
7289 3459 3777 4243 
7290 1333 1322 3860 
7291 3053 2050 4135 
7292 3537 2480 4198 
7293 4049 2172 4227 
7294 1192 1196 3749 
7295 2669 3601 4190 
7296 1037 924 3764 
7297 3547 2286 4068 
7298 727 3977 3984 
7299 3149 3354 3894 
7300 609 608 3697 
7301 1695 3201 4086 
7302 1946 3650 4094 
7303 1159 1157 3893 
7304 3146 3818 3819 
7305 857 4054 4055 
7306 739 802 4104 
7307 1926 1034 3876 
7308 3711 2662 4119 
7309 3021 2557 4237 
7310 745 803 4187 
7311 1013 1442 4020 
7312 2669 4190 4208 
7313 2364 3828 3979 
7314 2518 2144 4163 
7315 928 3553 4145 
7316 884 1605 4014 
7317 2313 3175 4095 
7318 2722 2716 4184 
7319 3350 2356 4130 
7320 3820 3114 4051 
7321 2716 2471 4155 
7322 3878 2880 3879 
7323 2469 3194 4140 
7324 819 845 4053 
7325 687 2333 3889 
7326 3236 2621 4098 
7327 1538 1536 3784 
7328 3645 3980 3993 
7329 3641 3167 4112 
7330 1259 1422 3895 
7331 1442 3218 4020 
7332 3280 3905 3918 
7333 1943 1562 3292 
7334 2639 4067 4068 
7335 1639 1638 4129 
7336 2676 2016 4072 
7337 4091 2875 4152 
7338 4301 3737 4314 
7339 3111 2313 4095 
7340 2632 4129 4234 
7341 3537 4198 4233 
7342 2696 2698 3968 
7343 1575 1633 4113 
7344 3369 3820 4051 
7345 1440 483 3643 
7346 926 930 3673 
7347 3517 2372 4318 
7348 2158 2808 3750 
7349 2753 3489 3789 
7350 2007 1559 3928 
7351 4104 3101 4156 
7352 2686 4351 4355 
7353 531 530 3612 
7354 3002 4318 4320 
7355 2621 2622 3783 
7356 4154 1587 4222 
7357 2061 2875 4091 
7358 2141 2139 4163 
7359 537 540 3892 
7360 3626 3174 4083 
7361 3477 3478 4114 
7362 4087 2675 4249 
7363 2591 2609 4267 
7364 3956 2678 4228 
7365 3261 3260 3746 
7366 3025 2581 4206 
7367 3648 1465 4223 
7368 3472 2056 4190 
7369 2970 2968 4266 
7370 3855 1568 4155 
7371 2805 2777 4189 
7372 3461 2655 4134 
7373 2206 2208 4019 
7374 470 472 4188 
7375 2965 2966 4269 
7376 4087 562 4245 
7377 4174 3432 4175 
7378 2546 2958 4290 
7379 3929 2131 4046 
7380 2664 4096 4173 
7381 3952 2318 4026 
7382 744 746 3717 
7383 3685 4030 4062 
7384 4060 2130 4123 
7385 3639 3637 4077 
7386 2361 3824 4139 
7387 2377 2382 4142 
7388 1759 3968 4364 
7389 4132 1533 4189 
7390 2130 2132 4123 
7391 4122 1463 4168 
7392 1765 1740 4016 
7393 1598 1915 3967 
7394 1378 1380 4121 
7395 2503 1981 4005 
7396 1566 3328 4182 
7397 2639 2640 4067 
7398 2448 4306 4327 
7399 1208 1211 4124 
7400 3835 1076 3888 
7401 3230 3834 4210 
7402 1998 3989 4172 
7403 2219 4204 4317 
7404 1536 1862 3784 
7405 4089 2659 4099 
7406 2225 2229 4084 
7407 616 3641 4112 
7408 2112 2111 3878 
7409 1859 1624 4165 
7410 2139 2147 4163 
7411 2379 3955 4069 
7412 1635 1565 3880 
7413 2401 4018 4182 
7414 597 594 3686 
7415 2355 2076 4023 
7416 1441 3740 4278 
7417 2663 2662 4108 
7418 925 929 3877 
7419 1610 1066 4178 
7420 3451 2167 4167 
7421 3576 2267 4120 
7422 534 531 3612 
7423 1390 1392 4017 
7424 1356 4079 4136 
7425 2133 2131 3929 
7426 3698 3289 3699 
7427 2664 2380 4096 
7428 1911 1592 4039 
7429 4157 2487 4158 
7430 2229 2993 4084 
7431 1565 1846 3880 
7432 1886 3942 3944 
7433 1084 1144 4115 
7434 2553 2034 4171 
7435 2294 3711 4119 
7436 2640 3249 4067 
7437 4212 3291 4219 
7438 1129 1131 4240 
7439 1832 1468 4336 
7440 1322 1325 3860 
7441 1321 1319 4173 
7442 974 973 3868 
7443 3826 3548 3827 
7444 2966 4240 4269 
7445 3847 4286 4287 
7446 2667 2666 4196 
7447 3816 1946 4094 
7448 2146 2133 3929 
7449 3566 3883 4160 
7450 1436 1970 3961 
7451 3772 1722 4034 
7452 743 741 4156 
7453 4131 3432 4174 
7454 1925 2321 3897 
7455 3651 2636 4041 
7456 611 613 3744 
7457 4208 2065 4241 
7458 734 736 4209 
7459 2393 3866 4122 
7460 2403 1821 4166 
7461 1973 4028 4141 
7462 4028 3555 4141 
7463 3354 3580 3894 
7464 2441 2393 4122 
7465 2321 3051 3897 
7466 2234 2429 4300 
7467 4247 2460 4262 
7468 1511 831 4169 
7469 1345 1341 4192 
7470 1434 1436 3961 
7471 3847 2297 4286 
7472 682 687 3889 
7473 3169 3168 4342 
7474 2522 2904 3972 
7475 4026 2318 4027 
7476 711 3661 3662 
7477 3647 1840 4262 
7478 3999 2369 4061 
7479 1981 2523 4005 
7480 3070 2276 4223 
7481 2447 4347 4350 
7482 4207 1982 4214 
7483 3660 1390 4017 
7484 3502 3504 4172 
7485 2334 3274 3919 
7486 2806 2805 4251 
7487 2471 3855 4155 
7488 1294 1402 3923 
7489 3721 2606 4130 
7490 3328 3657 4138 
7491 1404 711 3662 
7492 3328 4138 4182 
7493 1379 1213 3854 
7494 1997 1998 4225 
7495 2388 3946 4145 
7496 2708 3651 4152 
7497 1862 1516 3966 
7498 3787 2627 4126 
7499 1850 3651 4041 
7500 3352 2405 4260 
7501 1516 1140 3966 
7502 2269 3094 4177 
7503 2297 1797 4286 
7504 3645 2395 3980 
7505 678 3345 4265 
7506 2834 3883 4058 
7507 800 447 3842 
7508 3295 2434 4292 
7509 4108 3465 4226 
7510 2966 4222 4240 
7511 3347 2361 4139 
7512 2595 3408 4079 
7513 3824 1963 4139 
7514 2627 3288 4126 
7515 2369 3999 4078 
7516 2961 2959 4137 
7517 2152 2842 4161 
7518 3799 3647 4168 
7519 2660 3472 4203 
7520 3699 3289 3975 
7521 977 974 3868 
7522 2395 2661 3980 
7523 3942 2816 3944 
7524 1622 1621 3861 
7525 692 3600 4206 
7526 2338 4044 4310 
7527 2404 2669 4241 
7528 4341 3169 4342 
7529 1638 1774 4129 
7530 2776 4132 4189 
7531 3769 2269 4177 
7532 2406 2644 4275 
7533 1319 3916 4173 
7534 4030 3296 4062 
7535 758 3698 3699 
7536 2260 2617 4080 
7537 4246 2411 4259 
7538 3927 2362 4281 
7539 2950 2220 4194 
7540 601 600 3969 
7541 3069 2247 4049 
7542 3955 2366 4069 
7543 3716 744 3717 
7544 2771 4184 4185 
7545 2076 2539 4023 
7546 2286 1413 3983 
7547 3788 3021 4279 
7548 1413 1415 3983 
7549 2099 654 4212 
7550 4190 2056 4208 
7551 472 1058 4188 
7552 2959 3814 4137 
7553 3322 3972 4195 
7554 1066 1063 4178 
7555 4111 2390 4225 
7556 2966 2963 4154 
7557 710 3761 4239 
7558 2480 3401 4198 
7559 1394 3620 4179 
7560 2317 3101 4159 
7561 4033 4170 4252 
7562 927 925 3877 
7563 932 1057 4268 
7564 2111 2880 3878 
7565 1609 4029 4148 
7566 1774 2490 4129 
7567 3214 4093 4106 
7568 1605 4050 4170 
7569 2239 2625 4199 
7570 4054 2363 4055 
7571 2834 3584 4160 
7572 1621 1873 3861 
7573 1722 1724 4034 
7574 2667 3891 4107 
7575 4198 2844 4233 
7576 3310 3309 3986 
7577 4281 2429 4295 
7578 3100 3276 4201 
7579 2678 3070 4257 
7580 1998 4111 4225 
7581 3028 4220 4256 
7582 4143 3246 4180 
7583 654 655 4212 
7584 3294 2252 4272 
7585 2211 2209 4204 
7586 4040 2062 4200 
7587 3143 4178 4250 
7588 2761 2475 4157 
7589 1511 4169 4216 
7590 3996 3997 4232 
7591 4278 3740 4306 
7592 4268 2670 4283 
7593 3291 658 4235 
7594 2651 3961 4164 
7595 4079 3408 4136 
7596 3889 2333 4147 
7597 3309 3173 3986 
7598 1448 3732 4246 
7599 3912 1832 4332 
7600 837 3975 4150 
7601 3916 2664 4173 
7602 1790 3889 4147 
7603 2183 2428 4231 
7604 2777 2776 4189 
7605 2675 4087 4245 
7606 747 745 4187 
7607 3976 3342 4256 
7608 2356 3721 4130 
7609 2721 4009 4010 
7610 802 3573 4186 
7611 2220 2222 4194 
7612 2980 4324 4331 
7613 3291 2403 4219 
7614 3673 942 4260 
7615 3883 2834 4160 
7616 1060 791 4250 
7617 2653 3230 4210 
7618 3345 1448 4259 
7619 2056 2057 4208 
7620 1776 3161 4253 
7621 2423 2421 4239 
7622 2057 2065 4208 
7623 2219 2211 4204 
7624 1594 1922 4284 
7625 3013 3012 4118 
7626 1882 3865 4202 
7627 2475 2487 4157 
7628 2676 4207 4214 
7629 4081 747 4187 
7630 1982 1655 4214 
7631 678 4265 4273 
7632 2473 1835 4070 
7633 2280 777 3970 
7634 2621 3783 4098 
7635 3101 4104 4159 
7636 642 643 4052 
7637 3629 3440 3998 
7638 2034 2694 4171 
7639 4184 2716 4185 
7640 980 982 3843 
7641 3406 837 4150 
7642 3429 2651 4164 
7643 777 778 3970 
7644 2557 2426 4237 
7645 4115 1144 4197 
7646 672 673 3812 
7647 600 1612 3969 
7648 2707 4131 4174 
7649 2156 3636 4274 
7650 2425 2668 4205 
7651 2154 2152 4161 
7652 673 676 3812 
7653 1835 1836 4070 
7654 2405 2652 4260 
7655 1463 3799 4168 
7656 3220 814 4299 
7657 2348 980 3843 
7658 4306 1042 4327 
7659 968 970 4312 
7660 2421 2419 4229 
7661 1143 4266 4269 
7662 4178 1063 4250 
7663 1143 1133 4298 
7664 3034 2099 4219 
7665 3867 1659 4329 
7666 3189 1543 4263 
7667 3891 2667 4196 
7668 1381 1955 4032 
7669 3640 1457 4301 
7670 3345 4259 4265 
7671 791 734 4209 
7672 3692 2237 4102 
7673 4145 3553 4146 
7674 556 554 4221 
7675 4072 1511 4216 
7676 3376 3891 4196 
7677 2401 4003 4238 
7678 2237 2610 4102 
7679 4044 3613 4314 
7680 3466 642 4052 
7681 3786 1373 4211 
7682 2559 3016 4242 
7683 2644 1985 4224 
7684 1919 4032 4118 
7685 3736 3629 3998 
7686 2417 2415 4249 
7687 2253 1732 4310 
7688 4085 2660 4203 
7689 2067 2542 4238 
7690 1348 1345 4211 
7691 2581 2425 4205 
7692 684 4087 4249 
7693 2665 3129 4258 
7694 2520 2676 4254 
7695 4350 2683 4353 
7696 2975 2972 4311 
7697 3961 1970 4164 
7698 3322 1974 4151 
7699 2941 3996 4232 
7700 2851 3880 4305 
7701 2904 3009 4195 
7702 2884 2478 4200 
7703 2569 3291 4235 
7704 1627 3537 4233 
7705 1919 1381 4032 
7706 3789 2754 4191 
7707 2676 4072 4207 
7708 1373 1348 4211 
7709 4332 1832 4336 
7710 4171 2694 4193 
7711 2359 3733 4153 
7712 2844 2806 4233 
7713 4003 2067 4238 
7714 938 939 4293 
7715 4179 3411 4181 
7716 1131 1143 4240 
7717 2413 2411 4246 
7718 3737 4301 4303 
7719 2060 3790 4215 
7720 1144 3437 4197 
7721 1127 1129 4222 
7722 1957 2608 4165 
7723 2253 4044 4314 
7724 3028 2574 4220 
7725 3834 2404 4241 
7726 3492 2981 4396 
7727 2439 3912 4322 
7728 2663 4108 4226 
7729 1454 1687 4103 
7730 4302 1610 4321 
7731 2095 2386 4319 
7732 4207 4072 4216 
7733 4025 2359 4153 
7734 1985 1657 4224 
7735 3132 3131 4218 
7736 4252 2665 4258 
7737 4044 2253 4310 
7738 2478 4040 4200 
7739 2947 2562 4230 
7740 2110 1681 4097 
7741 1255 3895 4277 
7742 2988 2154 4213 
7743 3692 4261 4291 
7744 1681 1664 4097 
7745 1974 3321 4151 
7746 2411 2409 4259 
7747 1205 4085 4203 
7748 1444 3383 4288 
7749 2805 4189 4243 
7750 2388 4145 4146 
7751 4205 692 4206 
7752 1349 1351 4270 
7753 1297 1298 4297 
7754 4134 2655 4180 
7755 3972 2904 4195 
7756 2977 2975 4313 
7757 1624 1957 4165 
7758 3549 2559 4242 
7759 2574 3064 4220 
7760 2430 2388 4146 
7761 2626 1454 4103 
7762 3130 3132 4264 
7763 3867 4329 4363 
7764 2446 1997 4225 
7765 3692 2402 4261 
7766 2276 3648 4223 
7767 2966 4154 4222 
7768 4248 684 4249 
7769 4341 3700 4345 
7770 3390 2569 4235 
7771 4018 2401 4238 
7772 2953 2952 4356 
7773 1615 3803 4328 
7774 1262 1264 4287 
7775 1533 3459 4243 
7776 3352 4260 4283 
7777 2979 2980 4333 
7778 2382 4037 4386 
7779 4059 3028 4256 
7780 4229 710 4239 
7781 1301 1303 4255 
7782 1627 4233 4251 
7783 2428 3956 4228 
7784 4233 2806 4251 
7785 1137 1585 4304 
7786 2402 2670 4261 
7787 3157 4207 4216 
7788 4129 2490 4234 
7789 2413 4246 4248 
7790 3973 1790 4147 
7791 1846 4280 4305 
7792 562 560 4245 
7793 4168 3647 4262 
7794 903 901 4326 
7795 4123 2156 4274 
7796 2655 4143 4180 
7797 4117 1318 4236 
7798 2652 3673 4260 
7799 1105 3456 4110 
7800 4259 2409 4265 
7801 434 436 856 
7802 3797 1105 4110 
7803 436 435 437 
7804 1141 1517 4331 
7805 4146 1441 4278 
7806 4189 1533 4243 
7807 4214 1870 4254 
7808 3563 1394 4181 
7809 4170 2665 4252 
7810 4280 2822 4305 
7811 1063 1060 4250 
7812 942 932 4268 
7813 4050 2649 4170 
7814 1840 2454 4247 
7815 4142 2382 4288 
7816 2649 2665 4170 
7817 1585 1139 4324 
7818 3243 1776 4253 
7819 2409 2407 4265 
7820 1795 3568 4286 
7821 2952 3314 4356 
7822 2444 4168 4262 
7823 2490 2897 4234 
7824 1836 4125 4244 
7825 3777 1627 4251 
7826 3287 4033 4252 
7827 2065 2064 4294 
7828 3997 2079 4405 
7829 3536 2202 4375 
7830 3106 3105 4274 
7831 4240 1143 4269 
7832 4070 1836 4244 
7833 2415 2413 4248 
7834 1394 4179 4181 
7835 4230 2562 4271 
7836 2581 4205 4206 
7837 2973 2970 4266 
7838 2985 4084 4330 
7839 2460 2444 4262 
7840 1151 3460 4337 
7841 3126 2682 4381 
7842 1661 1619 4340 
7843 2429 3295 4295 
7844 1830 1965 4257 
7845 2683 1035 4282 
7846 4238 2542 4280 
7847 1301 4255 4297 
7848 3105 4123 4274 
7849 2968 2965 4269 
7850 3730 4117 4236 
7851 4384 3481 4387 
7852 3232 2546 4290 
7853 970 972 4344 
7854 3457 1648 4334 
7855 3808 3069 4227 
7856 2428 4228 4231 
7857 4277 2374 4308 
7858 3223 2219 4317 
7859 2453 4379 4380 
7860 2590 1151 4337 
7861 1351 1364 4270 
7862 2609 3220 4299 
7863 2342 1999 4348 
7864 2676 4214 4254 
7865 3568 1262 4287 
7866 2653 4210 4294 
7867 4210 2065 4294 
7868 3069 4049 4227 
7869 1922 1453 4279 
7870 1613 2234 4300 
7871 1838 2447 4350 
7872 2427 2990 4289 
7873 2973 4298 4304 
7874 963 3700 4341 
7875 4264 3294 4272 
7876 3128 3126 4381 
7877 2450 2448 4327 
7878 2432 4278 4306 
7879 4018 4238 4280 
7880 1846 4018 4280 
7881 4298 1135 4304 
7882 2562 3506 4271 
7883 4266 1143 4298 
7884 1797 1795 4286 
7885 1465 3665 4275 
7886 3740 1042 4306 
7887 2407 2406 4273 
7888 4265 2407 4273 
7889 2542 2822 4280 
7890 2421 4229 4239 
7891 1914 1594 4284 
7892 2434 3692 4291 
7893 2362 2680 4281 
7894 3895 2374 4277 
7895 2683 4282 4353 
7896 4345 1467 4347 
7897 3831 2591 4267 
7898 3417 2461 4315 
7899 656 4379 4384 
7900 4113 2399 4307 
7901 2432 2430 4278 
7902 3295 4293 4295 
7903 800 3248 4325 
7904 3545 3546 4276 
7905 2429 4281 4300 
7906 4076 4345 4347 
7907 1457 1613 4303 
7908 4340 1619 4393 
7909 2415 4248 4249 
7910 3668 4322 4332 
7911 1133 1135 4298 
7912 1298 1301 4297 
7913 3588 3640 4301 
7914 939 943 4293 
7915 3351 3352 4283 
7916 1135 1137 4304 
7917 942 4268 4283 
7918 1458 826 4346 
7919 3623 2451 4343 
7920 816 3940 4346 
7921 3383 4142 4288 
7922 4360 1343 4370 
7923 2997 3903 4335 
7924 2448 2432 4306 
7925 2526 2684 4349 
7926 3479 938 4292 
7927 2173 2175 4373 
7928 1613 4300 4303 
7929 943 3927 4295 
7930 2399 4202 4307 
7931 2461 1894 4296 
7932 1914 4284 4309 
7933 2430 4146 4278 
7934 2372 3421 4320 
7935 4379 3491 4380 
7936 3968 2788 4364 
7937 4328 3803 4387 
7938 905 903 4339 
7939 2374 2549 4308 
7940 3481 2457 4387 
7941 854 1458 4358 
7942 4407 3198 4408 
7943 4293 943 4295 
7944 2064 2671 4294 
7945 975 976 4355 
7946 2436 2279 4302 
7947 3130 4264 4272 
7948 3195 3200 4352 
7949 3199 3196 4352 
7950 1732 2439 4310 
7951 2565 1914 4309 
7952 2680 3737 4303 
7953 2442 2954 4368 
7954 2563 1617 4358 
7955 2452 3255 4363 
7956 3880 1846 4305 
7957 2461 4296 4315 
7958 2980 2977 4313 
7959 4090 800 4325 
7960 4300 2680 4303 
7961 1035 968 4312 
7962 3613 3588 4314 
7963 4282 1035 4312 
7964 3557 3223 4317 
7965 2986 3002 4320 
7966 2554 2095 4319 
7967 4302 2279 4307 
7968 3159 1342 4377 
7969 2998 2554 4316 
7970 3668 2338 4322 
7971 2684 2450 4327 
7972 4374 2681 4378 
7973 2641 3517 4318 
7974 3152 2590 4323 
7975 2279 4113 4307 
7976 3200 1988 4365 
7977 2688 1615 4328 
7978 1342 1315 4377 
7979 2438 2230 4386 
7980 2641 4318 4325 
7981 2980 4331 4333 
7982 3168 2679 4336 
7983 2003 2563 4383 
7984 1139 1141 4324 
7985 4304 1585 4311 
7986 3588 4301 4314 
7987 3031 2436 4321 
7988 3652 2437 4365 
7989 3460 2943 4337 
7990 2530 4354 4362 
7991 4313 1585 4324 
7992 891 889 4374 
7993 2973 4266 4298 
7994 2194 3775 4356 
7995 2686 2445 4351 
7996 3248 2641 4325 
7997 1659 2687 4329 
7998 4372 2687 4376 
7999 3700 1467 4345 
8000 2972 2973 4311 
8001 979 2348 4357 
8002 2688 4388 4389 
8003 4316 2554 4319 
8004 901 1515 4326 
8005 3480 1051 4361 
8006 4037 2438 4386 
8007 1474 3500 4373 
8008 2679 3668 4332 
8009 1517 1584 4331 
8010 2436 4302 4321 
8011 4084 2993 4330 
8012 2445 2685 4351 
8013 1648 2946 4334 
8014 4347 2683 4350 
8015 2447 4076 4347 
8016 2684 4326 4349 
8017 4329 2452 4363 
8018 3634 2997 4335 
8019 3775 2677 4370 
8020 4281 2680 4300 
8021 1991 2452 4372 
8022 3621 2096 4366 
8023 3169 4341 4345 
8024 3374 1993 4380 
8025 657 656 4384 
8026 4349 1515 4354 
8027 2434 4291 4292 
8028 4408 3198 4409 
8029 3688 4341 4342 
8030 4354 3419 4362 
8031 1317 3394 4377 
8032 3688 963 4341 
8033 3198 3199 4409 
8034 4291 3479 4292 
8035 1468 3688 4342 
8036 2202 2204 4375 
8037 2851 4305 4338 
8038 1042 905 4339 
8039 2689 2688 4389 
8040 2679 4332 4336 
8041 2435 1661 4340 
8042 2451 2453 4343 
8043 2687 3623 4376 
8044 1616 2689 4391 
8045 3902 2342 4390 
8046 972 975 4344 
8047 3255 2686 4357 
8048 826 816 4346 
8049 2973 4304 4311 
8050 2457 2001 4388 
8051 2980 4313 4324 
8052 1467 2683 4347 
8053 2684 4327 4339 
8054 2691 4340 4393 
8055 2457 4328 4387 
8056 656 3491 4379 
8057 2532 2530 4362 
8058 2691 2002 4394 
8059 2446 4225 4353 
8060 1999 2690 4348 
8061 2435 4394 4395 
8062 4076 3169 4345 
8063 4282 2446 4353 
8064 2689 4389 4390 
8065 2688 4328 4388 
8066 2528 2526 4349 
8067 4305 2822 4338 
8068 2528 4349 4354 
8069 1515 3419 4354 
8070 4323 2590 4337 
8071 4329 2687 4372 
8072 2390 1838 4350 
8073 3767 3522 4393 
8074 2390 4350 4353 
8075 3404 3495 4395 
8076 4327 1042 4339 
8077 2452 4329 4372 
8078 3196 3195 4352 
8079 4331 1584 4333 
8080 2530 2528 4354 
8081 2534 4367 4378 
8082 4326 1515 4349 
8083 4225 2390 4353 
8084 2939 3388 4369 
8085 4379 3481 4384 
8086 1170 3492 4396 
8087 4367 3625 4378 
8088 1617 854 4358 
8089 3314 2194 4356 
8090 1546 3128 4381 
8091 4395 3495 4397 
8092 1993 4343 4380 
8093 3388 1844 4369 
8094 1473 3480 4398 
8095 976 979 4355 
8096 3475 3571 4359 
8097 4366 2455 4371 
8098 3571 1360 4359 
8099 1807 1170 4396 
8100 2459 2174 4397 
8101 1051 2440 4361 
8102 4391 2690 4392 
8103 1509 3625 4367 
8104 4361 2440 4368 
8105 2690 2691 4392 
8106 4336 1468 4342 
8107 4346 3940 4409 
8108 4328 2457 4388 
8109 2788 3098 4364 
8110 2677 3499 4360 
8111 3168 4336 4342 
8112 3419 1509 4362 
8113 2685 4344 4351 
8114 2348 3867 4363 
8115 2534 2532 4367 
8116 2681 2534 4378 
8117 4399 3353 4402 
8118 2459 4397 4398 
8119 2096 2455 4366 
8120 1990 4372 4376 
8121 3500 2173 4373 
8122 434 435 436 
8123 435 433 829 
8124 4343 2453 4380 
8125 4375 2215 4382 
8126 2440 2442 4368 
8127 2455 2938 4371 
8128 1988 3652 4365 
8129 695 689 4402 
8130 1844 3656 4369 
8131 1993 1990 4376 
8132 2689 4348 4391 
8133 889 1546 4374 
8134 4374 1546 4381 
8135 660 4384 4387 
8136 1315 1317 4377 
8137 4401 4247 4403 
8138 3625 891 4378 
8139 1361 4063 4385 
8140 1990 1991 4372 
8141 2692 4410 4411 
8142 2453 3481 4379 
8143 3687 1474 4400 
8144 4340 2691 4394 
8145 2435 4340 4394 
8146 2458 3353 4399 
8147 2204 2215 4375 
8148 2692 2003 4383 
8149 4063 2550 4385 
8150 4401 695 4402 
8151 2230 2983 4386 
8152 660 657 4384 
8153 3491 3374 4380 
8154 3803 660 4387 
8155 3293 3507 4408 
8156 2532 4362 4367 
8157 2686 4355 4357 
8158 4344 975 4351 
8159 2550 3023 4385 
8160 4348 2690 4391 
8161 4388 2000 4389 
8162 4362 1509 4367 
8163 2460 4247 4401 
8164 2001 2000 4388 
8165 2000 3372 4389 
8166 3199 4346 4409 
8167 2693 2692 4411 
8168 4355 979 4357 
8169 2437 1663 4410 
8170 4389 3372 4390 
8171 4403 2454 4404 
8172 3372 3902 4390 
8173 2179 1616 4391 
8174 2677 4360 4370 
8175 1619 3767 4393 
8176 3522 2179 4392 
8177 4247 2454 4403 
8178 2454 3433 4404 
8179 4333 3997 4405 
8180 2179 4391 4392 
8181 2979 4333 4405 
8182 4394 3403 4395 
8183 3403 3404 4395 
8184 2002 3403 4394 
8185 3433 3197 4406 
8186 3197 3198 4407 
8187 4404 3433 4406 
8188 2692 4383 4410 
8189 2435 4395 4397 
8190 2079 1807 4396 
8191 2174 2435 4397 
8192 688 4399 4402 
8193 4406 3197 4407 
8194 695 4401 4403 
8195 4397 3495 4398 
8196 688 3687 4399 
8197 3353 2460 4401 
8198 3495 1473 4398 
8199 2954 2458 4400 
8200 689 688 4402 
8201 3427 695 4403 
8202 3427 4403 4404 
8203 4383 2437 4410 
8204 3353 4401 4402 
8205 3990 3427 4404 
8206 2981 2979 4405 
8207 3990 4404 4406 
8208 714 3990 4406 
8209 291 292 365 
8210 3507 714 4407 
8211 714 4406 4407 
8212 1829 4408 4409 
8213 3940 1829 4409 
8214 1829 3293 4408 
8215 4410 2017 4411 
8216 2017 2755 4411 
8217 1663 2017 4410 
8218 67 369 2933 
8219 2458 4399 4400 
8220 4399 3687 4400 
8221 432 434 2992 
8222 434 433 435 
8223 2925 2924 2926 
8224 382 2932 4430 
8225 4429 2930 4431 
8226 432 433 434 
8227 412 2930 4429 
8228 112 113 364 
8229 114 115 844 
8230 829 433 4429 
8231 66 67 2933 
8232 123 124 4415 
8233 149 150 4419 
8234 46 47 4416 
8235 151 152 4417 
8236 93 94 4413 
8237 153 154 4424 
8238 104 105 4420 
8239 119 120 1532 
8240 69 70 1518 
8241 73 74 1482 
8242 71 72 359 
8243 75 76 408 
8244 140 141 376 
8245 74 75 4423 
8246 132 133 1477 
8247 94 95 406 
8248 167 168 431 
8249 169 170 1883 
8250 85 86 843 
8251 96 97 1542 
8252 24 25 423 
8253 48 49 415 
8254 130 131 394 
8255 138 139 1478 
8256 103 104 398 
8257 110 111 1476 
8258 100 101 427 
8259 158 159 405 
8260 38 39 355 
8261 156 157 1479 
8262 117 118 375 
8263 150 151 393 
8264 148 149 1645 
8265 152 153 1484 
8266 154 155 400 
8267 145 146 382 
8268 107 108 357 
8269 33 34 373 
8270 79 80 425 
8271 92 93 1485 
8272 90 91 354 
8273 164 165 421 
8274 51 52 356 
8275 82 83 358 
8276 45 46 349 
8277 53 54 1512 
8278 122 123 381 
8279 105 106 1480 
8280 135 136 380 
8281 128 129 1486 
8282 27 28 402 
8283 22 23 1865 
8284 36 37 1481 
8285 57 58 865 
8286 62 63 1483 
8287 60 61 370 
8288 64 65 413 
8289 168 169 4425 
8290 95 96 4422 
8291 21 22 4427 
8292 47 48 4414 
8293 155 156 4426 
8294 37 38 4418 
8295 65 66 4421 
8296 70 71 4428 
8297 67 68 369 
8298 2600 3008 4431 
8299 366 2924 2925 
8300 369 68 2865 
8301 55 56 366 
8302 426 325 4616 
8303 366 56 2924 
8304 55 366 2868 
8305 59 60 4454 
8306 247 248 386 
8307 1645 149 4419 
8308 152 1484 4417 
8309 381 123 4415 
8310 47 4414 4416 
8311 105 1480 4420 
8312 1482 74 4423 
8313 169 1883 4425 
8314 1485 93 4413 
8315 150 393 4419 
8316 400 155 4426 
8317 94 406 4413 
8318 349 46 4416 
8319 154 400 4424 
8320 96 1542 4422 
8321 1484 153 4424 
8322 71 359 4428 
8323 1481 37 4418 
8324 398 104 4420 
8325 393 151 4417 
8326 75 408 4423 
8327 431 168 4425 
8328 406 95 4422 
8329 22 1865 4427 
8330 48 415 4414 
8331 38 355 4418 
8332 156 1479 4426 
8333 413 65 4421 
8334 1518 70 4428 
8335 3008 829 4429 
8336 66 2933 4421 
8337 137 138 4455 
8338 147 148 4456 
8339 144 145 4430 
8340 432 412 433 
8341 145 382 4430 
8342 142 143 412 
8343 2886 4551 4722 
8344 341 342 395 
8345 3008 4429 4431 
8346 142 412 432 
8347 412 143 2930 
8348 239 240 4435 
8349 309 310 4444 
8350 346 347 1488 
8351 283 284 353 
8352 279 280 403 
8353 339 340 1496 
8354 328 329 404 
8355 319 320 1499 
8356 324 325 426 
8357 332 333 367 
8358 286 287 1491 
8359 345 346 4432 
8360 244 245 416 
8361 314 315 1535 
8362 344 345 410 
8363 330 331 1487 
8364 321 322 360 
8365 333 334 4440 
8366 298 299 1494 
8367 296 297 362 
8368 257 258 4436 
8369 222 223 1506 
8370 220 221 374 
8371 202 203 387 
8372 263 264 1892 
8373 255 256 385 
8374 210 211 1492 
8375 204 205 1493 
8376 207 208 384 
8377 310 311 409 
8378 266 267 372 
8379 304 305 1498 
8380 293 294 867 
8381 306 307 352 
8382 301 302 361 
8383 253 254 1567 
8384 308 309 1489 
8385 236 237 371 
8386 231 232 1541 
8387 241 242 379 
8388 233 234 417 
8389 238 239 1495 
8390 288 289 363 
8391 215 216 419 
8392 212 213 378 
8393 258 259 418 
8394 249 250 1519 
8395 271 272 368 
8396 250 251 4437 
8397 261 262 377 
8398 274 275 430 
8399 251 252 396 
8400 269 270 1534 
8401 199 200 429 
8402 316 317 350 
8403 224 225 399 
8404 281 282 1497 
8405 334 335 1490 
8406 227 228 428 
8407 337 338 383 
8408 237 238 4448 
8409 221 222 4438 
8410 273 274 4434 
8411 305 306 4443 
8412 287 288 4439 
8413 206 207 4441 
8414 320 321 4445 
8415 252 253 4447 
8416 225 226 4449 
8417 262 263 4450 
8418 347 348 4453 
8419 340 341 4433 
8420 219 220 4446 
8421 205 206 4451 
8422 254 255 4452 
8423 60 370 4454 
8424 138 1478 4455 
8425 148 1645 4456 
8426 3879 1482 4729 
8427 1854 4000 4458 
8428 2373 3072 4458 
8429 4191 399 4669 
8430 272 273 4457 
8431 3125 4638 4684 
8432 1679 1128 4459 
8433 1126 1637 4459 
8434 419 216 2919 
8435 346 1488 4432 
8436 222 1506 4438 
8437 1519 250 4437 
8438 371 237 4448 
8439 1491 287 4439 
8440 367 333 4440 
8441 1489 309 4444 
8442 253 1567 4447 
8443 1499 320 4445 
8444 310 409 4444 
8445 1495 239 4435 
8446 410 345 4432 
8447 334 1490 4440 
8448 251 396 4437 
8449 377 262 4450 
8450 255 385 4452 
8451 258 418 4436 
8452 207 384 4441 
8453 1496 340 4433 
8454 374 221 4438 
8455 306 352 4443 
8456 1498 305 4443 
8457 238 1495 4448 
8458 288 363 4439 
8459 399 225 4449 
8460 1493 205 4451 
8461 274 430 4434 
8462 396 252 4447 
8463 1488 347 4453 
8464 263 1892 4450 
8465 220 374 4446 
8466 321 360 4445 
8467 206 4441 4451 
8468 1567 254 4452 
8469 341 395 4433 
8470 273 4434 4457 
8471 368 272 4457 
8472 408 4554 4578 
8473 4000 2373 4458 
8474 246 247 2750 
8475 124 866 4415 
8476 3988 3987 4462 
8477 3362 3363 4462 
8478 87 88 391 
8479 1128 1126 4459 
8480 3455 2813 4463 
8481 4158 2487 4463 
8482 2763 2491 4465 
8483 64 413 4464 
8484 1483 63 4464 
8485 87 391 2877 
8486 1541 232 4461 
8487 233 417 4461 
8488 2516 4516 4572 
8489 290 291 2885 
8490 53 1512 4468 
8491 356 52 4468 
8492 312 313 2484 
8493 2854 384 4739 
8494 864 219 4446 
8495 2293 3368 4478 
8496 3163 3162 4478 
8497 3988 4436 4557 
8498 313 314 4492 
8499 4415 2749 4608 
8500 290 2885 2886 
8501 364 2814 4594 
8502 232 233 4461 
8503 3420 1679 4479 
8504 3950 3949 4479 
8505 199 429 2914 
8506 2714 2712 4482 
8507 3948 1810 4482 
8508 3987 3362 4462 
8509 4436 418 4557 
8510 323 3165 4745 
8511 2857 2125 4507 
8512 107 357 4481 
8513 1480 106 4481 
8514 230 231 4642 
8515 2487 3455 4463 
8516 63 64 4464 
8517 2491 2510 4465 
8518 2856 3077 4467 
8519 125 126 2873 
8520 3045 2949 4486 
8521 2787 2786 4486 
8522 3272 3270 4544 
8523 2825 2693 4487 
8524 4411 2755 4487 
8525 27 402 4488 
8526 362 297 4483 
8527 298 1494 4483 
8528 214 215 4490 
8529 51 356 4489 
8530 224 399 4485 
8531 1506 223 4485 
8532 52 53 4468 
8533 416 245 4484 
8534 30 31 389 
8535 379 242 4491 
8536 2484 313 4492 
8537 276 277 351 
8538 2717 2912 4511 
8539 1489 3484 4540 
8540 3162 2293 4478 
8541 3186 3185 4509 
8542 2706 2707 4494 
8543 4174 4176 4494 
8544 2835 3594 4495 
8545 389 31 2797 
8546 30 389 2912 
8547 3387 2463 4496 
8548 284 285 4497 
8549 2832 2835 4498 
8550 351 277 2768 
8551 276 351 2838 
8552 3053 4492 4692 
8553 3949 3420 4479 
8554 77 78 2479 
8555 2843 2844 4460 
8556 2769 4446 4651 
8557 106 107 4481 
8558 2712 3948 4482 
8559 180 181 407 
8560 175 176 1502 
8561 188 189 397 
8562 195 196 420 
8563 190 191 1503 
8564 173 174 2709 
8565 182 183 1501 
8566 177 178 424 
8567 192 193 390 
8568 197 198 1868 
8569 184 185 401 
8570 186 187 1504 
8571 189 190 4470 
8572 183 184 4469 
8573 191 192 4472 
8574 181 182 4471 
8575 174 175 4473 
8576 372 3452 4598 
8577 228 229 4723 
8578 245 246 4484 
8579 1519 4437 4480 
8580 19 20 4474 
8581 5 6 4477 
8582 8 9 422 
8583 11 12 392 
8584 13 14 1508 
8585 15 16 411 
8586 6 7 1555 
8587 18 19 859 
8588 12 13 4475 
8589 14 15 4476 
8590 2748 3037 4579 
8591 375 118 4500 
8592 119 1532 4500 
8593 297 298 4483 
8594 2608 2718 4501 
8595 4496 2774 4742 
8596 2498 2869 4725 
8597 4474 4612 4703 
8598 4465 2510 4466 
8599 3367 3950 4643 
8600 3416 415 4697 
8601 223 224 4485 
8602 2949 2787 4486 
8603 84 2920 4504 
8604 2693 4411 4487 
8605 26 27 4488 
8606 2874 423 4589 
8607 425 2857 4524 
8608 326 327 2482 
8609 50 51 4489 
8610 3033 3586 4626 
8611 242 243 4491 
8612 215 419 4490 
8613 370 3033 4626 
8614 2876 423 4747 
8615 2758 2876 4747 
8616 2485 2887 4599 
8617 2872 1502 4601 
8618 2815 4439 4675 
8619 358 83 4504 
8620 314 1535 4492 
8621 3203 3202 4505 
8622 2764 2855 4748 
8623 2855 384 4748 
8624 1892 264 4503 
8625 422 3401 4493 
8626 4446 374 4651 
8627 2533 2536 4508 
8628 364 113 4559 
8629 3543 3544 4596 
8630 4557 418 4606 
8631 3154 3155 4563 
8632 4162 4532 4533 
8633 3185 3188 4509 
8634 2038 3469 4509 
8635 2332 2717 4511 
8636 2783 2330 4511 
8637 327 328 4549 
8638 128 1486 4510 
8639 3144 2767 4514 
8640 2873 2786 4702 
8641 4434 430 4508 
8642 2500 2766 4516 
8643 3102 2585 4517 
8644 3960 2481 4518 
8645 2707 4174 4494 
8646 2827 1483 4756 
8647 2770 2827 4756 
8648 101 102 4519 
8649 3176 3178 4522 
8650 2792 2494 4522 
8651 4649 3110 4650 
8652 36 1481 4520 
8653 2926 2468 4664 
8654 3594 3823 4495 
8655 2809 2935 4499 
8656 388 127 4510 
8657 2900 358 4573 
8658 3452 372 4638 
8659 2463 2774 4496 
8660 257 4436 4523 
8661 385 256 4523 
8662 356 2884 4682 
8663 4161 4162 4533 
8664 353 284 4497 
8665 2019 3753 4528 
8666 2836 2832 4498 
8667 7 8 4493 
8668 2916 2820 4679 
8669 2817 4491 4636 
8670 3751 421 4661 
8671 2245 2246 4527 
8672 3367 4643 4690 
8673 2709 174 4473 
8674 397 189 4470 
8675 190 1503 4470 
8676 1501 183 4469 
8677 192 390 4472 
8678 184 401 4469 
8679 407 181 4471 
8680 182 1501 4471 
8681 1503 191 4472 
8682 175 1502 4473 
8683 2866 1518 4587 
8684 3852 1497 4732 
8685 353 3852 4732 
8686 379 2897 4586 
8687 3469 3318 4611 
8688 194 195 4515 
8689 4276 3546 4525 
8690 2020 2019 4528 
8691 3155 2515 4528 
8692 4423 2779 4729 
8693 13 1508 4475 
8694 6 1555 4477 
8695 859 19 4474 
8696 15 411 4476 
8697 1508 14 4476 
8698 392 12 4475 
8699 2808 2809 4499 
8700 118 119 4500 
8701 260 261 4530 
8702 2800 4213 4533 
8703 2154 4161 4533 
8704 4135 2608 4501 
8705 355 39 4534 
8706 2869 2866 4725 
8707 3053 4135 4535 
8708 2493 2593 4618 
8709 1535 315 4531 
8710 316 350 4531 
8711 3942 3943 4537 
8712 2815 2816 4537 
8713 3194 1494 4591 
8714 3387 4496 4575 
8715 2869 2498 4632 
8716 4507 2479 4524 
8717 114 844 4559 
8718 3227 3047 4538 
8719 3044 3045 4538 
8720 407 2864 4674 
8721 2754 2505 4539 
8722 2793 2488 4542 
8723 2492 2763 4502 
8724 352 307 4540 
8725 308 1489 4540 
8726 4176 4175 4700 
8727 3178 3179 4731 
8728 1555 7 4493 
8729 8 422 4493 
8730 1487 331 4541 
8731 332 367 4541 
8732 2906 2866 4587 
8733 120 121 4544 
8734 3071 2818 4546 
8735 3336 2739 4547 
8736 4438 1506 4539 
8737 402 28 4545 
8738 2760 2706 4584 
8739 352 3485 4704 
8740 4448 1495 4517 
8741 2887 2485 4750 
8742 2900 2802 4640 
8743 266 372 4548 
8744 264 265 4503 
8745 3316 3960 4552 
8746 3853 3040 4562 
8747 2507 2720 4551 
8748 3165 3164 4745 
8749 3484 1489 4660 
8750 4471 1501 4566 
8751 2482 327 4549 
8752 4450 2759 4737 
8753 83 84 4504 
8754 2302 2304 4555 
8755 1637 3896 4555 
8756 2881 414 4604 
8757 3785 3988 4557 
8758 4508 430 4550 
8759 1865 23 4556 
8760 24 423 4556 
8761 2871 2907 4513 
8762 3110 3109 4560 
8763 2519 2772 4561 
8764 3837 3836 4561 
8765 3542 1504 4568 
8766 3040 3039 4562 
8767 3202 2701 4505 
8768 4427 1865 4612 
8769 3607 2879 4694 
8770 358 2900 4640 
8771 2814 2915 4512 
8772 3464 2864 4566 
8773 319 1499 4558 
8774 1535 4531 4583 
8775 4499 2509 4676 
8776 1486 129 4565 
8777 130 394 4565 
8778 2803 4475 4635 
8779 164 421 4567 
8780 236 371 4529 
8781 429 200 4564 
8782 2125 2757 4507 
8783 2499 2540 4569 
8784 392 2843 4629 
8785 2531 2533 4508 
8786 424 178 4506 
8787 2482 3317 4616 
8788 3006 2849 4536 
8789 336 337 4570 
8790 4535 409 4656 
8791 3950 4480 4643 
8792 4496 411 4575 
8793 3756 4442 4689 
8794 3930 3929 4573 
8795 4046 2900 4573 
8796 3188 2038 4509 
8797 2703 2449 4574 
8798 127 128 4510 
8799 2848 2849 4693 
8800 2330 2332 4511 
8801 2503 4005 4576 
8802 4175 3432 4576 
8803 3164 2512 4577 
8804 2702 2906 4587 
8805 2757 3284 4578 
8806 2897 379 4749 
8807 3401 422 4641 
8808 384 2854 4748 
8809 2593 3144 4514 
8810 73 1482 4581 
8811 359 72 4581 
8812 3037 295 4579 
8813 296 362 4579 
8814 420 4467 4569 
8815 4467 3077 4569 
8816 178 179 4506 
8817 1500 163 4567 
8818 2516 2500 4516 
8819 2885 2887 4654 
8820 2704 2799 4585 
8821 2585 3136 4517 
8822 202 387 4582 
8823 4128 3229 4588 
8824 3226 3227 4588 
8825 2911 1671 4614 
8826 4502 2876 4736 
8827 2481 3165 4518 
8828 4628 4152 4744 
8829 4006 2523 4591 
8830 4140 3194 4591 
8831 4074 3330 4592 
8832 423 25 4589 
8833 3365 3367 4690 
8834 2511 2856 4521 
8835 35 36 4520 
8836 300 301 4590 
8837 427 101 4519 
8838 343 344 4595 
8839 3115 3121 4598 
8840 3452 3117 4598 
8841 2494 3176 4522 
8842 1476 111 4594 
8843 2495 2485 4599 
8844 112 364 4594 
8845 867 3036 4655 
8846 4435 240 4586 
8847 241 379 4586 
8848 256 257 4523 
8849 2773 4276 4525 
8850 414 2883 4706 
8851 235 236 4529 
8852 348 1 4571 
8853 166 3754 4661 
8854 108 109 4603 
8855 339 1496 4593 
8856 383 338 4593 
8857 4497 285 4673 
8858 4477 1555 4627 
8859 2474 4649 4650 
8860 4466 2510 4575 
8861 2780 2537 4606 
8862 4541 367 4658 
8863 4475 1508 4635 
8864 3614 3273 4608 
8865 3759 3758 4610 
8866 2524 4048 4610 
8867 102 103 4609 
8868 1 5 4571 
8869 2541 3252 4613 
8870 45 349 4614 
8871 116 117 4615 
8872 2857 4507 4524 
8873 4454 370 4626 
8874 4640 2802 4716 
8875 1671 44 4614 
8876 3165 323 4672 
8877 2784 2783 4526 
8878 2852 2850 4603 
8879 2789 2790 4619 
8880 2868 366 4618 
8881 394 131 4621 
8882 132 1477 4621 
8883 335 336 4620 
8884 1480 4481 4687 
8885 2695 2749 4622 
8886 2346 3951 4623 
8887 195 420 4515 
8888 1865 4502 4612 
8889 3754 3751 4661 
8890 90 354 4625 
8891 395 342 4602 
8892 4162 354 4648 
8893 4472 2772 4663 
8894 4002 3337 4634 
8895 3671 3670 4634 
8896 2755 2792 4726 
8897 121 122 4633 
8898 3063 2578 4583 
8899 4503 265 4548 
8900 98 99 2474 
8901 2774 2775 4635 
8902 311 312 4656 
8903 1487 3186 4717 
8904 2819 89 4625 
8905 227 428 4630 
8906 4449 226 4630 
8907 204 1493 4631 
8908 387 203 4631 
8909 2246 2507 4527 
8910 4421 2933 4592 
8911 229 2517 4723 
8912 229 230 2517 
8913 2517 230 4642 
8914 26 4488 4589 
8915 4500 1532 4709 
8916 4198 3401 4641 
8917 1482 4423 4729 
8918 82 358 4640 
8919 4315 2672 4644 
8920 3543 401 4751 
8921 2743 4128 4645 
8922 2820 2742 4645 
8923 244 416 4636 
8924 2518 4163 4646 
8925 2794 3577 4651 
8926 3757 3759 4652 
8927 372 267 4638 
8928 2849 2847 4536 
8929 3365 4690 4738 
8930 2511 4521 4542 
8931 2780 4606 4653 
8932 92 1485 4648 
8933 354 91 4648 
8934 2531 4508 4550 
8935 180 407 4553 
8936 2515 2020 4528 
8937 100 427 4755 
8938 259 260 4653 
8939 4566 1501 4701 
8940 3179 3181 4658 
8941 2719 3484 4660 
8942 1542 97 4753 
8943 109 110 4657 
8944 1476 2910 4657 
8945 421 165 4661 
8946 2022 2493 4664 
8947 4463 2813 4728 
8948 2741 3671 4529 
8949 4481 4338 4687 
8950 2818 2711 4667 
8951 2878 2877 4543 
8952 115 116 4666 
8953 293 867 4655 
8954 2752 4191 4669 
8955 312 2484 4656 
8956 370 61 4670 
8957 62 1483 4670 
8958 261 377 4530 
8959 289 290 4722 
8960 315 316 4531 
8961 3943 4497 4673 
8962 1477 133 4679 
8963 3136 2723 4681 
8964 2884 4200 4682 
8965 4459 1637 4713 
8966 365 292 4655 
8967 403 3853 4562 
8968 2799 2800 4532 
8969 4550 2838 4662 
8970 324 426 4672 
8971 3193 2745 4686 
8972 2822 2821 4687 
8973 286 1491 4673 
8974 2694 2780 4688 
8975 2006 3756 4689 
8976 4213 2154 4533 
8977 2485 2243 4750 
8978 4234 2897 4749 
8979 39 40 4534 
8980 3546 3540 4696 
8981 1504 187 4568 
8982 188 397 4568 
8983 2765 3163 4699 
8984 844 4463 4728 
8985 2804 2843 4743 
8986 2714 4482 4536 
8987 2850 2851 4705 
8988 3270 2796 4709 
8989 4184 2771 4741 
8990 2578 3052 4583 
8991 415 49 4697 
8992 2758 3250 4736 
8993 3122 3125 4735 
8994 2756 2825 4715 
8995 2778 3879 4729 
8996 3607 2146 4720 
8997 2761 4157 4721 
8998 4097 2498 4725 
8999 2663 4226 4596 
9000 299 300 4698 
9001 350 317 4683 
9002 290 2886 4722 
9003 322 323 4745 
9004 2708 4152 4628 
9005 2862 4459 4713 
9006 269 1534 4684 
9007 425 80 4716 
9008 3163 2919 4605 
9009 3330 3329 4624 
9010 41 414 4706 
9011 10 11 4629 
9012 361 302 4700 
9013 2853 2709 4691 
9014 2816 3942 4537 
9015 4418 355 4546 
9016 384 208 4739 
9017 1497 282 4732 
9018 283 353 4732 
9019 404 329 4717 
9020 330 1487 4717 
9021 4435 2700 4665 
9022 4445 360 4577 
9023 4470 1503 4525 
9024 4460 2844 4641 
9025 2 21 4647 
9026 3047 3044 4538 
9027 4480 4437 4643 
9028 2505 2794 4539 
9029 406 2893 4585 
9030 2672 2497 4580 
9031 2910 2852 4657 
9032 2830 2836 4678 
9033 3336 4547 4707 
9034 20 2 4647 
9035 1679 4459 4668 
9036 4491 243 4636 
9037 307 308 4540 
9038 4498 395 4602 
9039 4449 2751 4669 
9040 2763 4465 4703 
9041 4460 10 4629 
9042 4572 4477 4627 
9043 2925 2926 4664 
9044 331 332 4541 
9045 2488 2511 4542 
9046 2795 4500 4709 
9047 4459 2862 4668 
9048 2786 2697 4702 
9049 2792 4522 4620 
9050 4531 3063 4583 
9051 177 424 4601 
9052 1502 176 4601 
9053 194 4515 4714 
9054 2702 4587 4671 
9055 4482 3006 4536 
9056 4465 859 4703 
9057 4157 4158 4615 
9058 4526 2783 4718 
9059 2894 2893 4740 
9060 1532 120 4544 
9061 43 1671 4604 
9062 28 29 4545 
9063 3072 3071 4546 
9064 2739 3713 4547 
9065 2760 4584 4704 
9066 50 4489 4697 
9067 3713 428 4723 
9068 3110 4560 4650 
9069 265 266 4548 
9070 4420 2821 4613 
9071 1493 4451 4733 
9072 17 18 4719 
9073 415 3417 4644 
9074 1504 3543 4751 
9075 4506 179 4553 
9076 3364 3365 4738 
9077 328 404 4549 
9078 2709 4473 4639 
9079 2529 2531 4550 
9080 2245 4527 4654 
9081 1489 4444 4660 
9082 4135 4501 4535 
9083 2887 365 4599 
9084 3102 4517 4665 
9085 342 343 4602 
9086 4466 17 4719 
9087 3317 3316 4552 
9088 16 17 4680 
9089 2303 2465 4710 
9090 4499 1500 4724 
9091 4650 1542 4753 
9092 2479 4507 4554 
9093 2864 2715 4674 
9094 2497 2837 4580 
9095 4446 2769 4699 
9096 3896 2302 4555 
9097 4529 371 4681 
9098 2808 4499 4724 
9099 4481 357 4705 
9100 23 24 4556 
9101 2750 2858 4607 
9102 4551 2720 4675 
9103 3184 4541 4658 
9104 1502 3153 4746 
9105 2538 3785 4557 
9106 17 4466 4680 
9107 3109 2894 4560 
9108 318 319 4558 
9109 113 114 4559 
9110 414 42 4604 
9111 3836 2519 4561 
9112 2517 3713 4723 
9113 426 4518 4672 
9114 179 180 4553 
9115 3039 3170 4562 
9116 402 4628 4744 
9117 4414 415 4644 
9118 2492 4502 4736 
9119 4425 1883 4563 
9120 186 1504 4751 
9121 401 185 4751 
9122 197 1868 4711 
9123 420 196 4711 
9124 390 193 4714 
9125 200 201 4564 
9126 2498 2699 4632 
9127 3465 3464 4566 
9128 129 130 4565 
9129 4158 4463 4666 
9130 2722 4506 4553 
9131 403 4562 4637 
9132 4563 1883 4691 
9133 163 164 4567 
9134 4475 2803 4743 
9135 4467 420 4711 
9136 3155 4528 4600 
9137 864 4446 4699 
9138 4338 4481 4705 
9139 4453 348 4571 
9140 2780 4530 4688 
9141 2792 4570 4726 
9142 427 4649 4755 
9143 3077 2499 4569 
9144 4543 2518 4646 
9145 4463 844 4666 
9146 359 2880 4671 
9147 381 4415 4608 
9148 2896 1519 4659 
9149 337 383 4570 
9150 375 4500 4721 
9151 4413 406 4585 
9152 3790 1499 4695 
9153 4445 4577 4695 
9154 187 188 4568 
9155 4585 2799 4754 
9156 4515 3837 4714 
9157 2858 2304 4710 
9158 3929 4046 4573 
9159 3586 2929 4626 
9160 4564 201 4582 
9161 423 2874 4747 
9162 1498 4443 4584 
9163 4427 4474 4647 
9164 2449 2525 4574 
9165 4522 1490 4620 
9166 2510 3387 4575 
9167 3432 2503 4576 
9168 4579 362 4686 
9169 2512 2710 4577 
9170 2784 4526 4693 
9171 3284 2779 4578 
9172 4639 4563 4691 
9173 4469 4226 4701 
9174 2538 4557 4606 
9175 295 296 4579 
9176 392 4475 4743 
9177 2754 4539 4708 
9178 72 73 4581 
9179 349 4416 4580 
9180 2741 4529 4681 
9181 1500 4499 4676 
9182 201 202 4582 
9183 3485 2760 4704 
9184 379 4491 4749 
9185 399 4449 4669 
9186 4654 2887 4750 
9187 4422 1542 4740 
9188 4006 4591 4698 
9189 3052 3053 4692 
9190 2767 2884 4685 
9191 2706 4494 4584 
9192 4507 2757 4554 
9193 4517 1495 4665 
9194 4547 1541 4707 
9195 4473 1502 4746 
9196 4534 40 4706 
9197 2826 2770 4756 
9198 2773 4525 4663 
9199 2893 2704 4585 
9200 5 4477 4571 
9201 240 241 4586 
9202 1518 4428 4587 
9203 3229 3226 4588 
9204 25 26 4589 
9205 2921 2871 4597 
9206 4520 1481 4667 
9207 2529 4550 4662 
9208 4494 1498 4584 
9209 2523 4140 4591 
9210 2699 4074 4592 
9211 301 361 4590 
9212 4562 3170 4637 
9213 4525 1503 4663 
9214 4500 2795 4721 
9215 3544 2663 4596 
9216 4574 2525 4617 
9217 4527 2886 4654 
9218 111 112 4594 
9219 338 339 4593 
9220 3117 3115 4598 
9221 2871 4513 4597 
9222 4527 2507 4551 
9223 344 410 4595 
9224 2884 4468 4685 
9225 3036 2495 4599 
9226 398 4420 4613 
9227 2720 2815 4675 
9228 4491 2798 4749 
9229 357 108 4603 
9230 408 76 4712 
9231 373 2898 4677 
9232 161 162 4676 
9233 42 43 4604 
9234 2509 161 4676 
9235 218 864 4605 
9236 2537 2538 4606 
9237 2919 217 4605 
9238 2749 3614 4608 
9239 4509 3469 4611 
9240 176 177 4601 
9241 3758 2524 4610 
9242 103 398 4609 
9243 318 4558 4683 
9244 4688 377 4737 
9245 4601 424 4741 
9246 217 218 4605 
9247 2836 4595 4678 
9248 4514 2767 4685 
9249 2821 2541 4613 
9250 44 45 4614 
9251 3465 4566 4701 
9252 2703 2899 4637 
9253 2929 4454 4626 
9254 4606 418 4653 
9255 117 375 4615 
9256 2525 2527 4617 
9257 3329 2826 4624 
9258 2700 3102 4665 
9259 4546 355 4727 
9260 4560 1542 4650 
9261 2717 2708 4628 
9262 2790 3110 4619 
9263 4528 3753 4600 
9264 366 2925 4618 
9265 3401 3400 4752 
9266 3179 4658 4731 
9267 2854 2764 4748 
9268 4489 356 4682 
9269 131 132 4621 
9270 4191 2754 4708 
9271 4577 2710 4695 
9272 1490 335 4620 
9273 2878 4646 4694 
9274 4559 844 4728 
9275 4583 3052 4692 
9276 363 4551 4675 
9277 402 4545 4628 
9278 2697 2695 4622 
9279 4587 4428 4671 
9280 2826 4464 4624 
9281 3400 2516 4627 
9282 2836 4498 4602 
9283 3951 2468 4623 
9284 2714 4536 4677 
9285 89 90 4625 
9286 2847 373 4677 
9287 4464 413 4624 
9288 99 100 4755 
9289 97 98 4753 
9290 4652 1493 4733 
9291 226 227 4630 
9292 4442 3756 4733 
9293 4536 2847 4677 
9294 203 204 4631 
9295 3670 4002 4634 
9296 122 381 4633 
9297 377 4450 4737 
9298 76 77 4712 
9299 3072 4546 4727 
9300 4639 4473 4746 
9301 2775 2803 4635 
9302 4617 2527 4662 
9303 3317 4552 4616 
9304 2465 4607 4710 
9305 2898 2714 4677 
9306 21 4427 4647 
9307 3170 2703 4637 
9308 859 4465 4719 
9309 4485 4191 4708 
9310 3415 4489 4682 
9311 243 244 4636 
9312 2713 4520 4667 
9313 2772 2773 4663 
9314 267 268 4638 
9315 4568 397 4696 
9316 4465 4466 4719 
9317 2844 4198 4641 
9318 81 82 4640 
9319 2912 389 4718 
9320 4539 1506 4708 
9321 2874 2758 4747 
9322 4502 2763 4612 
9323 3417 4315 4644 
9324 231 1541 4642 
9325 3186 4509 4611 
9326 2742 2743 4645 
9327 4437 396 4643 
9328 4163 2147 4646 
9329 1499 4445 4695 
9330 4479 1679 4668 
9331 4530 377 4688 
9332 11 392 4629 
9333 91 92 4648 
9334 2715 2722 4674 
9335 3577 2769 4651 
9336 3756 3757 4652 
9337 1637 4555 4713 
9338 2880 2702 4671 
9339 418 259 4653 
9340 3337 3336 4707 
9341 2843 4460 4629 
9342 355 4534 4727 
9343 2879 2878 4694 
9344 292 293 4655 
9345 3181 3184 4658 
9346 110 1476 4657 
9347 2718 2719 4660 
9348 409 311 4656 
9349 165 166 4661 
9350 2527 2529 4662 
9351 4584 4443 4704 
9352 2774 4635 4742 
9353 2886 2885 4654 
9354 4432 2766 4730 
9355 2468 2022 4664 
9356 1500 4567 4724 
9357 1501 4469 4701 
9358 4493 3401 4752 
9359 1542 4560 4740 
9360 4638 268 4684 
9361 1512 4514 4685 
9362 4461 3337 4707 
9363 2862 2863 4668 
9364 4551 363 4722 
9365 4554 408 4712 
9366 844 115 4666 
9367 2711 2713 4667 
9368 1541 4547 4642 
9369 1495 4435 4665 
9370 77 2479 4712 
9371 2751 2752 4669 
9372 2863 4479 4668 
9373 4646 2147 4694 
9374 61 62 4670 
9375 4643 396 4690 
9376 2828 2830 4678 
9377 4428 359 4671 
9378 323 324 4672 
9379 81 4640 4716 
9380 285 286 4673 
9381 4413 4585 4754 
9382 2346 4623 4734 
9383 4466 4575 4680 
9384 2892 3072 4727 
9385 162 1500 4676 
9386 4439 363 4675 
9387 133 134 4679 
9388 4474 20 4647 
9389 1519 4480 4659 
9390 859 4474 4703 
9391 2748 4579 4686 
9392 4152 2875 4744 
9393 2723 2741 4681 
9394 4200 3415 4682 
9395 2878 4543 4646 
9396 317 318 4683 
9397 4511 2912 4718 
9398 2745 2748 4686 
9399 268 269 4684 
9400 4468 1512 4685 
9401 4338 2822 4687 
9402 4193 2694 4688 
9403 2304 2303 4710 
9404 3476 2006 4689 
9405 3005 2784 4693 
9406 2860 2862 4713 
9407 2147 3607 4694 
9408 2710 3790 4695 
9409 3540 3542 4696 
9410 396 4447 4690 
9411 49 50 4697 
9412 2769 2765 4699 
9413 1494 299 4698 
9414 302 303 4700 
9415 4226 3465 4701 
9416 2851 4338 4705 
9417 40 41 4706 
9418 2796 2795 4709 
9419 4193 4688 4737 
9420 4451 4442 4733 
9421 4443 352 4704 
9422 1506 4485 4708 
9423 1541 4461 4707 
9424 1503 4472 4663 
9425 2783 4511 4718 
9426 3823 2756 4715 
9427 411 16 4680 
9428 80 81 4716 
9429 2828 4678 4730 
9430 4690 4447 4738 
9431 2766 2828 4730 
9432 2146 3930 4720 
9433 2795 2761 4721 
9434 329 330 4717 
9435 4553 407 4674 
9436 2875 4488 4744 
9437 363 289 4722 
9438 3750 2808 4724 
9439 4678 410 4730 
9440 2110 4097 4725 
9441 4487 2755 4726 
9442 4518 3165 4672 
9443 4545 2717 4628 
9444 2813 2812 4728 
9445 428 228 4723 
9446 2779 2778 4729 
9447 4552 426 4616 
9448 2927 2929 4734 
9449 3124 3122 4735 
9450 3250 2492 4736 
9451 2759 4193 4737 
9452 2872 4601 4741 
9453 1535 4583 4692 
9454 282 283 4732 
9455 2771 2872 4741 
9456 410 4432 4730 
9457 2803 2804 4743 
9458 208 209 4739 
9459 4591 1494 4698 
9460 367 4440 4731 
9461 3153 3154 4746 
9462 4488 402 4744 
9463 2798 4234 4749 
9464 2243 2245 4750 
9465 196 197 4711 
9466 4619 3110 4649 
9467 4447 1567 4738 
9468 193 194 4714 
9469 1485 4413 4754 
9470 360 322 4745 
9471 2516 4572 4627 
9472 4492 1535 4692 
9473 2484 4535 4656 
9474 383 4487 4726 
9475 185 186 4751 
9476 18 859 4719 
9477 3542 4568 4696 
9478 4532 1485 4754 
9479 4622 866 4702 
9480 4534 2892 4727 
9481 2799 4532 4754 
9482 3154 4563 4639 
9483 2812 4559 4728 
9484 1508 4476 4742 
9485 1555 4493 4752 
9486 4555 2860 4713 
9487 2722 4553 4674 
9488 4567 3750 4724 
9489 2245 4654 4750 
9490 427 4619 4649 
9491 3154 4639 4746 
9492 4575 411 4680 
9493 2479 4554 4712 
9494 4595 410 4678 
9495 98 2474 4753 
9496 4658 367 4731 
9497 2474 99 4755 
9498 4570 383 4726 
9499 4560 2894 4740 
9500 2709 4639 4691 
9501 4607 2858 4710 
9502 4612 2763 4703 
9503 3400 4627 4752 
9504 4627 1555 4752 
9505 2697 4622 4702 
9506 4635 1508 4742 
9507 2474 4650 4753 
9508 4623 2927 4734 
9509 3756 4652 4733 
9510 4649 2474 4755 
$EndElements
$Projection
WKT
PROJCS["TWD97 / TM2 zone 121",GEOGCS["TWD97",DATUM["Taiwan_Datum_1997",SPHEROID["GRS 1980",6378137,298.257222101,AUTHORITY["EPSG","7019"]],AUTHORITY["EPSG","1026"]],PRIMEM["Greenwich",0,AUTHORITY["EPSG","8901"]],UNIT["degree",0.0174532925199433,AUTHORITY["EPSG","9122"]],AUTHORITY["EPSG","3824"]],PROJECTION["Transverse_Mercator"],PARAMETER["latitude_of_origin",0],PARAMETER["central_meridian",121],PARAMETER["scale_factor",0.9999],PARAMETER["false_easting",250000],PARAMETER["false_northing",0],UNIT["metre",1,AUTHORITY["EPSG","9001"]],AXIS["Easting",EAST],AXIS["Northing",NORTH],AUTHORITY["EPSG","3826"]]
$EndProjection
